iteration,timestamp,aboxSizeOblig,queryKeyword,elapsedTimeInMillis,memoryUsedInKB,tboxLoadMs,aboxLoadMs,contextBuildMs,inferenceMs,queryMs,gcCount,gcTimeMs
1,01/08/2026 08:14,9,OBLIGATION_STATE,2192,95742,780,50,0,903,457,2,31
2,01/08/2026 08:14,9,OBLIGATION_STATE,2188,95718,770,33,0,924,460,2,30
3,01/08/2026 08:14,9,OBLIGATION_STATE,2252,95158,768,32,0,1000,449,2,26
4,01/08/2026 08:14,9,OBLIGATION_STATE,2276,95549,819,43,0,953,459,2,27
5,01/08/2026 08:14,9,OBLIGATION_STATE,2326,95605,822,43,0,995,463,2,26
6,01/08/2026 08:15,9,OBLIGATION_STATE,2150,96408,771,33,0,889,455,2,31
7,01/08/2026 08:15,9,OBLIGATION_STATE,2222,95798,796,42,0,922,460,2,24
8,01/08/2026 08:15,9,OBLIGATION_STATE,2176,95525,772,34,0,906,461,2,31
9,01/08/2026 08:15,9,OBLIGATION_STATE,2328,96255,849,35,0,986,456,2,39
10,01/08/2026 08:15,9,OBLIGATION_STATE,2175,95710,774,32,1,899,467,2,27
11,01/08/2026 08:15,9,OBLIGATION_STATE,2252,95702,783,35,0,962,469,2,36
12,01/08/2026 08:15,9,OBLIGATION_STATE,2304,95767,823,46,0,984,449,2,27
13,01/08/2026 08:15,9,OBLIGATION_STATE,2163,95766,771,36,0,897,456,2,26
14,01/08/2026 08:15,9,OBLIGATION_STATE,2167,95437,770,32,0,903,460,2,27
15,01/08/2026 08:15,9,OBLIGATION_STATE,2217,95750,795,42,0,928,449,2,29
16,01/08/2026 08:15,9,OBLIGATION_STATE,2184,95413,777,32,0,897,476,2,33
17,01/08/2026 08:15,9,OBLIGATION_STATE,2190,100811,780,35,0,913,460,2,29
18,01/08/2026 08:15,9,OBLIGATION_STATE,2163,95461,780,32,0,895,454,2,29
19,01/08/2026 08:15,9,OBLIGATION_STATE,2167,96472,773,33,0,901,459,2,25
20,01/08/2026 08:15,9,OBLIGATION_STATE,2307,100675,858,39,0,947,460,2,33
21,01/08/2026 08:15,9,OBLIGATION_STATE,2199,95030,769,36,0,928,463,2,32
22,01/08/2026 08:15,9,OBLIGATION_STATE,2183,90663,771,35,0,914,461,2,31
23,01/08/2026 08:15,9,OBLIGATION_STATE,2219,101116,796,52,0,920,448,2,27
24,01/08/2026 08:15,9,OBLIGATION_STATE,2163,101076,770,35,0,901,456,2,29
25,01/08/2026 08:15,9,OBLIGATION_STATE,2249,100755,817,40,0,934,456,2,25
26,01/08/2026 08:15,9,OBLIGATION_STATE,2214,100795,810,35,0,903,464,2,31
27,01/08/2026 08:15,9,OBLIGATION_STATE,2274,100722,771,33,0,1018,449,2,27
28,01/08/2026 08:15,9,OBLIGATION_STATE,2282,95872,769,32,0,1011,468,2,26
29,01/08/2026 08:15,9,OBLIGATION_STATE,2180,95829,769,33,0,918,458,2,25
30,01/08/2026 08:15,9,OBLIGATION_STATE,2180,100795,771,34,0,913,461,2,32
31,01/08/2026 08:16,9,OBLIGATION_STATE,2236,96512,818,48,0,904,463,2,33
32,01/08/2026 08:16,9,OBLIGATION_STATE,2263,101486,829,39,0,938,456,2,27
33,01/08/2026 08:16,9,OBLIGATION_STATE,2163,100731,772,33,0,896,459,2,30
34,01/08/2026 08:16,9,OBLIGATION_STATE,2174,95389,793,34,0,896,448,2,27
35,01/08/2026 08:16,9,OBLIGATION_STATE,2172,95798,778,33,0,897,463,2,32
36,01/08/2026 08:16,9,OBLIGATION_STATE,2301,95461,807,39,0,993,460,2,31
37,01/08/2026 08:16,9,OBLIGATION_STATE,2149,95758,767,35,0,884,461,2,25
38,01/08/2026 08:16,9,OBLIGATION_STATE,2207,100734,772,35,0,940,458,2,33
39,01/08/2026 08:16,9,OBLIGATION_STATE,2169,100699,779,34,0,897,457,2,31
40,01/08/2026 08:16,9,OBLIGATION_STATE,2210,100771,792,32,0,936,448,2,32
41,01/08/2026 08:16,9,OBLIGATION_STATE,2247,95050,779,33,0,912,521,2,27
42,01/08/2026 08:16,9,OBLIGATION_STATE,2168,95686,772,33,0,903,458,2,27
43,01/08/2026 08:16,9,OBLIGATION_STATE,2197,95573,774,33,0,937,451,2,32
44,01/08/2026 08:16,9,OBLIGATION_STATE,2167,95533,770,33,0,905,457,2,29
45,01/08/2026 08:16,9,OBLIGATION_STATE,2155,95158,772,33,0,892,456,2,34
46,01/08/2026 08:16,9,OBLIGATION_STATE,2207,95447,774,36,1,932,463,2,26
47,01/08/2026 08:16,9,OBLIGATION_STATE,2202,100755,784,35,0,921,460,2,32
48,01/08/2026 08:16,9,OBLIGATION_STATE,2214,105687,777,33,0,939,462,2,29
49,01/08/2026 08:16,9,OBLIGATION_STATE,2182,96150,773,32,0,918,456,2,33
50,01/08/2026 08:16,9,OBLIGATION_STATE,2170,95437,776,33,0,904,455,2,30
51,01/08/2026 08:16,9,OBLIGATION_STATE,2203,95718,769,32,0,933,467,2,28
52,01/08/2026 08:16,9,OBLIGATION_STATE,2172,100731,771,33,0,909,457,2,24
53,01/08/2026 08:16,9,OBLIGATION_STATE,2196,100698,816,41,0,890,448,2,28
54,01/08/2026 08:16,9,OBLIGATION_STATE,2168,100667,775,35,0,900,456,2,25
55,01/08/2026 08:16,9,OBLIGATION_STATE,2217,95301,776,35,0,945,459,2,28
56,01/08/2026 08:17,9,OBLIGATION_STATE,2231,96400,829,35,0,905,460,2,27
57,01/08/2026 08:17,9,OBLIGATION_STATE,2249,90756,774,35,0,978,460,2,27
58,01/08/2026 08:17,9,OBLIGATION_STATE,2170,95750,772,33,0,903,460,2,25
59,01/08/2026 08:17,9,OBLIGATION_STATE,2185,95413,776,33,0,911,462,2,32
60,01/08/2026 08:17,9,OBLIGATION_STATE,2224,95525,807,47,0,900,467,2,33
61,01/08/2026 08:17,9,OBLIGATION_STATE,2159,95437,770,34,1,892,461,2,27
62,01/08/2026 08:17,9,OBLIGATION_STATE,2192,100747,780,34,0,917,458,2,27
63,01/08/2026 08:17,9,OBLIGATION_STATE,2171,95501,777,33,0,901,458,2,24
64,01/08/2026 08:17,9,OBLIGATION_STATE,2173,91091,768,35,0,896,471,2,31
65,01/08/2026 08:17,9,OBLIGATION_STATE,2220,95397,825,35,0,903,454,2,23
66,01/08/2026 08:17,9,OBLIGATION_STATE,2195,95421,771,35,0,926,461,2,26
67,01/08/2026 08:17,9,OBLIGATION_STATE,2157,95742,782,32,0,898,442,2,28
68,01/08/2026 08:17,9,OBLIGATION_STATE,2324,96108,826,53,0,983,460,2,25
69,01/08/2026 08:17,9,OBLIGATION_STATE,2201,95461,768,32,0,936,462,2,33
70,01/08/2026 08:17,9,OBLIGATION_STATE,2175,95742,771,35,0,901,465,2,28
71,01/08/2026 08:17,9,OBLIGATION_STATE,2232,95607,812,35,0,926,457,2,24
72,01/08/2026 08:17,9,OBLIGATION_STATE,2201,95813,775,35,0,929,459,2,32
73,01/08/2026 08:17,9,OBLIGATION_STATE,2209,101116,775,35,0,931,466,2,24
74,01/08/2026 08:17,9,OBLIGATION_STATE,2158,94790,782,35,0,892,447,2,33
75,01/08/2026 08:17,9,OBLIGATION_STATE,2192,94968,767,32,0,937,454,2,36
76,01/08/2026 08:17,9,OBLIGATION_STATE,2265,96117,815,40,0,945,464,2,28
77,01/08/2026 08:17,9,OBLIGATION_STATE,2209,90254,767,34,0,950,456,2,30
78,01/08/2026 08:17,9,OBLIGATION_STATE,2159,95702,774,32,0,897,453,2,25
79,01/08/2026 08:17,9,OBLIGATION_STATE,2174,100723,779,34,0,896,463,2,27
80,01/08/2026 08:17,9,OBLIGATION_STATE,2216,100787,775,35,0,949,455,2,29
81,01/08/2026 08:18,9,OBLIGATION_STATE,2258,95094,771,33,0,988,464,2,25
82,01/08/2026 08:18,9,OBLIGATION_STATE,2149,95397,771,34,0,891,451,2,24
83,01/08/2026 08:18,9,OBLIGATION_STATE,2201,95758,778,35,0,929,456,2,28
84,01/08/2026 08:18,9,OBLIGATION_STATE,2218,95469,817,32,0,906,461,2,26
85,01/08/2026 08:18,9,OBLIGATION_STATE,2146,95429,769,35,0,886,454,2,28
86,01/08/2026 08:18,9,OBLIGATION_STATE,2264,95830,772,33,0,978,480,2,34
87,01/08/2026 08:18,9,OBLIGATION_STATE,2177,95718,768,35,0,914,458,2,32
88,01/08/2026 08:18,9,OBLIGATION_STATE,2155,95758,771,33,0,898,451,2,28
89,01/08/2026 08:18,9,OBLIGATION_STATE,2165,100667,773,32,0,902,456,2,35
90,01/08/2026 08:18,9,OBLIGATION_STATE,2293,94982,772,33,0,1030,456,2,37
91,01/08/2026 08:18,9,OBLIGATION_STATE,2191,100739,777,32,0,915,464,2,26
92,01/08/2026 08:18,9,OBLIGATION_STATE,2242,101100,820,36,0,920,463,2,29
93,01/08/2026 08:18,9,OBLIGATION_STATE,2163,101140,782,35,0,891,453,2,27
94,01/08/2026 08:18,9,OBLIGATION_STATE,2178,95528,779,32,0,900,464,2,36
95,01/08/2026 08:18,9,OBLIGATION_STATE,2263,95445,769,34,0,981,477,2,30
96,01/08/2026 08:18,9,OBLIGATION_STATE,2168,95718,773,35,0,910,448,2,30
97,01/08/2026 08:18,9,OBLIGATION_STATE,2262,96095,819,40,0,934,467,2,23
98,01/08/2026 08:18,9,OBLIGATION_STATE,2206,101148,777,33,0,927,466,2,31
99,01/08/2026 08:18,9,OBLIGATION_STATE,2256,95750,815,45,0,938,456,2,26
100,01/08/2026 08:18,9,OBLIGATION_STATE,2256,95453,824,49,0,928,453,2,26
101,01/08/2026 08:18,9,OBLIGATION_STATE,2196,100803,770,35,0,931,458,2,33
102,01/08/2026 08:18,9,OBLIGATION_STATE,2198,100730,788,36,0,914,458,2,23
103,01/08/2026 08:18,9,OBLIGATION_STATE,2182,95759,801,33,0,894,452,2,30
104,01/08/2026 08:18,9,OBLIGATION_STATE,2235,101124,773,35,0,974,452,2,31
105,01/08/2026 08:18,9,OBLIGATION_STATE,2226,101140,802,52,0,913,457,2,26
106,01/08/2026 08:19,9,OBLIGATION_STATE,2196,100707,772,34,0,927,461,2,32
107,01/08/2026 08:19,9,OBLIGATION_STATE,2194,100723,775,33,0,921,463,2,29
108,01/08/2026 08:19,9,OBLIGATION_STATE,2182,100795,782,32,0,904,462,2,39
109,01/08/2026 08:19,9,OBLIGATION_STATE,2183,91019,768,34,0,907,471,2,29
110,01/08/2026 08:19,9,OBLIGATION_STATE,2160,95445,771,33,0,898,455,2,36
111,01/08/2026 08:19,9,OBLIGATION_STATE,2161,95750,770,32,0,899,457,2,37
112,01/08/2026 08:19,9,OBLIGATION_STATE,2174,100731,774,32,0,910,456,2,32
113,01/08/2026 08:19,9,OBLIGATION_STATE,2215,90670,775,35,0,948,456,2,28
114,01/08/2026 08:19,9,OBLIGATION_STATE,2175,101084,774,35,1,900,463,2,30
115,01/08/2026 08:19,9,OBLIGATION_STATE,2293,100739,786,35,0,1005,466,2,35
116,01/08/2026 08:19,9,OBLIGATION_STATE,2171,95860,770,32,0,904,462,2,25
117,01/08/2026 08:19,9,OBLIGATION_STATE,2238,96262,808,37,0,934,457,2,33
118,01/08/2026 08:19,9,OBLIGATION_STATE,2183,95613,774,33,0,899,475,2,27
119,01/08/2026 08:19,9,OBLIGATION_STATE,2158,101124,773,32,0,899,453,2,29
120,01/08/2026 08:19,9,OBLIGATION_STATE,2162,95437,768,35,0,899,459,2,29
121,01/08/2026 08:19,9,OBLIGATION_STATE,2197,100714,769,43,0,930,453,2,25
122,01/08/2026 08:19,9,OBLIGATION_STATE,2173,100731,778,34,0,906,452,2,32
123,01/08/2026 08:19,9,OBLIGATION_STATE,2200,96175,770,33,0,934,460,2,37
124,01/08/2026 08:19,9,OBLIGATION_STATE,2299,94886,808,42,0,981,466,2,40
125,01/08/2026 08:19,9,OBLIGATION_STATE,2173,100715,780,33,0,906,451,2,27
126,01/08/2026 08:19,9,OBLIGATION_STATE,2214,100795,773,35,0,939,465,2,35
127,01/08/2026 08:19,9,OBLIGATION_STATE,2281,100762,810,44,0,969,456,2,29
128,01/08/2026 08:19,9,OBLIGATION_STATE,2167,95389,769,35,0,908,454,2,28
129,01/08/2026 08:19,9,OBLIGATION_STATE,2220,95485,776,35,0,943,463,2,36
130,01/08/2026 08:19,9,OBLIGATION_STATE,2234,101478,778,47,0,948,459,2,32
131,01/08/2026 08:20,9,OBLIGATION_STATE,2303,95774,774,42,0,1009,475,2,32
132,01/08/2026 08:20,9,OBLIGATION_STATE,2173,100754,776,32,0,897,466,2,34
133,01/08/2026 08:20,9,OBLIGATION_STATE,2183,95461,800,33,0,894,454,2,24
134,01/08/2026 08:20,9,OBLIGATION_STATE,2200,100731,773,35,0,921,468,2,35
135,01/08/2026 08:20,9,OBLIGATION_STATE,2178,95118,775,35,1,911,455,2,28
136,01/08/2026 08:20,9,OBLIGATION_STATE,2261,100778,821,49,0,929,459,2,27
137,01/08/2026 08:20,9,OBLIGATION_STATE,2172,96119,773,33,0,900,464,2,40
138,01/08/2026 08:20,9,OBLIGATION_STATE,2182,90995,769,35,0,898,478,2,24
139,01/08/2026 08:20,9,OBLIGATION_STATE,2257,94966,773,35,0,933,515,2,33
140,01/08/2026 08:20,9,OBLIGATION_STATE,2156,100715,774,34,0,898,448,2,29
141,01/08/2026 08:20,9,OBLIGATION_STATE,2294,100794,843,43,0,939,468,2,32
142,01/08/2026 08:20,9,OBLIGATION_STATE,2181,101212,768,32,0,925,454,2,30
143,01/08/2026 08:20,9,OBLIGATION_STATE,2229,100715,771,35,0,964,457,2,30
144,01/08/2026 08:20,9,OBLIGATION_STATE,2188,100707,769,35,0,922,460,2,25
145,01/08/2026 08:20,9,OBLIGATION_STATE,2250,100707,767,32,0,979,469,2,31
146,01/08/2026 08:20,9,OBLIGATION_STATE,2149,101172,764,32,0,894,456,2,24
147,01/08/2026 08:20,9,OBLIGATION_STATE,2167,95437,768,33,0,914,450,2,27
148,01/08/2026 08:20,9,OBLIGATION_STATE,2154,100795,766,34,0,892,460,2,29
149,01/08/2026 08:20,9,OBLIGATION_STATE,2166,95429,773,34,0,898,459,2,27
150,01/08/2026 08:20,9,OBLIGATION_STATE,2150,95782,769,32,0,894,453,2,30
151,01/08/2026 08:20,9,OBLIGATION_STATE,2147,95766,765,33,0,889,457,2,31
152,01/08/2026 08:20,9,OBLIGATION_STATE,2166,100747,772,32,0,902,458,2,29
153,01/08/2026 08:20,9,OBLIGATION_STATE,2188,95477,771,35,0,923,457,2,32
154,01/08/2026 08:20,9,OBLIGATION_STATE,2214,100707,772,34,0,944,462,2,28
155,01/08/2026 08:20,9,OBLIGATION_STATE,2149,100731,764,32,1,900,449,2,25
156,01/08/2026 08:21,9,OBLIGATION_STATE,2178,100731,782,34,0,900,460,2,32
157,01/08/2026 08:21,9,OBLIGATION_STATE,2215,95557,791,33,0,941,449,2,27
158,01/08/2026 08:21,9,OBLIGATION_STATE,2168,95698,773,35,0,899,460,2,29
159,01/08/2026 08:21,9,OBLIGATION_STATE,2164,95397,773,32,0,902,454,2,33
160,01/08/2026 08:21,9,OBLIGATION_STATE,2179,100675,775,34,0,917,451,2,27
161,01/08/2026 08:21,9,OBLIGATION_STATE,2171,101462,769,33,0,922,445,2,31
162,01/08/2026 08:21,9,OBLIGATION_STATE,2281,95501,799,39,0,993,448,2,23
163,01/08/2026 08:21,9,OBLIGATION_STATE,2241,95469,773,34,0,967,464,2,36
164,01/08/2026 08:21,9,OBLIGATION_STATE,2283,95397,771,36,0,1002,471,2,38
165,01/08/2026 08:21,9,OBLIGATION_STATE,2208,100739,777,33,0,938,459,2,30
166,01/08/2026 08:21,9,OBLIGATION_STATE,2123,101092,758,31,0,885,447,2,24
167,01/08/2026 08:21,9,OBLIGATION_STATE,2169,95469,772,33,0,901,461,2,33
168,01/08/2026 08:21,9,OBLIGATION_STATE,2184,94808,770,35,0,907,470,2,29
169,01/08/2026 08:21,9,OBLIGATION_STATE,2176,97193,776,33,0,900,465,2,32
170,01/08/2026 08:21,9,OBLIGATION_STATE,2190,101108,771,35,0,920,461,2,34
171,01/08/2026 08:21,9,OBLIGATION_STATE,2161,100723,771,34,0,896,457,2,31
172,01/08/2026 08:21,9,OBLIGATION_STATE,2183,95533,777,33,0,910,461,2,37
173,01/08/2026 08:21,9,OBLIGATION_STATE,2208,95544,775,33,0,936,460,2,32
174,01/08/2026 08:21,9,OBLIGATION_STATE,2156,95814,769,33,0,895,457,2,27
175,01/08/2026 08:21,9,OBLIGATION_STATE,2289,91830,778,48,0,1003,459,2,32
176,01/08/2026 08:21,9,OBLIGATION_STATE,2219,101092,779,34,0,938,465,2,29
177,01/08/2026 08:21,9,OBLIGATION_STATE,2248,101196,837,42,0,914,454,2,29
178,01/08/2026 08:21,9,OBLIGATION_STATE,2161,101196,770,35,0,898,456,2,31
179,01/08/2026 08:21,9,OBLIGATION_STATE,2267,95477,821,51,1,928,464,2,29
180,01/08/2026 08:22,9,OBLIGATION_STATE,2182,101108,767,35,0,923,455,2,30
181,01/08/2026 08:22,9,OBLIGATION_STATE,2164,100699,774,33,0,900,455,2,33
182,01/08/2026 08:22,9,OBLIGATION_STATE,2210,94910,773,34,0,934,467,2,27
183,01/08/2026 08:22,9,OBLIGATION_STATE,2165,95142,768,35,0,906,453,2,32
184,01/08/2026 08:22,9,OBLIGATION_STATE,2169,95637,769,32,1,902,464,2,31
185,01/08/2026 08:22,9,OBLIGATION_STATE,2252,100683,772,47,0,975,456,2,24
186,01/08/2026 08:22,9,OBLIGATION_STATE,2163,95734,776,35,0,891,459,2,28
187,01/08/2026 08:22,9,OBLIGATION_STATE,2197,101124,773,35,0,939,448,2,24
188,01/08/2026 08:22,9,OBLIGATION_STATE,2213,95509,772,32,0,946,460,2,29
189,01/08/2026 08:22,9,OBLIGATION_STATE,2260,100747,823,39,0,909,487,2,38
190,01/08/2026 08:22,9,OBLIGATION_STATE,2252,95086,787,37,0,940,486,2,27
191,01/08/2026 08:22,9,OBLIGATION_STATE,2151,101172,766,33,0,893,458,2,32
192,01/08/2026 08:22,9,OBLIGATION_STATE,2199,100730,775,35,0,929,459,2,32
193,01/08/2026 08:22,9,OBLIGATION_STATE,2203,95653,810,33,0,898,461,2,29
194,01/08/2026 08:22,9,OBLIGATION_STATE,2211,95493,769,32,0,936,472,2,32
195,01/08/2026 08:22,9,OBLIGATION_STATE,2180,101180,797,32,0,897,452,2,30
196,01/08/2026 08:22,9,OBLIGATION_STATE,2195,95094,796,48,0,896,452,2,31
197,01/08/2026 08:22,9,OBLIGATION_STATE,2233,95093,773,33,0,949,476,2,30
198,01/08/2026 08:22,9,OBLIGATION_STATE,2230,95678,803,38,0,937,450,2,28
199,01/08/2026 08:22,9,OBLIGATION_STATE,2282,95718,813,34,0,980,451,2,24
200,01/08/2026 08:22,9,OBLIGATION_STATE,2204,100747,775,33,0,940,454,2,26
1,01/08/2026 08:22,18,OBLIGATION_STATE,4762,273979,769,42,0,1921,2027,9,111
2,01/08/2026 08:23,18,OBLIGATION_STATE,4878,274628,776,42,0,2009,2049,9,101
3,01/08/2026 08:23,18,OBLIGATION_STATE,4871,274541,770,43,0,1992,2063,9,116
4,01/08/2026 08:23,18,OBLIGATION_STATE,4855,273822,824,56,0,1930,2042,9,101
5,01/08/2026 08:23,18,OBLIGATION_STATE,4927,274775,818,41,0,2015,2051,9,116
6,01/08/2026 08:23,18,OBLIGATION_STATE,4874,274589,813,47,0,1961,2051,9,119
7,01/08/2026 08:23,18,OBLIGATION_STATE,4927,268804,781,41,0,2002,2100,9,119
8,01/08/2026 08:23,18,OBLIGATION_STATE,4813,279243,779,42,0,1956,2034,9,108
9,01/08/2026 08:23,18,OBLIGATION_STATE,4935,274072,846,67,0,1987,2034,9,103
10,01/08/2026 08:23,18,OBLIGATION_STATE,4762,268947,772,43,0,1919,2025,9,105
11,01/08/2026 08:23,18,OBLIGATION_STATE,4875,280244,827,41,0,1970,2034,9,107
12,01/08/2026 08:23,18,OBLIGATION_STATE,4855,268879,777,43,0,1981,2051,9,119
13,01/08/2026 08:23,18,OBLIGATION_STATE,4798,274624,777,43,0,1921,2054,9,109
14,01/08/2026 08:24,18,OBLIGATION_STATE,4821,274065,814,50,0,1929,2026,9,117
15,01/08/2026 08:24,18,OBLIGATION_STATE,4915,268651,769,41,0,1993,2109,9,112
16,01/08/2026 08:24,18,OBLIGATION_STATE,4874,274299,777,41,0,1981,2073,9,125
17,01/08/2026 08:24,18,OBLIGATION_STATE,4836,274746,824,54,0,1922,2034,9,119
18,01/08/2026 08:24,18,OBLIGATION_STATE,4780,274530,775,43,0,1918,2041,9,103
19,01/08/2026 08:24,18,OBLIGATION_STATE,4752,280007,772,41,0,1918,2018,9,102
20,01/08/2026 08:24,18,OBLIGATION_STATE,4876,268644,784,41,0,2005,2043,9,131
21,01/08/2026 08:24,18,OBLIGATION_STATE,4784,268790,780,44,0,1914,2044,9,125
22,01/08/2026 08:24,18,OBLIGATION_STATE,4747,269018,771,40,0,1907,2027,9,115
23,01/08/2026 08:24,18,OBLIGATION_STATE,4873,273863,776,43,0,1957,2095,9,120
24,01/08/2026 08:24,18,OBLIGATION_STATE,4879,268916,787,58,0,1961,2071,9,110
25,01/08/2026 08:24,18,OBLIGATION_STATE,4876,279210,805,52,0,1953,2065,9,119
26,01/08/2026 08:25,18,OBLIGATION_STATE,4832,274405,772,43,0,1973,2042,9,111
27,01/08/2026 08:25,18,OBLIGATION_STATE,4786,263657,776,38,0,1926,2044,9,107
28,01/08/2026 08:25,18,OBLIGATION_STATE,4795,274503,774,41,0,1930,2049,9,119
29,01/08/2026 08:25,18,OBLIGATION_STATE,4846,274732,772,43,0,1976,2053,9,125
30,01/08/2026 08:25,18,OBLIGATION_STATE,4819,274727,782,48,0,1955,2032,9,118
31,01/08/2026 08:25,18,OBLIGATION_STATE,4811,268974,778,43,0,1937,2050,9,114
32,01/08/2026 08:25,18,OBLIGATION_STATE,4804,279961,777,41,0,1939,2045,9,122
33,01/08/2026 08:25,18,OBLIGATION_STATE,4940,273938,770,41,0,2046,2080,9,119
34,01/08/2026 08:25,18,OBLIGATION_STATE,4827,274670,778,43,0,1941,2063,9,114
35,01/08/2026 08:25,18,OBLIGATION_STATE,4863,273809,779,43,0,1992,2046,9,116
36,01/08/2026 08:25,18,OBLIGATION_STATE,4860,269072,775,43,0,2000,2040,9,120
37,01/08/2026 08:25,18,OBLIGATION_STATE,4800,274503,775,41,0,1930,2052,9,121
38,01/08/2026 08:26,18,OBLIGATION_STATE,4913,274098,835,52,0,1979,2044,9,119
39,01/08/2026 08:26,18,OBLIGATION_STATE,4972,274625,809,55,0,2036,2070,9,130
40,01/08/2026 08:26,18,OBLIGATION_STATE,4894,274606,822,50,0,1979,2040,9,113
41,01/08/2026 08:26,18,OBLIGATION_STATE,4868,274142,768,43,0,2022,2033,9,117
42,01/08/2026 08:26,18,OBLIGATION_STATE,4785,268789,787,41,0,1929,2026,9,112
43,01/08/2026 08:26,18,OBLIGATION_STATE,4776,274787,773,41,0,1911,2049,9,109
44,01/08/2026 08:26,18,OBLIGATION_STATE,4883,274650,771,43,0,1997,2070,9,126
45,01/08/2026 08:26,18,OBLIGATION_STATE,4842,274635,830,43,0,1921,2046,9,110
46,01/08/2026 08:26,18,OBLIGATION_STATE,4806,268983,776,42,0,1932,2054,9,112
47,01/08/2026 08:26,18,OBLIGATION_STATE,4916,274918,775,41,0,2005,2092,9,116
48,01/08/2026 08:26,18,OBLIGATION_STATE,4876,268999,776,41,0,2007,2051,9,122
49,01/08/2026 08:26,18,OBLIGATION_STATE,4855,274075,777,41,0,1972,2063,9,110
50,01/08/2026 08:27,18,OBLIGATION_STATE,4789,268925,776,48,0,1917,2046,9,117
51,01/08/2026 08:27,18,OBLIGATION_STATE,4931,273976,779,48,0,2024,2078,9,117
52,01/08/2026 08:27,18,OBLIGATION_STATE,4818,263058,769,43,0,1930,2074,9,109
53,01/08/2026 08:27,18,OBLIGATION_STATE,4875,274487,778,41,0,2028,2026,9,113
54,01/08/2026 08:27,18,OBLIGATION_STATE,4777,279515,775,41,0,1933,2026,9,129
55,01/08/2026 08:27,18,OBLIGATION_STATE,4863,252538,792,43,0,1979,2046,9,120
56,01/08/2026 08:27,18,OBLIGATION_STATE,4776,274534,772,42,0,1940,2019,9,110
57,01/08/2026 08:27,18,OBLIGATION_STATE,4817,279894,770,42,0,1920,2083,9,107
58,01/08/2026 08:27,18,OBLIGATION_STATE,4854,268833,778,43,0,1983,2047,9,116
59,01/08/2026 08:27,18,OBLIGATION_STATE,4936,274512,818,52,0,2028,2036,9,107
60,01/08/2026 08:27,18,OBLIGATION_STATE,4862,268717,778,43,0,1976,2064,9,110
61,01/08/2026 08:28,18,OBLIGATION_STATE,5006,268964,797,52,0,2064,2091,9,124
62,01/08/2026 08:28,18,OBLIGATION_STATE,4855,274188,815,41,0,1934,2063,9,126
63,01/08/2026 08:28,18,OBLIGATION_STATE,4892,274817,773,41,0,2032,2044,9,108
64,01/08/2026 08:28,18,OBLIGATION_STATE,4898,251834,821,59,0,1951,2065,9,112
65,01/08/2026 08:28,18,OBLIGATION_STATE,4839,268675,770,41,0,1967,2058,9,116
66,01/08/2026 08:28,18,OBLIGATION_STATE,4811,274542,773,40,0,1961,2034,9,120
67,01/08/2026 08:28,18,OBLIGATION_STATE,4987,274300,829,46,0,2031,2079,9,115
68,01/08/2026 08:28,18,OBLIGATION_STATE,4794,268854,775,43,0,1925,2048,9,116
69,01/08/2026 08:28,18,OBLIGATION_STATE,4879,274732,831,43,0,1937,2065,9,115
70,01/08/2026 08:28,18,OBLIGATION_STATE,4824,274065,770,43,0,1975,2034,9,118
71,01/08/2026 08:28,18,OBLIGATION_STATE,4886,279990,835,42,0,1935,2072,9,116
72,01/08/2026 08:28,18,OBLIGATION_STATE,4771,274629,777,53,0,1906,2033,9,122
73,01/08/2026 08:29,18,OBLIGATION_STATE,4748,273457,770,41,0,1909,2026,9,103
74,01/08/2026 08:29,18,OBLIGATION_STATE,4770,268733,767,41,0,1917,2043,9,113
75,01/08/2026 08:29,18,OBLIGATION_STATE,4861,268890,839,43,0,1910,2067,9,116
76,01/08/2026 08:29,18,OBLIGATION_STATE,4900,274245,812,47,0,1943,2096,9,111
77,01/08/2026 08:29,18,OBLIGATION_STATE,4888,274528,780,66,0,1993,2046,9,117
78,01/08/2026 08:29,18,OBLIGATION_STATE,4851,273839,777,49,0,1965,2058,9,102
79,01/08/2026 08:29,18,OBLIGATION_STATE,4893,252007,807,52,0,1977,2055,9,118
80,01/08/2026 08:29,18,OBLIGATION_STATE,4836,268884,788,52,0,1945,2048,9,114
81,01/08/2026 08:29,18,OBLIGATION_STATE,4890,280073,771,49,0,2028,2040,9,111
82,01/08/2026 08:29,18,OBLIGATION_STATE,4852,268898,802,42,0,1946,2060,9,112
83,01/08/2026 08:29,18,OBLIGATION_STATE,4861,263377,778,43,0,1964,2074,9,122
84,01/08/2026 08:29,18,OBLIGATION_STATE,4786,263781,776,43,0,1934,2030,9,116
85,01/08/2026 08:30,18,OBLIGATION_STATE,4876,268845,805,55,0,1942,2071,9,104
86,01/08/2026 08:30,18,OBLIGATION_STATE,4848,263378,774,43,0,1941,2088,9,114
87,01/08/2026 08:30,18,OBLIGATION_STATE,4920,274015,785,52,0,2000,2081,9,118
88,01/08/2026 08:30,18,OBLIGATION_STATE,4795,279456,776,41,0,1923,2053,9,112
89,01/08/2026 08:30,18,OBLIGATION_STATE,4891,263417,773,43,0,2007,2065,9,109
90,01/08/2026 08:30,18,OBLIGATION_STATE,4810,268822,776,44,0,1939,2050,9,119
91,01/08/2026 08:30,18,OBLIGATION_STATE,4822,274695,789,41,0,1929,2061,9,111
92,01/08/2026 08:30,18,OBLIGATION_STATE,4786,274124,772,43,0,1928,2042,9,117
93,01/08/2026 08:30,18,OBLIGATION_STATE,4889,274781,798,52,0,1994,2043,9,117
94,01/08/2026 08:30,18,OBLIGATION_STATE,4869,268842,776,44,0,1997,2051,9,121
95,01/08/2026 08:30,18,OBLIGATION_STATE,4810,263319,772,43,0,1941,2052,9,115
96,01/08/2026 08:30,18,OBLIGATION_STATE,4873,274802,838,41,0,1931,2060,9,117
97,01/08/2026 08:31,18,OBLIGATION_STATE,4863,274650,816,53,0,1942,2050,9,119
98,01/08/2026 08:31,18,OBLIGATION_STATE,4841,268834,774,43,0,1970,2051,9,116
99,01/08/2026 08:31,18,OBLIGATION_STATE,4902,274550,777,41,0,2006,2077,9,107
100,01/08/2026 08:31,18,OBLIGATION_STATE,4884,274635,773,41,0,1978,2089,9,110
101,01/08/2026 08:31,18,OBLIGATION_STATE,4819,268815,785,40,0,1926,2065,9,102
102,01/08/2026 08:31,18,OBLIGATION_STATE,4781,268821,776,40,0,1944,2018,9,115
103,01/08/2026 08:31,18,OBLIGATION_STATE,4817,274066,772,41,0,1964,2038,9,111
104,01/08/2026 08:31,18,OBLIGATION_STATE,4797,268779,782,40,0,1927,2046,9,115
105,01/08/2026 08:31,18,OBLIGATION_STATE,4958,269122,771,41,0,2059,2085,9,117
106,01/08/2026 08:31,18,OBLIGATION_STATE,4828,240456,770,41,0,1963,2051,9,97
107,01/08/2026 08:31,18,OBLIGATION_STATE,4781,274853,771,42,0,1938,2028,9,115
108,01/08/2026 08:31,18,OBLIGATION_STATE,4771,273592,786,44,0,1910,2030,9,110
109,01/08/2026 08:32,18,OBLIGATION_STATE,4882,268812,821,43,0,1965,2051,9,123
110,01/08/2026 08:32,18,OBLIGATION_STATE,4838,268815,773,41,0,1944,2078,9,125
111,01/08/2026 08:32,18,OBLIGATION_STATE,4838,274449,802,53,0,1949,2032,9,111
112,01/08/2026 08:32,18,OBLIGATION_STATE,4819,274732,771,43,0,1962,2041,9,117
113,01/08/2026 08:32,18,OBLIGATION_STATE,4800,263678,783,41,0,1923,2050,9,121
114,01/08/2026 08:32,18,OBLIGATION_STATE,4785,274805,776,41,0,1928,2038,9,115
115,01/08/2026 08:32,18,OBLIGATION_STATE,4812,279306,777,41,0,1936,2055,9,125
116,01/08/2026 08:32,18,OBLIGATION_STATE,5020,274811,861,52,0,2029,2076,9,113
117,01/08/2026 08:32,18,OBLIGATION_STATE,4831,274732,773,41,0,1959,2056,9,119
118,01/08/2026 08:32,18,OBLIGATION_STATE,4779,269057,772,41,0,1919,2045,9,114
119,01/08/2026 08:32,18,OBLIGATION_STATE,4835,274804,777,43,0,1957,2055,9,113
120,01/08/2026 08:32,18,OBLIGATION_STATE,4832,274132,782,40,0,1980,2028,9,112
121,01/08/2026 08:33,18,OBLIGATION_STATE,4900,274759,769,42,0,2044,2043,9,123
122,01/08/2026 08:33,18,OBLIGATION_STATE,4974,274186,802,53,0,2029,2088,9,116
123,01/08/2026 08:33,18,OBLIGATION_STATE,4887,263387,844,54,0,1914,2073,9,129
124,01/08/2026 08:33,18,OBLIGATION_STATE,4787,274091,776,41,0,1922,2046,9,114
125,01/08/2026 08:33,18,OBLIGATION_STATE,4899,274092,817,53,0,1996,2030,9,106
126,01/08/2026 08:33,18,OBLIGATION_STATE,4789,269296,780,41,0,1924,2043,9,110
127,01/08/2026 08:33,18,OBLIGATION_STATE,4851,273803,777,43,0,2007,2023,9,107
128,01/08/2026 08:33,18,OBLIGATION_STATE,4859,274571,801,41,0,1983,2032,9,113
129,01/08/2026 08:33,18,OBLIGATION_STATE,5102,274168,788,63,0,2140,2108,9,122
130,01/08/2026 08:33,18,OBLIGATION_STATE,4845,273308,769,41,0,1973,2061,9,117
131,01/08/2026 08:33,18,OBLIGATION_STATE,4824,274748,786,57,0,1932,2047,9,113
132,01/08/2026 08:33,18,OBLIGATION_STATE,4821,274366,773,40,0,1926,2079,9,112
133,01/08/2026 08:34,18,OBLIGATION_STATE,5051,268895,818,51,0,2090,2089,9,110
134,01/08/2026 08:34,18,OBLIGATION_STATE,4875,268703,775,43,0,1980,2074,9,113
135,01/08/2026 08:34,18,OBLIGATION_STATE,4799,274196,769,41,0,1922,2066,9,112
136,01/08/2026 08:34,18,OBLIGATION_STATE,4852,274026,775,42,0,1984,2050,9,121
137,01/08/2026 08:34,18,OBLIGATION_STATE,4812,268809,780,43,0,1934,2052,9,114
138,01/08/2026 08:34,18,OBLIGATION_STATE,4811,273941,770,43,0,1956,2040,9,123
139,01/08/2026 08:34,18,OBLIGATION_STATE,4781,268711,773,43,0,1918,2045,9,113
140,01/08/2026 08:34,18,OBLIGATION_STATE,4879,269014,773,41,0,2000,2063,9,117
141,01/08/2026 08:34,18,OBLIGATION_STATE,4830,279382,779,43,0,1935,2070,9,118
142,01/08/2026 08:34,18,OBLIGATION_STATE,4855,279540,781,43,0,1949,2079,9,121
143,01/08/2026 08:34,18,OBLIGATION_STATE,4760,274178,769,41,0,1909,2038,9,102
144,01/08/2026 08:34,18,OBLIGATION_STATE,4986,273623,772,42,0,2116,2054,9,114
145,01/08/2026 08:35,18,OBLIGATION_STATE,4845,274601,772,41,0,1965,2064,9,97
146,01/08/2026 08:35,18,OBLIGATION_STATE,5049,268306,830,41,0,1966,2209,9,112
147,01/08/2026 08:35,18,OBLIGATION_STATE,4776,273704,764,43,0,1921,2046,9,99
148,01/08/2026 08:35,18,OBLIGATION_STATE,4879,279885,774,41,0,1989,2073,9,126
149,01/08/2026 08:35,18,OBLIGATION_STATE,4830,274634,769,40,0,1950,2069,9,120
150,01/08/2026 08:35,18,OBLIGATION_STATE,4884,279917,773,41,0,2018,2050,9,110
151,01/08/2026 08:35,18,OBLIGATION_STATE,4805,274709,789,43,0,1918,2052,9,116
152,01/08/2026 08:35,18,OBLIGATION_STATE,4833,274548,771,41,0,1959,2061,9,121
153,01/08/2026 08:35,18,OBLIGATION_STATE,4789,274808,772,43,0,1921,2051,9,115
154,01/08/2026 08:35,18,OBLIGATION_STATE,4769,273689,770,43,0,1924,2030,9,125
155,01/08/2026 08:35,18,OBLIGATION_STATE,4785,274492,767,40,0,1937,2038,9,116
156,01/08/2026 08:35,18,OBLIGATION_STATE,4782,274282,771,41,0,1926,2042,9,115
157,01/08/2026 08:36,18,OBLIGATION_STATE,4806,274041,770,43,0,1945,2047,9,116
158,01/08/2026 08:36,18,OBLIGATION_STATE,4879,274710,805,55,0,1966,2051,9,114
159,01/08/2026 08:36,18,OBLIGATION_STATE,4810,274556,773,43,0,1913,2079,9,123
160,01/08/2026 08:36,18,OBLIGATION_STATE,4766,274855,772,41,0,1922,2029,9,113
161,01/08/2026 08:36,18,OBLIGATION_STATE,4847,273917,809,59,0,1942,2035,9,110
162,01/08/2026 08:36,18,OBLIGATION_STATE,4935,268801,778,41,0,1994,2120,9,115
163,01/08/2026 08:36,18,OBLIGATION_STATE,4971,274078,834,52,0,2009,2073,9,108
164,01/08/2026 08:36,18,OBLIGATION_STATE,4846,273987,776,42,0,1974,2052,9,110
165,01/08/2026 08:36,18,OBLIGATION_STATE,4814,274520,768,43,0,1964,2036,9,132
166,01/08/2026 08:36,18,OBLIGATION_STATE,5035,268927,777,53,0,2088,2115,9,111
167,01/08/2026 08:36,18,OBLIGATION_STATE,4824,274429,775,41,0,1949,2056,9,115
168,01/08/2026 08:36,18,OBLIGATION_STATE,4828,279951,771,41,0,1960,2054,9,115
169,01/08/2026 08:37,18,OBLIGATION_STATE,4811,268863,776,41,0,1935,2058,9,117
170,01/08/2026 08:37,18,OBLIGATION_STATE,4972,274552,782,51,0,2009,2127,9,113
171,01/08/2026 08:37,18,OBLIGATION_STATE,4804,274786,779,43,0,1934,2046,9,113
172,01/08/2026 08:37,18,OBLIGATION_STATE,4884,274572,818,47,0,1955,2062,9,98
173,01/08/2026 08:37,18,OBLIGATION_STATE,4877,274143,778,53,0,1972,2073,9,118
174,01/08/2026 08:37,18,OBLIGATION_STATE,4860,274609,773,41,0,2007,2037,9,118
175,01/08/2026 08:37,18,OBLIGATION_STATE,4779,268791,772,40,0,1928,2037,9,115
176,01/08/2026 08:37,18,OBLIGATION_STATE,4855,295066,825,52,0,1947,2028,9,116
177,01/08/2026 08:37,18,OBLIGATION_STATE,4783,274631,773,40,0,1921,2046,9,113
178,01/08/2026 08:37,18,OBLIGATION_STATE,4875,279836,806,57,0,1950,2060,9,117
179,01/08/2026 08:37,18,OBLIGATION_STATE,4827,274454,782,41,0,1923,2078,9,97
180,01/08/2026 08:37,18,OBLIGATION_STATE,4837,279426,792,47,0,1948,2048,9,105
181,01/08/2026 08:38,18,OBLIGATION_STATE,4833,279765,794,54,0,1957,2027,9,109
182,01/08/2026 08:38,18,OBLIGATION_STATE,4804,274554,774,43,0,1948,2037,9,119
183,01/08/2026 08:38,18,OBLIGATION_STATE,4777,268741,778,44,0,1911,2042,9,111
184,01/08/2026 08:38,18,OBLIGATION_STATE,4917,274638,821,47,0,2024,2022,9,108
185,01/08/2026 08:38,18,OBLIGATION_STATE,4962,274799,825,43,0,1950,2142,9,113
186,01/08/2026 08:38,18,OBLIGATION_STATE,4816,274613,778,43,0,1932,2062,9,106
187,01/08/2026 08:38,18,OBLIGATION_STATE,4872,279831,774,41,0,2023,2031,9,116
188,01/08/2026 08:38,18,OBLIGATION_STATE,4888,274062,810,41,0,2010,2025,9,118
189,01/08/2026 08:38,18,OBLIGATION_STATE,4835,274645,840,41,0,1923,2029,9,106
190,01/08/2026 08:38,18,OBLIGATION_STATE,4817,274563,774,43,0,1939,2058,9,108
191,01/08/2026 08:38,18,OBLIGATION_STATE,4926,274505,812,47,0,1998,2066,9,115
192,01/08/2026 08:38,18,OBLIGATION_STATE,4802,273990,772,42,0,1930,2056,9,120
193,01/08/2026 08:39,18,OBLIGATION_STATE,4806,268888,768,40,0,1925,2071,9,110
194,01/08/2026 08:39,18,OBLIGATION_STATE,4801,274787,776,43,0,1930,2051,9,118
195,01/08/2026 08:39,18,OBLIGATION_STATE,4852,268855,774,43,0,1962,2071,9,115
196,01/08/2026 08:39,18,OBLIGATION_STATE,4786,274914,775,40,0,1927,2042,9,121
197,01/08/2026 08:39,18,OBLIGATION_STATE,4791,268818,775,43,0,1921,2051,9,108
198,01/08/2026 08:39,18,OBLIGATION_STATE,4801,263194,771,41,0,1921,2066,9,114
199,01/08/2026 08:39,18,OBLIGATION_STATE,4842,263645,770,43,0,1959,2068,9,117
200,01/08/2026 08:39,18,OBLIGATION_STATE,4885,274939,831,44,0,1953,2056,9,124
1,01/08/2026 08:40,27,OBLIGATION_STATE,32192,364447,767,100,0,19915,11408,111,603
2,01/08/2026 08:40,27,OBLIGATION_STATE,31904,377161,772,50,0,19799,11281,111,613
3,01/08/2026 08:41,27,OBLIGATION_STATE,32288,437963,780,65,0,19908,11532,110,623
4,01/08/2026 08:41,27,OBLIGATION_STATE,32629,321498,793,59,0,20261,11514,112,633
5,01/08/2026 08:42,27,OBLIGATION_STATE,31975,438414,789,50,0,19893,11242,110,629
6,01/08/2026 08:42,27,OBLIGATION_STATE,32057,438580,775,49,0,19989,11242,110,638
7,01/08/2026 08:43,27,OBLIGATION_STATE,32386,352701,773,49,0,20127,11434,112,636
8,01/08/2026 08:44,27,OBLIGATION_STATE,32577,444663,777,52,0,20176,11570,110,647
9,01/08/2026 08:44,27,OBLIGATION_STATE,32481,295977,806,61,0,20064,11548,111,618
10,01/08/2026 08:45,27,OBLIGATION_STATE,32600,383342,775,48,0,20220,11556,111,612
11,01/08/2026 08:45,27,OBLIGATION_STATE,32370,321828,804,64,0,20056,11445,112,622
12,01/08/2026 08:46,27,OBLIGATION_STATE,32181,371224,771,52,0,20063,11294,111,618
13,01/08/2026 08:46,27,OBLIGATION_STATE,32340,426548,781,48,0,20057,11451,110,622
14,01/08/2026 08:47,27,OBLIGATION_STATE,32024,450799,779,48,0,19883,11311,110,643
15,01/08/2026 08:47,27,OBLIGATION_STATE,32383,346243,778,51,0,20205,11347,112,625
16,01/08/2026 08:48,27,OBLIGATION_STATE,32372,376836,779,51,0,20247,11292,111,603
17,01/08/2026 08:48,27,OBLIGATION_STATE,32417,305497,814,65,0,20088,11448,111,647
18,01/08/2026 08:49,27,OBLIGATION_STATE,32112,438632,785,48,0,19916,11360,110,644
19,01/08/2026 08:50,27,OBLIGATION_STATE,32403,438653,775,48,0,20073,11504,110,622
20,01/08/2026 08:50,27,OBLIGATION_STATE,32006,446811,776,51,0,19915,11262,110,621
21,01/08/2026 08:51,27,OBLIGATION_STATE,32237,362960,779,49,0,20074,11333,111,597
22,01/08/2026 08:51,27,OBLIGATION_STATE,31912,364199,771,49,0,19842,11248,111,604
23,01/08/2026 08:52,27,OBLIGATION_STATE,32353,444144,860,66,0,19951,11473,110,626
24,01/08/2026 08:52,27,OBLIGATION_STATE,32546,321218,777,51,0,20122,11594,112,626
25,01/08/2026 08:53,27,OBLIGATION_STATE,32325,362785,826,56,0,20145,11296,111,608
26,01/08/2026 08:53,27,OBLIGATION_STATE,32088,376527,803,60,0,20017,11205,111,599
27,01/08/2026 08:54,27,OBLIGATION_STATE,32396,325213,774,49,0,20195,11376,112,631
28,01/08/2026 08:54,27,OBLIGATION_STATE,31865,370301,784,51,0,19840,11188,111,607
29,01/08/2026 08:55,27,OBLIGATION_STATE,32405,376769,779,62,0,20096,11466,111,597
30,01/08/2026 08:55,27,OBLIGATION_STATE,32520,376573,767,49,0,20313,11389,111,606
31,01/08/2026 08:56,27,OBLIGATION_STATE,32722,352760,843,51,0,20286,11541,112,622
32,01/08/2026 08:57,27,OBLIGATION_STATE,32054,437680,771,48,0,19920,11313,110,625
33,01/08/2026 08:57,27,OBLIGATION_STATE,32679,443920,809,53,1,20248,11566,110,614
34,01/08/2026 08:58,27,OBLIGATION_STATE,32309,364011,773,49,0,20003,11483,111,612
35,01/08/2026 08:58,27,OBLIGATION_STATE,31815,364113,761,48,0,19823,11180,111,601
36,01/08/2026 08:59,27,OBLIGATION_STATE,32541,370601,816,60,0,20196,11467,111,593
37,01/08/2026 08:59,27,OBLIGATION_STATE,32388,364264,778,51,0,20215,11342,111,596
38,01/08/2026 09:00,27,OBLIGATION_STATE,32661,314894,773,51,0,20415,11419,112,658
39,01/08/2026 09:00,27,OBLIGATION_STATE,31596,430198,778,51,0,19617,11147,109,613
40,01/08/2026 09:01,27,OBLIGATION_STATE,32061,291389,799,62,0,19985,11214,111,616
41,01/08/2026 09:01,27,OBLIGATION_STATE,32184,414202,770,47,0,19951,11413,111,608
42,01/08/2026 09:02,27,OBLIGATION_STATE,32290,431474,768,48,0,20183,11288,110,621
43,01/08/2026 09:03,27,OBLIGATION_STATE,32129,364188,757,47,0,20017,11306,111,618
44,01/08/2026 09:03,27,OBLIGATION_STATE,32024,423626,783,68,0,19853,11318,109,623
45,01/08/2026 09:04,27,OBLIGATION_STATE,32056,364304,773,48,0,19974,11259,111,621
46,01/08/2026 09:04,27,OBLIGATION_STATE,32091,364217,812,70,0,19984,11223,111,603
47,01/08/2026 09:05,27,OBLIGATION_STATE,32363,377258,803,58,0,20014,11486,111,597
48,01/08/2026 09:05,27,OBLIGATION_STATE,31806,370643,771,49,0,19792,11192,111,597
49,01/08/2026 09:06,27,OBLIGATION_STATE,32092,376565,771,50,0,20003,11266,111,600
50,01/08/2026 09:06,27,OBLIGATION_STATE,32140,389878,768,48,0,20046,11275,111,591
51,01/08/2026 09:07,27,OBLIGATION_STATE,32077,291788,770,48,0,20015,11242,111,626
52,01/08/2026 09:07,27,OBLIGATION_STATE,32429,437862,788,50,0,20007,11583,110,640
53,01/08/2026 09:08,27,OBLIGATION_STATE,32049,346420,805,48,0,19896,11299,112,607
54,01/08/2026 09:08,27,OBLIGATION_STATE,32019,451044,774,62,0,19922,11258,110,650
55,01/08/2026 09:09,27,OBLIGATION_STATE,31884,444860,774,51,0,19865,11192,110,624
56,01/08/2026 09:10,27,OBLIGATION_STATE,32284,321344,774,49,0,20145,11314,112,624
57,01/08/2026 09:10,27,OBLIGATION_STATE,32324,395012,774,48,0,20087,11412,111,602
58,01/08/2026 09:11,27,OBLIGATION_STATE,32293,321209,770,49,0,20006,11466,112,624
59,01/08/2026 09:11,27,OBLIGATION_STATE,31931,292745,770,49,0,19892,11218,111,624
60,01/08/2026 09:12,27,OBLIGATION_STATE,32367,376542,772,49,0,20024,11520,111,597
61,01/08/2026 09:12,27,OBLIGATION_STATE,31963,443962,771,49,0,19865,11275,110,644
62,01/08/2026 09:13,27,OBLIGATION_STATE,32618,394533,815,68,0,20141,11592,111,600
63,01/08/2026 09:13,27,OBLIGATION_STATE,32122,315137,844,60,0,19900,11315,112,624
64,01/08/2026 09:14,27,OBLIGATION_STATE,32054,311235,775,51,0,19925,11301,111,637
65,01/08/2026 09:14,27,OBLIGATION_STATE,32055,451113,775,51,0,19964,11263,110,633
66,01/08/2026 09:15,27,OBLIGATION_STATE,32630,321424,781,48,0,20259,11540,112,630
67,01/08/2026 09:15,27,OBLIGATION_STATE,31987,364256,772,51,0,19864,11299,111,603
68,01/08/2026 09:16,27,OBLIGATION_STATE,32205,437956,789,76,0,20070,11268,110,618
69,01/08/2026 09:17,27,OBLIGATION_STATE,32202,364118,818,59,0,20154,11169,111,604
70,01/08/2026 09:17,27,OBLIGATION_STATE,32213,352613,831,61,0,19929,11389,112,625
71,01/08/2026 09:18,27,OBLIGATION_STATE,32232,383224,804,51,0,19950,11424,111,605
72,01/08/2026 09:18,27,OBLIGATION_STATE,32311,364123,771,49,0,20047,11441,111,611
73,01/08/2026 09:19,27,OBLIGATION_STATE,32263,389736,777,51,0,20083,11349,111,604
74,01/08/2026 09:19,27,OBLIGATION_STATE,31808,370671,772,51,0,19762,11220,111,601
75,01/08/2026 09:20,27,OBLIGATION_STATE,31513,416538,772,47,0,19516,11177,110,610
76,01/08/2026 09:20,27,OBLIGATION_STATE,32317,420651,772,49,0,19997,11496,111,604
77,01/08/2026 09:21,27,OBLIGATION_STATE,31907,451108,775,48,0,19888,11194,110,623
78,01/08/2026 09:21,27,OBLIGATION_STATE,31939,166709,774,52,0,19739,11372,112,621
79,01/08/2026 09:22,27,OBLIGATION_STATE,31956,370446,771,48,0,19932,11203,111,614
80,01/08/2026 09:22,27,OBLIGATION_STATE,31961,299534,771,51,0,19855,11282,111,641
81,01/08/2026 09:23,27,OBLIGATION_STATE,32169,395118,786,50,0,19945,11387,111,597
82,01/08/2026 09:24,27,OBLIGATION_STATE,31982,438338,769,48,0,19921,11241,110,617
83,01/08/2026 09:24,27,OBLIGATION_STATE,32107,370619,773,49,0,19956,11328,111,613
84,01/08/2026 09:25,27,OBLIGATION_STATE,31922,299170,774,51,0,19857,11238,111,654
85,01/08/2026 09:25,27,OBLIGATION_STATE,32032,394957,806,51,0,19903,11270,111,602
86,01/08/2026 09:26,27,OBLIGATION_STATE,32009,376687,772,54,0,19849,11331,111,613
87,01/08/2026 09:26,27,OBLIGATION_STATE,32304,305494,773,48,0,20124,11357,111,633
88,01/08/2026 09:27,27,OBLIGATION_STATE,32118,376469,771,48,0,20079,11218,111,595
89,01/08/2026 09:27,27,OBLIGATION_STATE,32183,444934,771,50,0,19927,11433,110,622
90,01/08/2026 09:28,27,OBLIGATION_STATE,31878,431673,772,49,0,19824,11231,110,636
91,01/08/2026 09:28,27,OBLIGATION_STATE,32029,364297,769,51,0,19980,11227,111,613
92,01/08/2026 09:29,27,OBLIGATION_STATE,32122,291158,774,49,0,19988,11310,111,629
93,01/08/2026 09:29,27,OBLIGATION_STATE,32083,370563,771,50,0,20028,11233,111,588
94,01/08/2026 09:30,27,OBLIGATION_STATE,32242,394573,771,48,0,20021,11398,111,610
95,01/08/2026 09:31,27,OBLIGATION_STATE,32310,438542,825,61,0,19976,11446,110,615
96,01/08/2026 09:31,27,OBLIGATION_STATE,32244,305566,770,51,0,20124,11297,111,636
97,01/08/2026 09:32,27,OBLIGATION_STATE,32112,450972,778,48,0,19942,11342,110,639
98,01/08/2026 09:32,27,OBLIGATION_STATE,32006,370488,777,49,0,19920,11257,111,592
99,01/08/2026 09:33,27,OBLIGATION_STATE,32225,346693,769,49,0,20116,11289,112,632
100,01/08/2026 09:33,27,OBLIGATION_STATE,32351,447144,803,50,0,20069,11426,110,633
101,01/08/2026 09:34,27,OBLIGATION_STATE,32192,369337,775,51,0,19913,11451,111,603
102,01/08/2026 09:34,27,OBLIGATION_STATE,32075,352774,775,51,0,19963,11285,112,628
103,01/08/2026 09:35,27,OBLIGATION_STATE,32240,438345,776,51,0,19956,11455,110,620
104,01/08/2026 09:35,27,OBLIGATION_STATE,32050,376884,780,50,0,19882,11336,111,600
105,01/08/2026 09:36,27,OBLIGATION_STATE,32618,321355,776,51,0,20267,11522,112,627
106,01/08/2026 09:36,27,OBLIGATION_STATE,32135,315603,787,68,0,19924,11354,112,633
107,01/08/2026 09:37,27,OBLIGATION_STATE,32076,376736,824,65,0,19953,11231,111,600
108,01/08/2026 09:38,27,OBLIGATION_STATE,31907,433409,768,50,0,19716,11370,110,634
109,01/08/2026 09:38,27,OBLIGATION_STATE,31943,437534,771,51,0,19871,11248,110,627
110,01/08/2026 09:39,27,OBLIGATION_STATE,32094,305354,769,51,0,20054,11217,111,637
111,01/08/2026 09:39,27,OBLIGATION_STATE,31962,431551,775,50,0,19751,11384,110,637
112,01/08/2026 09:40,27,OBLIGATION_STATE,32349,308506,807,49,0,20017,11474,112,617
113,01/08/2026 09:40,27,OBLIGATION_STATE,31950,438401,771,48,0,19918,11210,110,625
114,01/08/2026 09:41,27,OBLIGATION_STATE,31884,431093,769,47,0,19892,11174,110,632
115,01/08/2026 09:41,27,OBLIGATION_STATE,32167,339624,772,49,0,20055,11288,112,635
116,01/08/2026 09:42,27,OBLIGATION_STATE,32154,363990,792,50,0,20025,11285,111,631
117,01/08/2026 09:42,27,OBLIGATION_STATE,31925,437446,776,51,0,19877,11219,110,633
118,01/08/2026 09:43,27,OBLIGATION_STATE,31723,438317,818,51,0,19677,11176,110,628
119,01/08/2026 09:43,27,OBLIGATION_STATE,32320,291280,771,49,0,20205,11292,111,630
120,01/08/2026 09:44,27,OBLIGATION_STATE,32783,352888,777,48,0,20432,11523,112,626
121,01/08/2026 09:45,27,OBLIGATION_STATE,31832,450885,782,48,0,19818,11182,110,630
122,01/08/2026 09:45,27,OBLIGATION_STATE,32264,415237,796,49,0,20091,11325,111,623
123,01/08/2026 09:46,27,OBLIGATION_STATE,32503,283816,781,66,0,20181,11473,111,628
124,01/08/2026 09:46,27,OBLIGATION_STATE,32229,426756,851,55,0,19948,11373,110,630
125,01/08/2026 09:47,27,OBLIGATION_STATE,32437,426571,774,51,0,20122,11488,110,630
126,01/08/2026 09:47,27,OBLIGATION_STATE,32380,269179,775,49,0,20207,11347,112,632
127,01/08/2026 09:48,27,OBLIGATION_STATE,31822,437976,779,49,0,19755,11237,110,631
128,01/08/2026 09:48,27,OBLIGATION_STATE,32266,370634,765,51,0,20092,11355,111,594
129,01/08/2026 09:49,27,OBLIGATION_STATE,32485,444866,823,58,0,20151,11451,110,634
130,01/08/2026 09:49,27,OBLIGATION_STATE,32574,414985,815,49,0,20191,11517,111,613
131,01/08/2026 09:50,27,OBLIGATION_STATE,32187,364517,776,52,0,20119,11238,111,613
132,01/08/2026 09:50,27,OBLIGATION_STATE,31995,305205,776,51,0,19861,11304,111,635
133,01/08/2026 09:51,27,OBLIGATION_STATE,31983,270893,799,55,0,19762,11365,110,618
134,01/08/2026 09:52,27,OBLIGATION_STATE,32461,364467,804,64,0,20133,11457,111,611
135,01/08/2026 09:52,27,OBLIGATION_STATE,32009,437008,770,51,0,19986,11201,110,624
136,01/08/2026 09:53,27,OBLIGATION_STATE,31794,346555,769,49,0,19739,11235,112,629
137,01/08/2026 09:53,27,OBLIGATION_STATE,31991,437768,774,51,0,19902,11262,110,624
138,01/08/2026 09:54,27,OBLIGATION_STATE,32414,426886,829,59,0,19967,11556,110,622
139,01/08/2026 09:54,27,OBLIGATION_STATE,32127,438640,781,51,0,19905,11388,110,619
140,01/08/2026 09:55,27,OBLIGATION_STATE,32241,395704,776,51,0,20040,11371,111,606
141,01/08/2026 09:55,27,OBLIGATION_STATE,31815,451062,774,49,0,19770,11220,110,636
142,01/08/2026 09:56,27,OBLIGATION_STATE,31852,457132,800,48,0,19797,11205,110,634
143,01/08/2026 09:56,27,OBLIGATION_STATE,32450,321291,809,52,0,20309,11277,112,615
144,01/08/2026 09:57,27,OBLIGATION_STATE,32044,377107,771,51,0,19924,11297,111,611
145,01/08/2026 09:57,27,OBLIGATION_STATE,32060,444645,830,49,0,19915,11264,110,626
146,01/08/2026 09:58,27,OBLIGATION_STATE,32137,291366,818,48,0,19935,11334,111,624
147,01/08/2026 09:59,27,OBLIGATION_STATE,31729,437776,770,52,0,19637,11267,110,630
148,01/08/2026 09:59,27,OBLIGATION_STATE,32187,414030,792,62,0,19895,11436,111,601
149,01/08/2026 10:00,27,OBLIGATION_STATE,32174,364446,772,48,0,20041,11311,111,608
150,01/08/2026 10:00,27,OBLIGATION_STATE,31997,376913,775,67,0,19988,11164,111,606
151,01/08/2026 10:01,27,OBLIGATION_STATE,31937,443935,769,50,0,19872,11243,110,614
152,01/08/2026 10:01,27,OBLIGATION_STATE,32274,268922,789,49,0,20091,11344,112,622
153,01/08/2026 10:02,27,OBLIGATION_STATE,32113,444632,773,50,0,19936,11353,110,650
154,01/08/2026 10:02,27,OBLIGATION_STATE,31908,364133,784,46,0,19893,11182,111,618
155,01/08/2026 10:03,27,OBLIGATION_STATE,32033,438436,776,48,0,20030,11177,110,625
156,01/08/2026 10:03,27,OBLIGATION_STATE,32623,376787,772,49,0,20219,11580,111,590
157,01/08/2026 10:04,27,OBLIGATION_STATE,32091,346165,775,49,0,20003,11262,112,617
158,01/08/2026 10:04,27,OBLIGATION_STATE,31872,457720,777,50,0,19829,11213,110,636
159,01/08/2026 10:05,27,OBLIGATION_STATE,32377,321605,773,48,0,20098,11456,112,627
160,01/08/2026 10:06,27,OBLIGATION_STATE,31917,364032,772,48,0,19817,11278,111,616
161,01/08/2026 10:06,27,OBLIGATION_STATE,32057,437782,783,48,0,19909,11315,110,630
162,01/08/2026 10:07,27,OBLIGATION_STATE,32312,431773,785,51,0,20035,11438,110,636
163,01/08/2026 10:07,27,OBLIGATION_STATE,31919,390027,827,49,0,19715,11326,111,606
164,01/08/2026 10:08,27,OBLIGATION_STATE,32371,199229,772,49,0,20182,11367,112,626
165,01/08/2026 10:08,27,OBLIGATION_STATE,32101,444150,782,75,0,19990,11251,110,624
166,01/08/2026 10:09,27,OBLIGATION_STATE,32143,438477,769,49,0,19956,11367,110,625
167,01/08/2026 10:09,27,OBLIGATION_STATE,32535,304745,791,66,0,20175,11501,111,629
168,01/08/2026 10:10,27,OBLIGATION_STATE,32341,457883,793,50,0,20044,11452,109,630
169,01/08/2026 10:10,27,OBLIGATION_STATE,32329,376650,768,52,0,20225,11282,111,593
170,01/08/2026 10:11,27,OBLIGATION_STATE,32523,304923,773,66,0,20239,11443,111,623
171,01/08/2026 10:11,27,OBLIGATION_STATE,32237,352974,773,51,0,20034,11377,112,627
172,01/08/2026 10:12,27,OBLIGATION_STATE,32480,305160,778,51,0,20163,11486,111,636
173,01/08/2026 10:13,27,OBLIGATION_STATE,32628,376771,821,63,0,20216,11526,111,598
174,01/08/2026 10:13,27,OBLIGATION_STATE,32059,299165,777,50,0,19984,11246,111,630
175,01/08/2026 10:14,27,OBLIGATION_STATE,32823,438263,818,61,0,20331,11611,110,634
176,01/08/2026 10:14,27,OBLIGATION_STATE,32495,315088,775,48,0,20117,11553,112,623
177,01/08/2026 10:15,27,OBLIGATION_STATE,31953,363994,772,49,0,19890,11239,111,604
178,01/08/2026 10:15,27,OBLIGATION_STATE,33092,394986,841,66,0,20577,11606,111,608
179,01/08/2026 10:16,27,OBLIGATION_STATE,32169,370465,779,48,0,20061,11279,111,617
180,01/08/2026 10:16,27,OBLIGATION_STATE,32408,432322,771,53,0,20052,11530,110,626
181,01/08/2026 10:17,27,OBLIGATION_STATE,31842,450990,765,51,0,19839,11184,110,636
182,01/08/2026 10:17,27,OBLIGATION_STATE,32487,438277,777,52,0,20159,11498,110,626
183,01/08/2026 10:18,27,OBLIGATION_STATE,31801,443788,771,51,0,19791,11186,110,627
184,01/08/2026 10:19,27,OBLIGATION_STATE,31864,438553,781,71,0,19759,11250,110,627
185,01/08/2026 10:19,27,OBLIGATION_STATE,32497,364036,774,51,0,20188,11483,111,614
186,01/08/2026 10:20,27,OBLIGATION_STATE,32367,364002,791,63,0,20096,11414,111,601
187,01/08/2026 10:20,27,OBLIGATION_STATE,32394,458167,789,51,0,20049,11504,110,632
188,01/08/2026 10:21,27,OBLIGATION_STATE,32464,377026,766,48,0,20371,11277,111,600
189,01/08/2026 10:21,27,OBLIGATION_STATE,32385,431650,774,49,0,20013,11547,110,630
190,01/08/2026 10:22,27,OBLIGATION_STATE,32236,346561,777,49,0,20086,11322,112,618
191,01/08/2026 10:22,27,OBLIGATION_STATE,32048,370405,775,48,0,19888,11334,111,597
192,01/08/2026 10:23,27,OBLIGATION_STATE,31942,438019,776,49,0,19832,11284,110,625
193,01/08/2026 10:23,27,OBLIGATION_STATE,31912,431567,777,51,0,19821,11261,110,626
194,01/08/2026 10:24,27,OBLIGATION_STATE,31883,364168,769,48,0,19888,11175,111,605
195,01/08/2026 10:24,27,OBLIGATION_STATE,32118,376590,771,48,0,19917,11379,111,599
196,01/08/2026 10:25,27,OBLIGATION_STATE,31996,443974,778,49,0,19849,11318,110,637
197,01/08/2026 10:26,27,OBLIGATION_STATE,32164,364350,780,50,0,20061,11271,111,620
198,01/08/2026 10:26,27,OBLIGATION_STATE,32662,376758,839,51,0,20423,11347,111,593
199,01/08/2026 10:27,27,OBLIGATION_STATE,32500,305294,798,62,0,20097,11541,111,636
200,01/08/2026 10:27,27,OBLIGATION_STATE,32027,364212,776,49,0,19878,11322,111,617
1,01/08/2026 10:28,36,OBLIGATION_STATE,69353,157884,789,75,0,28828,39660,176,1762
2,01/08/2026 10:30,36,OBLIGATION_STATE,68670,171294,774,56,0,28773,39065,176,1698
3,01/08/2026 10:31,36,OBLIGATION_STATE,69316,126807,781,55,0,28828,39649,176,1744
4,01/08/2026 10:32,36,OBLIGATION_STATE,69245,138022,777,55,0,28757,39654,176,1783
5,01/08/2026 10:33,36,OBLIGATION_STATE,69303,171739,776,57,0,28899,39569,176,1758
6,01/08/2026 10:34,36,OBLIGATION_STATE,68844,145383,825,68,0,28606,39343,176,1771
7,01/08/2026 10:35,36,OBLIGATION_STATE,68928,139483,771,56,0,28662,39437,176,1716
8,01/08/2026 10:37,36,OBLIGATION_STATE,69110,67408,773,55,0,28928,39352,175,1752
9,01/08/2026 10:38,36,OBLIGATION_STATE,69350,145096,801,56,0,28684,39806,176,1766
10,01/08/2026 10:39,36,OBLIGATION_STATE,69658,257456,824,71,0,28932,39829,175,1783
11,01/08/2026 10:40,36,OBLIGATION_STATE,68815,370578,796,71,0,28766,39179,174,1730
12,01/08/2026 10:41,36,OBLIGATION_STATE,68594,164433,788,56,0,28675,39073,176,1749
13,01/08/2026 10:42,36,OBLIGATION_STATE,69377,163407,777,56,0,29077,39466,176,1760
14,01/08/2026 10:43,36,OBLIGATION_STATE,68766,126375,776,56,0,28492,39441,176,1778
15,01/08/2026 10:45,36,OBLIGATION_STATE,69612,97743,784,58,0,28875,39893,176,1744
16,01/08/2026 10:46,36,OBLIGATION_STATE,69826,98866,842,79,0,29060,39842,176,1757
17,01/08/2026 10:47,36,OBLIGATION_STATE,69370,251288,807,69,0,28890,39602,175,1728
18,01/08/2026 10:48,36,OBLIGATION_STATE,69462,131960,778,56,0,28850,39776,176,1759
19,01/08/2026 10:49,36,OBLIGATION_STATE,69387,341293,779,57,0,28902,39647,177,1733
20,01/08/2026 10:50,36,OBLIGATION_STATE,68647,132510,771,56,0,28545,39272,176,1806
21,01/08/2026 10:52,36,OBLIGATION_STATE,69387,165113,771,57,0,28940,39616,176,1724
22,01/08/2026 10:53,36,OBLIGATION_STATE,69034,866458,768,56,0,28727,39481,174,1598
23,01/08/2026 10:54,36,OBLIGATION_STATE,69307,872573,771,55,0,28823,39656,174,1610
24,01/08/2026 10:55,36,OBLIGATION_STATE,68420,164545,775,56,0,28538,39050,176,1734
25,01/08/2026 10:56,36,OBLIGATION_STATE,68552,164285,772,56,0,28484,39238,176,1742
26,01/08/2026 10:57,36,OBLIGATION_STATE,69221,872084,764,52,0,28938,39466,174,1585
27,01/08/2026 10:58,36,OBLIGATION_STATE,68724,150791,770,57,0,28558,39337,176,1768
28,01/08/2026 11:00,36,OBLIGATION_STATE,69621,98595,810,70,0,28719,40020,176,1782
29,01/08/2026 11:01,36,OBLIGATION_STATE,69160,98169,770,58,0,28594,39737,176,1769
30,01/08/2026 11:02,36,OBLIGATION_STATE,69738,865843,777,67,0,28829,40063,174,1610
31,01/08/2026 11:03,36,OBLIGATION_STATE,68974,157719,782,51,0,28732,39406,176,1794
32,01/08/2026 11:04,36,OBLIGATION_STATE,69300,132259,778,55,0,29152,39312,176,1724
33,01/08/2026 11:05,36,OBLIGATION_STATE,69998,869367,773,55,0,29446,39722,174,1627
34,01/08/2026 11:07,36,OBLIGATION_STATE,69118,151010,771,55,0,28670,39620,176,1808
35,01/08/2026 11:08,36,OBLIGATION_STATE,69179,164439,832,57,0,28664,39623,176,1741
36,01/08/2026 11:09,36,OBLIGATION_STATE,68841,133327,775,55,0,28743,39265,176,1710
37,01/08/2026 11:10,36,OBLIGATION_STATE,68839,157559,776,68,0,28659,39333,176,1806
38,01/08/2026 11:11,36,OBLIGATION_STATE,69204,144531,775,58,0,28695,39673,176,1743
39,01/08/2026 11:12,36,OBLIGATION_STATE,69067,163615,771,58,0,28711,39525,176,1749
40,01/08/2026 11:14,36,OBLIGATION_STATE,69228,866474,770,58,0,28795,39603,174,1634
41,01/08/2026 11:15,36,OBLIGATION_STATE,69396,164227,785,67,0,28826,39715,176,1762
42,01/08/2026 11:16,36,OBLIGATION_STATE,68582,872194,771,55,0,28531,39222,174,1594
43,01/08/2026 11:17,36,OBLIGATION_STATE,69326,164039,767,55,0,28684,39818,176,1748
44,01/08/2026 11:18,36,OBLIGATION_STATE,68998,68012,773,57,0,28893,39272,175,1721
45,01/08/2026 11:19,36,OBLIGATION_STATE,68892,132213,771,56,0,28537,39526,176,1739
46,01/08/2026 11:20,36,OBLIGATION_STATE,68463,132902,771,57,0,28477,39156,176,1769
47,01/08/2026 11:22,36,OBLIGATION_STATE,68373,865630,811,72,0,28479,39008,174,1575
48,01/08/2026 11:23,36,OBLIGATION_STATE,69325,126846,774,58,0,28889,39603,176,1754
49,01/08/2026 11:24,36,OBLIGATION_STATE,70002,131939,812,53,0,29015,40121,176,1732
50,01/08/2026 11:25,36,OBLIGATION_STATE,69176,139294,773,57,0,28805,39539,176,1779
51,01/08/2026 11:26,36,OBLIGATION_STATE,69520,170377,809,79,0,28925,39705,176,1767
52,01/08/2026 11:27,36,OBLIGATION_STATE,68913,98052,810,53,0,28690,39357,176,1779
53,01/08/2026 11:29,36,OBLIGATION_STATE,69463,170629,778,58,0,28986,39639,176,1747
54,01/08/2026 11:30,36,OBLIGATION_STATE,69774,132078,774,56,0,29087,39855,176,1775
55,01/08/2026 11:31,36,OBLIGATION_STATE,69240,251933,787,68,0,28772,39611,175,1755
56,01/08/2026 11:32,36,OBLIGATION_STATE,69585,158452,804,67,0,29332,39380,176,1773
57,01/08/2026 11:33,36,OBLIGATION_STATE,69787,132388,773,56,0,29037,39919,176,1763
58,01/08/2026 11:34,36,OBLIGATION_STATE,69480,145386,780,56,0,28684,39959,176,1757
59,01/08/2026 11:36,36,OBLIGATION_STATE,68832,131902,779,57,0,28694,39299,176,1740
60,01/08/2026 11:37,36,OBLIGATION_STATE,70220,151451,776,57,0,29152,40232,176,1774
61,01/08/2026 11:38,36,OBLIGATION_STATE,69258,251955,833,66,0,28810,39547,175,1721
62,01/08/2026 11:39,36,OBLIGATION_STATE,69414,157963,779,58,0,29075,39500,176,1747
63,01/08/2026 11:40,36,OBLIGATION_STATE,69072,158193,776,57,0,28617,39619,176,1765
64,01/08/2026 11:41,36,OBLIGATION_STATE,69035,866094,775,57,0,28768,39432,174,1644
65,01/08/2026 11:42,36,OBLIGATION_STATE,69340,133130,772,57,0,28874,39635,176,1725
66,01/08/2026 11:44,36,OBLIGATION_STATE,68988,165159,765,55,0,28756,39410,176,1761
67,01/08/2026 11:45,36,OBLIGATION_STATE,68892,135771,786,57,0,28655,39392,176,1724
68,01/08/2026 11:46,36,OBLIGATION_STATE,68926,92891,817,69,0,28391,39647,176,1746
69,01/08/2026 11:47,36,OBLIGATION_STATE,69554,145035,775,58,0,28925,39795,176,1751
70,01/08/2026 11:48,36,OBLIGATION_STATE,69378,98552,776,56,0,28908,39636,176,1794
71,01/08/2026 11:49,36,OBLIGATION_STATE,68529,147464,778,55,0,28572,39123,176,1746
72,01/08/2026 11:51,36,OBLIGATION_STATE,69225,97982,807,62,0,28874,39479,176,1731
73,01/08/2026 11:52,36,OBLIGATION_STATE,69421,172326,769,55,0,28980,39614,176,1738
74,01/08/2026 11:53,36,OBLIGATION_STATE,69066,158201,777,59,0,28561,39666,176,1753
75,01/08/2026 11:54,36,OBLIGATION_STATE,68750,131733,775,58,0,28753,39160,176,1762
76,01/08/2026 11:55,36,OBLIGATION_STATE,69079,109197,765,57,0,28666,39589,176,1773
77,01/08/2026 11:56,36,OBLIGATION_STATE,69176,151959,775,58,0,28868,39472,176,1717
78,01/08/2026 11:58,36,OBLIGATION_STATE,69505,166069,812,80,0,28882,39728,176,1722
79,01/08/2026 11:59,36,OBLIGATION_STATE,68452,137751,778,53,0,28513,39106,176,1777
80,01/08/2026 12:00,36,OBLIGATION_STATE,68591,158774,772,61,0,28773,38983,176,1696
81,01/08/2026 12:01,36,OBLIGATION_STATE,69767,316142,779,58,0,28918,40009,177,1715
82,01/08/2026 12:02,36,OBLIGATION_STATE,68987,146896,809,56,0,28731,39389,176,1750
83,01/08/2026 12:03,36,OBLIGATION_STATE,68574,108607,822,68,0,28555,39126,176,1736
84,01/08/2026 12:04,36,OBLIGATION_STATE,69001,857154,793,69,0,28664,39473,174,1621
85,01/08/2026 12:06,36,OBLIGATION_STATE,69399,139132,802,56,0,28983,39556,176,1746
86,01/08/2026 12:07,36,OBLIGATION_STATE,68791,138539,783,56,0,28768,39182,176,1749
87,01/08/2026 12:08,36,OBLIGATION_STATE,69103,151326,779,55,0,28714,39553,176,1762
88,01/08/2026 12:09,36,OBLIGATION_STATE,69786,131249,789,59,0,29008,39928,176,1733
89,01/08/2026 12:10,36,OBLIGATION_STATE,70272,872738,781,58,0,29578,39853,174,1638
90,01/08/2026 12:11,36,OBLIGATION_STATE,69728,151682,838,58,0,29012,39818,176,1756
91,01/08/2026 12:13,36,OBLIGATION_STATE,69686,150921,788,76,0,28960,39860,176,1754
92,01/08/2026 12:14,36,OBLIGATION_STATE,68709,145908,772,55,0,28557,39322,176,1732
93,01/08/2026 12:15,36,OBLIGATION_STATE,69418,329507,841,58,0,28869,39648,177,1742
94,01/08/2026 12:16,36,OBLIGATION_STATE,69154,132290,786,58,0,28604,39704,176,1765
95,01/08/2026 12:17,36,OBLIGATION_STATE,68668,162338,771,56,0,28570,39270,176,1705
96,01/08/2026 12:18,36,OBLIGATION_STATE,68863,145900,772,55,0,28757,39277,176,1732
97,01/08/2026 12:19,36,OBLIGATION_STATE,69228,151220,771,56,0,28810,39589,176,1739
98,01/08/2026 12:21,36,OBLIGATION_STATE,68788,132350,771,58,0,28634,39323,176,1774
99,01/08/2026 12:22,36,OBLIGATION_STATE,69176,139159,780,58,0,28907,39429,176,1768
100,01/08/2026 12:23,36,OBLIGATION_STATE,69370,164732,777,58,0,28852,39680,176,1718
101,01/08/2026 12:24,36,OBLIGATION_STATE,69739,144856,775,54,0,28974,39933,176,1757
102,01/08/2026 12:25,36,OBLIGATION_STATE,69499,132253,817,89,1,28848,39741,176,1782
103,01/08/2026 12:26,36,OBLIGATION_STATE,68869,138170,772,58,0,28811,39226,176,1748
104,01/08/2026 12:28,36,OBLIGATION_STATE,69148,257678,771,57,0,28994,39324,175,1760
105,01/08/2026 12:29,36,OBLIGATION_STATE,68783,158012,827,58,0,28574,39322,176,1736
106,01/08/2026 12:30,36,OBLIGATION_STATE,70158,110888,823,79,0,29118,40136,176,1739
107,01/08/2026 12:31,36,OBLIGATION_STATE,69755,138395,805,71,0,29014,39863,176,1752
108,01/08/2026 12:32,36,OBLIGATION_STATE,70153,164988,775,56,0,28954,40368,176,1729
109,01/08/2026 12:33,36,OBLIGATION_STATE,69252,151343,775,58,0,28783,39635,176,1756
110,01/08/2026 12:35,36,OBLIGATION_STATE,69767,92119,797,59,0,28968,39940,176,1743
111,01/08/2026 12:36,36,OBLIGATION_STATE,69316,166146,773,56,0,28895,39591,176,1734
112,01/08/2026 12:37,36,OBLIGATION_STATE,69036,872510,812,68,0,28846,39308,174,1634
113,01/08/2026 12:38,36,OBLIGATION_STATE,69461,857700,778,54,0,28843,39783,174,1607
114,01/08/2026 12:39,36,OBLIGATION_STATE,68481,102862,805,69,0,28444,39162,176,1718
115,01/08/2026 12:40,36,OBLIGATION_STATE,68565,866689,770,58,0,28442,39292,174,1605
116,01/08/2026 12:42,36,OBLIGATION_STATE,68868,131996,831,75,0,28696,39265,176,1736
117,01/08/2026 12:43,36,OBLIGATION_STATE,69494,131342,791,58,0,28938,39705,176,1757
118,01/08/2026 12:44,36,OBLIGATION_STATE,69590,151332,769,55,0,28768,39995,176,1767
119,01/08/2026 12:45,36,OBLIGATION_STATE,69274,131451,775,58,0,28875,39565,176,1780
120,01/08/2026 12:46,36,OBLIGATION_STATE,69021,132083,773,58,0,28407,39781,176,1732
121,01/08/2026 12:47,36,OBLIGATION_STATE,68838,158917,775,58,0,28881,39122,176,1754
122,01/08/2026 12:48,36,OBLIGATION_STATE,68978,165092,779,58,0,28741,39398,176,1760
123,01/08/2026 12:50,36,OBLIGATION_STATE,69328,163609,777,55,0,28722,39772,176,1715
124,01/08/2026 12:51,36,OBLIGATION_STATE,69038,67224,795,80,0,29027,39133,175,1736
125,01/08/2026 12:52,36,OBLIGATION_STATE,69021,151650,815,68,0,28841,39295,176,1752
126,01/08/2026 12:53,36,OBLIGATION_STATE,68727,139048,828,69,0,28605,39223,176,1751
127,01/08/2026 12:54,36,OBLIGATION_STATE,70809,162828,773,58,0,29729,40248,176,1763
128,01/08/2026 12:55,36,OBLIGATION_STATE,69050,87346,778,58,0,28706,39506,176,1776
129,01/08/2026 12:57,36,OBLIGATION_STATE,68847,869758,775,58,0,28706,39307,174,1596
130,01/08/2026 12:58,36,OBLIGATION_STATE,69398,866633,826,68,0,29015,39488,174,1620
131,01/08/2026 12:59,36,OBLIGATION_STATE,69389,131731,769,56,0,28974,39588,176,1790
132,01/08/2026 13:00,36,OBLIGATION_STATE,68923,176261,773,56,0,28682,39409,176,1722
133,01/08/2026 13:01,36,OBLIGATION_STATE,69405,152496,806,58,0,28873,39667,176,1728
134,01/08/2026 13:02,36,OBLIGATION_STATE,69063,333458,779,71,0,28779,39432,177,1769
135,01/08/2026 13:04,36,OBLIGATION_STATE,69788,132372,788,78,0,28975,39944,176,1760
136,01/08/2026 13:05,36,OBLIGATION_STATE,68648,138339,771,56,0,28625,39195,176,1754
137,01/08/2026 13:06,36,OBLIGATION_STATE,69061,138079,772,58,0,28842,39388,176,1726
138,01/08/2026 13:07,36,OBLIGATION_STATE,69189,92982,771,54,0,28793,39569,176,1776
139,01/08/2026 13:08,36,OBLIGATION_STATE,68406,165022,772,58,0,28531,39044,176,1765
140,01/08/2026 13:09,36,OBLIGATION_STATE,69282,163689,770,54,0,28715,39741,176,1755
141,01/08/2026 13:10,36,OBLIGATION_STATE,69425,132204,827,58,0,28912,39626,176,1784
142,01/08/2026 13:12,36,OBLIGATION_STATE,69233,131669,770,58,0,28955,39447,176,1766
143,01/08/2026 13:13,36,OBLIGATION_STATE,69630,864578,776,55,0,28993,39803,174,1629
144,01/08/2026 13:14,36,OBLIGATION_STATE,69659,865888,767,58,0,28907,39925,174,1619
145,01/08/2026 13:15,36,OBLIGATION_STATE,68967,158506,772,58,0,28683,39452,176,1760
146,01/08/2026 13:16,36,OBLIGATION_STATE,68814,164618,769,55,0,28725,39262,176,1748
147,01/08/2026 13:17,36,OBLIGATION_STATE,69462,159121,771,56,0,28800,39833,176,1772
148,01/08/2026 13:19,36,OBLIGATION_STATE,68998,125873,767,56,0,28860,39314,176,1758
149,01/08/2026 13:20,36,OBLIGATION_STATE,69731,144226,801,72,0,28973,39883,176,1781
150,01/08/2026 13:21,36,OBLIGATION_STATE,69690,138207,776,55,0,28988,39869,176,1753
151,01/08/2026 13:22,36,OBLIGATION_STATE,68551,354093,773,55,0,28500,39221,173,1731
152,01/08/2026 13:23,36,OBLIGATION_STATE,68152,371496,777,58,0,28449,38865,174,1715
153,01/08/2026 13:24,36,OBLIGATION_STATE,69311,103769,770,55,0,28796,39688,176,1778
154,01/08/2026 13:25,36,OBLIGATION_STATE,68992,157964,791,55,0,28876,39267,176,1767
155,01/08/2026 13:27,36,OBLIGATION_STATE,69175,865581,807,67,0,28844,39455,174,1645
156,01/08/2026 13:28,36,OBLIGATION_STATE,69489,67508,785,58,0,29142,39502,175,1753
157,01/08/2026 13:29,36,OBLIGATION_STATE,68824,132163,771,58,0,28548,39446,176,1757
158,01/08/2026 13:30,36,OBLIGATION_STATE,69575,145037,766,58,0,28921,39827,176,1764
159,01/08/2026 13:31,36,OBLIGATION_STATE,69471,164968,773,55,0,29128,39512,176,1742
160,01/08/2026 13:32,36,OBLIGATION_STATE,68889,872445,774,58,0,28562,39493,174,1598
161,01/08/2026 13:34,36,OBLIGATION_STATE,68988,872085,771,56,0,28708,39450,174,1650
162,01/08/2026 13:35,36,OBLIGATION_STATE,68809,258275,798,72,0,28557,39380,175,1757
163,01/08/2026 13:36,36,OBLIGATION_STATE,68990,68154,765,57,0,28783,39383,175,1737
164,01/08/2026 13:37,36,OBLIGATION_STATE,69163,252184,775,55,0,28802,39529,175,1781
165,01/08/2026 13:38,36,OBLIGATION_STATE,68865,164373,785,67,0,28617,39393,176,1734
166,01/08/2026 13:39,36,OBLIGATION_STATE,68621,171245,775,58,0,28466,39320,176,1714
167,01/08/2026 13:40,36,OBLIGATION_STATE,68772,134012,778,57,0,28601,39334,176,1738
168,01/08/2026 13:42,36,OBLIGATION_STATE,68877,110382,776,56,0,28578,39464,176,1717
169,01/08/2026 13:43,36,OBLIGATION_STATE,68552,164791,812,56,0,28643,39039,176,1746
170,01/08/2026 13:44,36,OBLIGATION_STATE,69257,145360,773,58,0,28720,39704,176,1786
171,01/08/2026 13:45,36,OBLIGATION_STATE,69383,164372,773,56,0,28983,39569,176,1762
172,01/08/2026 13:46,36,OBLIGATION_STATE,68636,131939,784,78,0,28694,39077,176,1763
173,01/08/2026 13:47,36,OBLIGATION_STATE,69541,866743,768,58,0,28953,39760,174,1618
174,01/08/2026 13:49,36,OBLIGATION_STATE,68584,145845,767,55,0,28580,39181,176,1753
175,01/08/2026 13:50,36,OBLIGATION_STATE,70022,147270,811,66,0,29351,39792,176,1720
176,01/08/2026 13:51,36,OBLIGATION_STATE,69005,132426,776,57,0,28632,39538,176,1782
177,01/08/2026 13:52,36,OBLIGATION_STATE,69150,169494,776,56,0,28879,39437,176,1772
178,01/08/2026 13:53,36,OBLIGATION_STATE,69025,152817,774,58,0,28742,39449,176,1713
179,01/08/2026 13:54,36,OBLIGATION_STATE,69034,158405,786,73,0,28766,39407,176,1732
180,01/08/2026 13:56,36,OBLIGATION_STATE,69284,152602,806,89,0,28722,39664,176,1797
181,01/08/2026 13:57,36,OBLIGATION_STATE,69002,147855,780,53,0,28647,39520,176,1739
182,01/08/2026 13:58,36,OBLIGATION_STATE,69632,133939,823,78,0,28835,39893,176,1759
183,01/08/2026 13:59,36,OBLIGATION_STATE,68544,866579,779,58,0,28612,39092,174,1628
184,01/08/2026 14:00,36,OBLIGATION_STATE,68321,872851,784,56,0,28388,39090,174,1625
185,01/08/2026 14:01,36,OBLIGATION_STATE,68884,164110,795,76,0,28482,39529,176,1717
186,01/08/2026 14:02,36,OBLIGATION_STATE,70105,309746,772,55,0,29226,40050,177,1791
187,01/08/2026 14:04,36,OBLIGATION_STATE,68858,864046,796,56,0,28680,39324,174,1590
188,01/08/2026 14:05,36,OBLIGATION_STATE,69269,163901,776,57,0,28846,39588,176,1742
189,01/08/2026 14:06,36,OBLIGATION_STATE,69335,138915,770,59,0,28999,39505,176,1738
190,01/08/2026 14:07,36,OBLIGATION_STATE,68822,166793,784,58,0,28789,39189,176,1716
191,01/08/2026 14:08,36,OBLIGATION_STATE,69363,156630,780,56,0,28975,39550,176,1747
192,01/08/2026 14:09,36,OBLIGATION_STATE,69642,150964,779,72,0,28989,39800,176,1729
193,01/08/2026 14:11,36,OBLIGATION_STATE,68702,143952,826,58,0,28630,39186,176,1760
194,01/08/2026 14:12,36,OBLIGATION_STATE,69287,872669,774,56,0,28775,39681,174,1605
195,01/08/2026 14:13,36,OBLIGATION_STATE,69568,163830,782,56,0,29095,39632,176,1740
196,01/08/2026 14:14,36,OBLIGATION_STATE,70007,165874,814,92,0,28835,40264,176,1742
197,01/08/2026 14:15,36,OBLIGATION_STATE,69181,151771,772,56,0,28641,39710,176,1789
198,01/08/2026 14:16,36,OBLIGATION_STATE,69716,139397,794,76,0,29148,39696,176,1749
199,01/08/2026 14:18,36,OBLIGATION_STATE,69634,132831,829,72,0,29028,39702,176,1755
200,01/08/2026 14:19,36,OBLIGATION_STATE,68832,139395,773,55,0,28715,39287,176,1729
1,01/08/2026 14:21,45,OBLIGATION_STATE,149062,482535,769,80,0,76283,71927,364,3945
2,01/08/2026 14:24,45,OBLIGATION_STATE,156356,457654,781,64,0,79934,75574,364,3953
3,01/08/2026 14:26,45,OBLIGATION_STATE,152450,464295,775,62,0,77738,73874,365,3955
4,01/08/2026 14:29,45,OBLIGATION_STATE,150039,488856,779,65,0,76032,73162,364,3991
5,01/08/2026 14:31,45,OBLIGATION_STATE,151682,633883,815,81,0,76983,73802,367,4005
6,01/08/2026 14:34,45,OBLIGATION_STATE,152228,450664,786,64,0,77532,73843,365,3954
7,01/08/2026 14:37,45,OBLIGATION_STATE,154594,619258,778,62,0,78953,74800,362,3944
8,01/08/2026 14:39,45,OBLIGATION_STATE,153433,655008,827,79,0,77951,74574,367,4006
9,01/08/2026 14:42,45,OBLIGATION_STATE,150713,470484,852,66,0,77354,72439,364,3968
10,01/08/2026 14:44,45,OBLIGATION_STATE,154129,580822,776,75,0,79020,74255,363,3924
11,01/08/2026 14:47,45,OBLIGATION_STATE,151530,482847,779,64,0,77684,73001,364,3923
12,01/08/2026 14:49,45,OBLIGATION_STATE,153554,482358,788,83,0,78006,74675,364,3953
13,01/08/2026 14:52,45,OBLIGATION_STATE,152904,464529,776,63,0,77987,74076,365,3948
14,01/08/2026 14:54,45,OBLIGATION_STATE,151857,451050,820,74,0,77675,73286,365,3959
15,01/08/2026 14:57,45,OBLIGATION_STATE,148806,450449,766,62,0,76078,71896,365,3939
16,01/08/2026 14:59,45,OBLIGATION_STATE,151770,419652,777,65,0,76990,73935,364,3903
17,01/08/2026 15:02,45,OBLIGATION_STATE,153682,520983,771,62,0,78990,73858,364,4058
18,01/08/2026 15:04,45,OBLIGATION_STATE,150467,489128,770,62,0,77036,72596,364,3942
19,01/08/2026 15:07,45,OBLIGATION_STATE,148590,476957,779,63,0,76209,71537,364,3896
20,01/08/2026 15:10,45,OBLIGATION_STATE,151987,482393,772,62,0,77779,73372,364,3948
21,01/08/2026 15:12,45,OBLIGATION_STATE,148920,482669,791,62,0,76298,71768,364,4013
22,01/08/2026 15:15,45,OBLIGATION_STATE,150590,495595,774,65,0,76580,73170,364,3964
23,01/08/2026 15:17,45,OBLIGATION_STATE,149182,667493,773,62,0,76354,71991,366,3979
24,01/08/2026 15:20,45,OBLIGATION_STATE,152696,450523,835,85,0,78073,73702,365,3986
25,01/08/2026 15:22,45,OBLIGATION_STATE,151186,514770,770,62,0,77767,72585,364,4020
26,01/08/2026 15:25,45,OBLIGATION_STATE,153731,451152,773,63,0,78359,74535,365,3941
27,01/08/2026 15:27,45,OBLIGATION_STATE,152865,446801,769,81,0,78104,73909,365,3949
28,01/08/2026 15:30,45,OBLIGATION_STATE,152889,557248,771,65,0,77354,74697,368,4072
29,01/08/2026 15:32,45,OBLIGATION_STATE,149457,593662,774,63,0,76229,72389,363,3989
30,01/08/2026 15:35,45,OBLIGATION_STATE,151662,494961,777,65,0,77636,73181,364,3921
31,01/08/2026 15:37,45,OBLIGATION_STATE,153808,476325,776,62,0,78219,74750,364,3927
32,01/08/2026 15:40,45,OBLIGATION_STATE,153094,660862,795,65,0,77922,74310,364,4029
33,01/08/2026 15:42,45,OBLIGATION_STATE,153040,581233,774,62,0,77707,74494,363,3959
34,01/08/2026 15:45,45,OBLIGATION_STATE,149312,455926,810,68,0,76558,71873,365,3998
35,01/08/2026 15:47,45,OBLIGATION_STATE,152758,465027,773,64,0,77830,74089,364,3940
36,01/08/2026 15:50,45,OBLIGATION_STATE,148650,494905,771,62,0,76186,71629,364,3949
37,01/08/2026 15:52,45,OBLIGATION_STATE,149866,476845,772,62,0,76882,72148,364,3947
38,01/08/2026 15:55,45,OBLIGATION_STATE,153522,494559,773,65,0,78476,74207,364,3919
39,01/08/2026 15:58,45,OBLIGATION_STATE,152221,611697,768,64,0,77618,73769,364,4034
40,01/08/2026 16:00,45,OBLIGATION_STATE,150454,515295,788,65,0,76462,73137,364,3999
41,01/08/2026 16:03,45,OBLIGATION_STATE,150541,567957,771,62,0,76383,73323,363,3939
42,01/08/2026 16:05,45,OBLIGATION_STATE,153343,580431,769,62,0,77711,74799,363,3986
43,01/08/2026 16:08,45,OBLIGATION_STATE,153272,655617,777,64,0,77460,74968,367,4062
44,01/08/2026 16:10,45,OBLIGATION_STATE,151210,482810,771,62,0,77256,73119,364,3984
45,01/08/2026 16:13,45,OBLIGATION_STATE,152012,655820,775,62,0,77643,73530,364,3993
46,01/08/2026 16:15,45,OBLIGATION_STATE,150021,592969,778,63,0,76952,72226,366,3913
47,01/08/2026 16:18,45,OBLIGATION_STATE,154462,568262,837,64,0,78254,75304,363,3926
48,01/08/2026 16:20,45,OBLIGATION_STATE,154007,527380,822,87,0,78343,74753,364,4005
49,01/08/2026 16:23,45,OBLIGATION_STATE,153838,455470,776,63,0,77976,75021,365,3916
50,01/08/2026 16:26,45,OBLIGATION_STATE,153479,439700,769,62,0,78048,74597,364,3984
51,01/08/2026 16:28,45,OBLIGATION_STATE,149268,494856,815,75,0,76488,71888,364,3956
52,01/08/2026 16:31,45,OBLIGATION_STATE,156007,670315,777,62,0,79581,75585,364,3991
53,01/08/2026 16:33,45,OBLIGATION_STATE,152503,476727,774,62,0,78363,73302,364,3951
54,01/08/2026 16:36,45,OBLIGATION_STATE,151534,455538,774,66,0,77582,73110,365,3953
55,01/08/2026 16:38,45,OBLIGATION_STATE,155776,718564,773,79,0,79567,75354,366,3981
56,01/08/2026 16:41,45,OBLIGATION_STATE,149101,477045,770,61,0,76536,71731,364,3971
57,01/08/2026 16:43,45,OBLIGATION_STATE,152878,476669,790,64,0,78520,73501,364,4004
58,01/08/2026 16:46,45,OBLIGATION_STATE,153223,476831,798,65,0,78658,73699,364,3925
59,01/08/2026 16:49,45,OBLIGATION_STATE,154587,655471,808,85,0,78437,75254,364,3943
60,01/08/2026 16:51,45,OBLIGATION_STATE,148517,476737,777,65,0,76062,71611,364,3970
61,01/08/2026 16:54,45,OBLIGATION_STATE,153097,488682,843,65,0,78174,74012,364,3933
62,01/08/2026 16:56,45,OBLIGATION_STATE,153153,688082,775,62,0,78484,73831,364,4001
63,01/08/2026 16:59,45,OBLIGATION_STATE,149514,370259,773,62,0,76367,72310,362,3931
64,01/08/2026 17:01,45,OBLIGATION_STATE,152446,450524,798,86,0,77800,73760,365,3962
65,01/08/2026 17:04,45,OBLIGATION_STATE,153939,470457,770,62,0,78482,74622,365,4047
66,01/08/2026 17:06,45,OBLIGATION_STATE,153544,610518,808,87,0,77471,75175,368,4046
67,01/08/2026 17:09,45,OBLIGATION_STATE,151639,482557,791,64,0,77906,72876,364,3887
68,01/08/2026 17:11,45,OBLIGATION_STATE,149587,488811,773,62,0,76694,72057,364,3929
69,01/08/2026 17:14,45,OBLIGATION_STATE,149853,707254,782,62,0,76410,72597,366,4020
70,01/08/2026 17:16,45,OBLIGATION_STATE,148618,489151,780,64,0,76107,71665,364,3947
71,01/08/2026 17:19,45,OBLIGATION_STATE,151524,594745,778,65,0,76756,73923,362,3977
72,01/08/2026 17:21,45,OBLIGATION_STATE,151277,482738,773,62,0,77349,73091,364,3929
73,01/08/2026 17:24,45,OBLIGATION_STATE,152669,713617,812,80,0,78217,73557,366,4031
74,01/08/2026 17:26,45,OBLIGATION_STATE,154645,470734,819,80,0,79114,74631,364,3941
75,01/08/2026 17:29,45,OBLIGATION_STATE,149359,489049,787,62,0,76685,71822,364,3962
76,01/08/2026 17:31,45,OBLIGATION_STATE,150229,482869,781,62,0,77043,72340,364,3950
77,01/08/2026 17:34,45,OBLIGATION_STATE,149739,482310,778,65,0,76963,71931,364,3939
78,01/08/2026 17:37,45,OBLIGATION_STATE,151469,488514,768,63,0,77525,73111,364,3997
79,01/08/2026 17:39,45,OBLIGATION_STATE,150194,488693,772,63,0,76441,72915,364,3930
80,01/08/2026 17:41,45,OBLIGATION_STATE,148207,488598,771,64,0,75899,71470,364,3951
81,01/08/2026 17:44,45,OBLIGATION_STATE,151689,494934,775,62,0,77934,72915,364,3961
82,01/08/2026 17:47,45,OBLIGATION_STATE,151950,488546,776,62,0,78055,73054,364,3980
83,01/08/2026 17:49,45,OBLIGATION_STATE,151120,488588,772,62,0,77359,72924,364,3966
84,01/08/2026 17:52,45,OBLIGATION_STATE,150765,476764,774,63,0,77514,72412,364,3960
85,01/08/2026 17:54,45,OBLIGATION_STATE,153632,662258,774,61,0,77868,74927,367,4021
86,01/08/2026 17:57,45,OBLIGATION_STATE,151525,633964,806,74,0,76996,73647,367,4047
87,01/08/2026 17:59,45,OBLIGATION_STATE,152822,483558,779,64,0,78348,73629,364,3947
88,01/08/2026 18:02,45,OBLIGATION_STATE,150489,578559,817,64,0,76711,72894,365,3900
89,01/08/2026 18:04,45,OBLIGATION_STATE,153188,470427,821,65,0,78373,73927,365,3948
90,01/08/2026 18:07,45,OBLIGATION_STATE,151445,482474,787,62,0,77544,73049,364,3912
91,01/08/2026 18:09,45,OBLIGATION_STATE,152085,476635,773,62,0,77939,73309,364,3952
92,01/08/2026 18:12,45,OBLIGATION_STATE,152550,470377,776,60,0,77971,73740,364,3961
93,01/08/2026 18:14,45,OBLIGATION_STATE,149189,471372,775,62,0,76154,72195,365,3967
94,01/08/2026 18:17,45,OBLIGATION_STATE,151172,501035,782,62,0,77532,72795,364,3922
95,01/08/2026 18:19,45,OBLIGATION_STATE,151081,496795,773,62,0,77053,73190,368,3987
96,01/08/2026 18:22,45,OBLIGATION_STATE,151858,669859,778,63,0,77454,73560,364,4033
97,01/08/2026 18:25,45,OBLIGATION_STATE,153758,557349,789,61,0,77868,75038,368,4104
98,01/08/2026 18:27,45,OBLIGATION_STATE,153122,476877,776,62,0,77851,74431,365,3895
99,01/08/2026 18:30,45,OBLIGATION_STATE,152450,588693,773,64,0,77900,73711,362,3926
100,01/08/2026 18:32,45,OBLIGATION_STATE,150364,693376,811,87,0,76426,73038,365,4061
101,01/08/2026 18:35,45,OBLIGATION_STATE,150624,670247,775,64,0,76677,73105,364,4019
102,01/08/2026 18:37,45,OBLIGATION_STATE,149865,488888,772,62,0,76977,72053,364,3936
103,01/08/2026 18:40,45,OBLIGATION_STATE,150122,454520,825,77,0,75839,73379,365,3951
104,01/08/2026 18:42,45,OBLIGATION_STATE,154409,515226,766,64,0,79030,74546,364,4051
105,01/08/2026 18:45,45,OBLIGATION_STATE,154510,488770,775,64,0,79072,74596,364,3946
106,01/08/2026 18:47,45,OBLIGATION_STATE,153295,664338,773,64,0,77905,74550,364,3958
107,01/08/2026 18:50,45,OBLIGATION_STATE,150499,693817,769,61,0,76176,73490,365,4020
108,01/08/2026 18:52,45,OBLIGATION_STATE,151826,476530,784,62,0,78049,72928,364,3957
109,01/08/2026 18:55,45,OBLIGATION_STATE,151971,476966,780,63,0,77658,73468,364,3924
110,01/08/2026 18:57,45,OBLIGATION_STATE,149394,482631,777,63,0,76419,72132,364,3941
111,01/08/2026 19:00,45,OBLIGATION_STATE,154708,488660,796,64,0,79318,74527,364,3983
112,01/08/2026 19:03,45,OBLIGATION_STATE,151005,470506,778,64,0,76858,73303,365,3946
113,01/08/2026 19:05,45,OBLIGATION_STATE,148781,476485,768,64,0,76413,71534,364,3969
114,01/08/2026 19:08,45,OBLIGATION_STATE,148632,488796,840,77,0,75967,71744,364,3931
115,01/08/2026 19:10,45,OBLIGATION_STATE,153814,470955,770,61,0,78753,74227,364,3921
116,01/08/2026 19:13,45,OBLIGATION_STATE,152260,667660,778,63,0,77356,74061,364,3970
117,01/08/2026 19:15,45,OBLIGATION_STATE,149181,618719,784,63,0,76521,71811,366,3924
118,01/08/2026 19:18,45,OBLIGATION_STATE,150556,600340,781,64,0,76476,73232,363,3993
119,01/08/2026 19:20,45,OBLIGATION_STATE,152529,450841,771,64,0,77957,73735,365,3919
120,01/08/2026 19:23,45,OBLIGATION_STATE,152011,482329,776,59,0,77610,73564,364,3928
121,01/08/2026 19:25,45,OBLIGATION_STATE,152905,450216,804,74,0,78271,73754,365,3968
122,01/08/2026 19:28,45,OBLIGATION_STATE,151969,470311,774,65,0,77661,73466,364,3984
123,01/08/2026 19:30,45,OBLIGATION_STATE,150800,476636,807,64,0,77264,72663,364,3905
124,01/08/2026 19:33,45,OBLIGATION_STATE,151887,488596,766,64,0,77644,73410,364,3948
125,01/08/2026 19:35,45,OBLIGATION_STATE,154936,488850,776,62,0,79584,74512,364,3921
126,01/08/2026 19:38,45,OBLIGATION_STATE,153461,610224,817,73,0,77797,74772,368,3922
127,01/08/2026 19:41,45,OBLIGATION_STATE,155778,574877,794,98,0,78814,76070,363,3921
128,01/08/2026 19:43,45,OBLIGATION_STATE,155434,568748,780,64,0,79200,75387,362,4001
129,01/08/2026 19:46,45,OBLIGATION_STATE,152676,515275,774,62,0,78176,73661,364,3970
130,01/08/2026 19:48,45,OBLIGATION_STATE,151716,482379,775,65,0,77659,73216,364,3993
131,01/08/2026 19:51,45,OBLIGATION_STATE,149949,455962,779,70,0,76482,72616,364,3974
132,01/08/2026 19:53,45,OBLIGATION_STATE,148613,476876,776,64,0,76254,71517,364,3935
133,01/08/2026 19:56,45,OBLIGATION_STATE,156228,707246,774,67,0,79492,75894,366,4074
134,01/08/2026 19:58,45,OBLIGATION_STATE,153355,521322,789,63,0,78513,73988,364,3997
135,01/08/2026 20:01,45,OBLIGATION_STATE,149127,455711,777,63,0,76279,72006,365,3986
136,01/08/2026 20:04,45,OBLIGATION_STATE,152871,449811,775,61,0,78157,73875,365,3932
137,01/08/2026 20:06,45,OBLIGATION_STATE,149290,464868,785,63,0,76324,72116,364,3934
138,01/08/2026 20:09,45,OBLIGATION_STATE,150509,634001,776,64,0,76077,73589,367,3994
139,01/08/2026 20:11,45,OBLIGATION_STATE,152120,470471,850,76,0,77838,73354,364,3944
140,01/08/2026 20:14,45,OBLIGATION_STATE,152801,600415,770,69,0,77250,74709,363,3949
141,01/08/2026 20:16,45,OBLIGATION_STATE,152288,569387,772,64,0,77286,74163,363,3914
142,01/08/2026 20:19,45,OBLIGATION_STATE,154419,483375,771,63,0,78887,74696,364,3946
143,01/08/2026 20:21,45,OBLIGATION_STATE,153632,664441,772,62,0,78399,74397,364,4034
144,01/08/2026 20:24,45,OBLIGATION_STATE,149200,482744,776,63,0,76356,72003,364,3989
145,01/08/2026 20:26,45,OBLIGATION_STATE,152471,464492,813,64,0,77325,74267,365,3898
146,01/08/2026 20:29,45,OBLIGATION_STATE,153468,573857,772,65,0,77853,74776,363,3932
147,01/08/2026 20:31,45,OBLIGATION_STATE,148853,515218,771,64,0,76071,71945,364,3986
148,01/08/2026 20:34,45,OBLIGATION_STATE,152220,482735,770,63,0,78057,73328,364,3908
149,01/08/2026 20:36,45,OBLIGATION_STATE,151332,707135,779,78,0,77212,73261,366,4016
150,01/08/2026 20:39,45,OBLIGATION_STATE,154159,569179,817,76,0,78919,74345,362,3914
151,01/08/2026 20:42,45,OBLIGATION_STATE,152437,470611,769,64,0,77635,73967,366,4060
152,01/08/2026 20:44,45,OBLIGATION_STATE,154037,657752,771,64,0,78667,74533,364,4009
153,01/08/2026 20:47,45,OBLIGATION_STATE,151424,606842,811,58,0,76899,73654,363,3932
154,01/08/2026 20:49,45,OBLIGATION_STATE,151917,476597,771,64,0,77869,73211,364,3946
155,01/08/2026 20:52,45,OBLIGATION_STATE,152226,594977,807,72,0,77716,73629,362,3966
156,01/08/2026 20:54,45,OBLIGATION_STATE,151808,597332,775,64,0,77493,73474,364,4005
157,01/08/2026 20:57,45,OBLIGATION_STATE,151881,464624,766,61,0,77710,73342,365,3986
158,01/08/2026 20:59,45,OBLIGATION_STATE,151494,661954,771,66,0,76800,73854,360,3938
159,01/08/2026 21:02,45,OBLIGATION_STATE,154388,654805,772,64,0,78041,75509,364,4014
160,01/08/2026 21:04,45,OBLIGATION_STATE,149671,456166,778,64,0,76052,72774,365,3932
161,01/08/2026 21:07,45,OBLIGATION_STATE,149293,471083,775,65,0,76256,72195,365,3935
162,01/08/2026 21:09,45,OBLIGATION_STATE,148813,482733,806,78,0,76368,71559,364,3988
163,01/08/2026 21:12,45,OBLIGATION_STATE,148723,465272,778,63,0,75976,71904,364,3938
164,01/08/2026 21:14,45,OBLIGATION_STATE,150169,596350,778,64,0,76950,72375,366,3989
165,01/08/2026 21:17,45,OBLIGATION_STATE,150100,540700,777,64,0,76602,72655,362,3973
166,01/08/2026 21:19,45,OBLIGATION_STATE,155793,569102,776,64,0,79660,75291,362,3955
167,01/08/2026 21:22,45,OBLIGATION_STATE,152976,649308,775,66,0,77697,74436,365,4032
168,01/08/2026 21:25,45,OBLIGATION_STATE,154939,488681,779,64,0,79121,74973,364,3938
169,01/08/2026 21:27,45,OBLIGATION_STATE,153732,482473,786,84,0,79075,73785,364,3974
170,01/08/2026 21:30,45,OBLIGATION_STATE,150358,482780,777,61,0,77043,72474,364,3910
171,01/08/2026 21:32,45,OBLIGATION_STATE,152326,527215,777,62,0,77764,73720,364,4057
172,01/08/2026 21:35,45,OBLIGATION_STATE,152165,476554,800,79,0,77795,73489,364,3966
173,01/08/2026 21:37,45,OBLIGATION_STATE,153561,450129,778,63,0,78325,74393,365,4026
174,01/08/2026 21:40,45,OBLIGATION_STATE,149850,450487,843,69,0,76445,72491,365,3978
175,01/08/2026 21:42,45,OBLIGATION_STATE,153614,456211,805,61,0,78716,74030,365,4078
176,01/08/2026 21:45,45,OBLIGATION_STATE,150417,476863,794,72,0,76868,72681,364,3990
177,01/08/2026 21:47,45,OBLIGATION_STATE,149335,508231,778,65,0,76080,72410,366,4055
178,01/08/2026 21:50,45,OBLIGATION_STATE,152892,574974,812,81,0,77707,74289,363,3939
179,01/08/2026 21:52,45,OBLIGATION_STATE,149791,488534,773,63,0,76797,72156,364,3913
180,01/08/2026 21:55,45,OBLIGATION_STATE,150607,476705,836,62,0,77402,72306,364,3926
181,01/08/2026 21:58,45,OBLIGATION_STATE,152033,593146,770,62,0,77888,73311,366,3949
182,01/08/2026 22:00,45,OBLIGATION_STATE,149229,509342,770,61,0,76092,72303,364,4029
183,01/08/2026 22:03,45,OBLIGATION_STATE,151914,650013,774,64,0,76835,74239,367,3992
184,01/08/2026 22:05,45,OBLIGATION_STATE,152948,455192,796,65,0,77821,74263,365,3974
185,01/08/2026 22:08,45,OBLIGATION_STATE,149228,450520,786,65,0,76187,72187,365,3944
186,01/08/2026 22:10,45,OBLIGATION_STATE,149145,476851,776,65,0,76745,71558,364,3968
187,01/08/2026 22:13,45,OBLIGATION_STATE,150504,455455,797,78,0,76691,72936,365,3935
188,01/08/2026 22:15,45,OBLIGATION_STATE,151184,482451,785,62,0,77543,72792,364,3922
189,01/08/2026 22:18,45,OBLIGATION_STATE,150964,442323,777,65,0,76750,73371,362,4064
190,01/08/2026 22:20,45,OBLIGATION_STATE,151044,657736,779,65,0,76930,73268,364,4019
191,01/08/2026 22:23,45,OBLIGATION_STATE,151980,473076,779,64,0,77834,73302,364,3963
192,01/08/2026 22:25,45,OBLIGATION_STATE,149513,455926,839,80,0,76185,72407,365,3987
193,01/08/2026 22:28,45,OBLIGATION_STATE,151993,454767,793,62,0,77599,73537,365,4011
194,01/08/2026 22:30,45,OBLIGATION_STATE,149105,599688,779,62,0,76365,71898,366,3967
195,01/08/2026 22:33,45,OBLIGATION_STATE,150973,682700,783,62,0,77268,72858,364,4056
196,01/08/2026 22:35,45,OBLIGATION_STATE,154261,488661,772,62,0,78658,74768,364,3956
197,01/08/2026 22:38,45,OBLIGATION_STATE,150500,488950,775,65,0,77048,72610,364,3927
198,01/08/2026 22:40,45,OBLIGATION_STATE,151836,495294,818,72,0,77396,73547,364,3948
199,01/08/2026 22:43,45,OBLIGATION_STATE,148719,477232,769,62,0,76463,71423,364,3931
200,01/08/2026 22:45,45,OBLIGATION_STATE,152927,706159,829,90,0,78026,73979,366,4037
1,01/08/2026 22:51,54,OBLIGATION_STATE,317941,557130,772,107,0,63590,253470,652,7609
2,01/08/2026 22:56,54,OBLIGATION_STATE,325021,457334,773,70,0,64200,259975,653,7598
3,01/08/2026 23:02,54,OBLIGATION_STATE,318046,556378,771,69,0,63520,253684,652,7554
4,01/08/2026 23:07,54,OBLIGATION_STATE,320926,608901,799,67,0,63732,256325,656,7575
5,01/08/2026 23:12,54,OBLIGATION_STATE,320451,562897,769,67,0,63848,255763,652,7513
6,01/08/2026 23:18,54,OBLIGATION_STATE,322604,563805,793,70,0,63573,258166,652,7594
7,01/08/2026 23:23,54,OBLIGATION_STATE,319763,550770,775,70,0,63412,255504,649,7528
8,01/08/2026 23:28,54,OBLIGATION_STATE,321359,556265,787,85,0,63949,256536,652,7597
9,01/08/2026 23:34,54,OBLIGATION_STATE,316547,294926,771,61,0,63164,252549,658,7623
10,01/08/2026 23:39,54,OBLIGATION_STATE,316034,562973,774,79,0,62963,252216,652,7549
11,01/08/2026 23:44,54,OBLIGATION_STATE,326011,556517,776,69,0,64624,260539,652,7603
12,01/08/2026 23:50,54,OBLIGATION_STATE,320660,556750,804,79,0,63780,255993,652,7551
13,01/08/2026 23:55,54,OBLIGATION_STATE,319463,489591,778,70,0,63632,254981,653,7505
14,02/08/2026 00:00,54,OBLIGATION_STATE,323103,557366,774,70,0,64469,257788,649,7473
15,02/08/2026 00:06,54,OBLIGATION_STATE,323501,489724,773,67,0,63972,258686,653,7622
16,02/08/2026 00:11,54,OBLIGATION_STATE,324630,311316,771,67,0,64423,259367,658,7561
17,02/08/2026 00:17,54,OBLIGATION_STATE,323040,556158,777,69,0,63990,258202,652,7713
18,02/08/2026 00:22,54,OBLIGATION_STATE,323256,563710,829,79,0,64324,258023,652,7555
19,02/08/2026 00:27,54,OBLIGATION_STATE,324675,483161,783,70,0,64786,259033,653,7473
20,02/08/2026 00:33,54,OBLIGATION_STATE,319426,556250,774,69,0,63708,254873,652,7662
21,02/08/2026 00:38,54,OBLIGATION_STATE,322513,562957,774,68,0,64532,257136,652,7577
22,02/08/2026 00:43,54,OBLIGATION_STATE,318529,557221,785,69,0,63052,254621,652,7543
23,02/08/2026 00:49,54,OBLIGATION_STATE,322127,294864,805,87,0,64591,256641,658,7544
24,02/08/2026 00:54,54,OBLIGATION_STATE,321487,550706,783,92,0,63972,256637,652,7478
25,02/08/2026 00:59,54,OBLIGATION_STATE,316267,550089,833,93,0,63314,252025,652,7566
26,02/08/2026 01:05,54,OBLIGATION_STATE,325705,490352,776,67,0,65243,259616,654,7570
27,02/08/2026 01:10,54,OBLIGATION_STATE,318185,556705,809,83,0,63743,253547,652,7535
28,02/08/2026 01:15,54,OBLIGATION_STATE,322303,550681,772,67,0,63814,257648,652,7525
29,02/08/2026 01:21,54,OBLIGATION_STATE,321515,562966,772,67,0,63929,256744,652,7548
30,02/08/2026 01:26,54,OBLIGATION_STATE,325055,484056,756,70,0,64424,259802,654,7593
31,02/08/2026 01:32,54,OBLIGATION_STATE,317675,490303,776,69,0,63290,253537,654,7609
32,02/08/2026 01:37,54,OBLIGATION_STATE,322539,563787,770,67,0,64688,257012,652,7503
33,02/08/2026 01:42,54,OBLIGATION_STATE,319728,562939,769,67,0,63846,255044,652,7599
34,02/08/2026 01:48,54,OBLIGATION_STATE,321027,490332,866,69,0,63920,256168,654,7591
35,02/08/2026 01:53,54,OBLIGATION_STATE,319017,509335,791,69,0,64020,254136,655,7480
36,02/08/2026 01:58,54,OBLIGATION_STATE,322588,550209,773,62,0,64075,257676,652,7595
37,02/08/2026 02:04,54,OBLIGATION_STATE,323815,556728,771,69,0,63658,259316,652,7615
38,02/08/2026 02:09,54,OBLIGATION_STATE,323619,556750,773,67,0,64370,258407,652,7493
39,02/08/2026 02:15,54,OBLIGATION_STATE,325470,550628,774,71,0,64428,260195,652,7604
40,02/08/2026 02:20,54,OBLIGATION_STATE,323106,515888,784,83,0,64056,258182,655,7553
41,02/08/2026 02:25,54,OBLIGATION_STATE,315707,550373,769,70,0,63279,251588,652,7557
42,02/08/2026 02:31,54,OBLIGATION_STATE,324139,295067,773,69,0,64593,258701,657,7515
43,02/08/2026 02:36,54,OBLIGATION_STATE,322950,463384,772,66,0,64069,258041,653,7574
44,02/08/2026 02:41,54,OBLIGATION_STATE,322437,550186,771,67,0,63995,257601,652,7517
45,02/08/2026 02:47,54,OBLIGATION_STATE,325087,562923,772,69,0,63979,260264,652,7581
46,02/08/2026 02:52,54,OBLIGATION_STATE,323237,563459,785,68,0,64171,258210,652,7584
47,02/08/2026 02:58,54,OBLIGATION_STATE,322699,490364,773,67,0,63884,257973,654,7514
48,02/08/2026 03:03,54,OBLIGATION_STATE,322544,322297,772,70,0,64176,257524,657,7582
49,02/08/2026 03:08,54,OBLIGATION_STATE,325555,556851,774,69,0,64505,260205,652,7522
50,02/08/2026 03:14,54,OBLIGATION_STATE,321999,562805,774,68,0,63799,257356,652,7531
51,02/08/2026 03:19,54,OBLIGATION_STATE,321442,563848,771,67,0,63901,256701,652,7610
52,02/08/2026 03:25,54,OBLIGATION_STATE,323357,464218,771,64,0,63964,258556,653,7508
53,02/08/2026 03:30,54,OBLIGATION_STATE,322851,556514,782,67,0,64235,257764,652,7588
54,02/08/2026 03:35,54,OBLIGATION_STATE,316869,563825,779,69,0,63075,252944,652,7565
55,02/08/2026 03:41,54,OBLIGATION_STATE,323684,562914,819,94,0,64269,258499,652,7590
56,02/08/2026 03:46,54,OBLIGATION_STATE,326286,549812,772,70,0,64166,261277,652,7534
57,02/08/2026 03:51,54,OBLIGATION_STATE,319013,582744,767,65,0,63482,254697,656,7539
58,02/08/2026 03:57,54,OBLIGATION_STATE,324726,556322,775,68,0,64351,259531,652,7551
59,02/08/2026 04:02,54,OBLIGATION_STATE,319990,528588,806,69,0,63531,255582,655,7574
60,02/08/2026 04:08,54,OBLIGATION_STATE,324734,563875,770,68,0,64717,259177,652,7638
61,02/08/2026 04:13,54,OBLIGATION_STATE,323145,550250,772,67,0,63898,258406,652,7556
62,02/08/2026 04:18,54,OBLIGATION_STATE,323786,577027,828,70,0,64321,258565,652,7550
63,02/08/2026 04:24,54,OBLIGATION_STATE,321788,328484,774,69,0,64201,256742,657,7516
64,02/08/2026 04:29,54,OBLIGATION_STATE,325577,562913,770,67,0,64121,260616,652,7499
65,02/08/2026 04:35,54,OBLIGATION_STATE,325423,563971,778,70,0,64356,260218,652,7438
66,02/08/2026 04:40,54,OBLIGATION_STATE,324200,483170,778,68,0,64289,259063,653,7549
67,02/08/2026 04:45,54,OBLIGATION_STATE,321514,602291,801,83,0,64218,256410,656,7589
68,02/08/2026 04:51,54,OBLIGATION_STATE,319917,509782,822,103,0,63650,255340,654,7579
69,02/08/2026 04:56,54,OBLIGATION_STATE,320593,483299,773,72,0,63807,255940,653,7579
70,02/08/2026 05:01,54,OBLIGATION_STATE,321948,490342,775,67,0,63899,257204,654,7513
71,02/08/2026 05:07,54,OBLIGATION_STATE,323657,563742,780,70,0,64540,258265,652,7591
72,02/08/2026 05:12,54,OBLIGATION_STATE,323415,295089,773,67,0,64464,258109,657,7625
73,02/08/2026 05:18,54,OBLIGATION_STATE,322265,609040,777,68,0,64439,256979,656,7559
74,02/08/2026 05:23,54,OBLIGATION_STATE,323079,563646,770,69,0,63979,258260,652,7596
75,02/08/2026 05:28,54,OBLIGATION_STATE,322551,556748,770,70,0,64172,257536,652,7520
76,02/08/2026 05:34,54,OBLIGATION_STATE,322241,557223,803,89,0,63938,257408,652,7580
77,02/08/2026 05:39,54,OBLIGATION_STATE,322553,562912,773,70,0,64019,257689,652,7534
78,02/08/2026 05:44,54,OBLIGATION_STATE,324841,470252,770,62,0,64396,259612,653,7573
79,02/08/2026 05:50,54,OBLIGATION_STATE,322752,563889,773,68,0,63823,258086,652,7510
80,02/08/2026 05:55,54,OBLIGATION_STATE,324352,476535,782,70,0,64483,259015,653,7529
81,02/08/2026 06:01,54,OBLIGATION_STATE,322008,298955,769,69,0,64369,256799,657,7574
82,02/08/2026 06:06,54,OBLIGATION_STATE,321916,562930,770,71,0,64074,256998,652,7539
83,02/08/2026 06:11,54,OBLIGATION_STATE,324589,516407,783,85,0,64736,258983,654,7504
84,02/08/2026 06:17,54,OBLIGATION_STATE,325369,490372,778,70,0,65759,258759,655,7570
85,02/08/2026 06:22,54,OBLIGATION_STATE,318182,593569,775,67,0,63807,253531,657,7582
86,02/08/2026 06:28,54,OBLIGATION_STATE,323835,556756,783,67,0,63931,259051,652,7474
87,02/08/2026 06:33,54,OBLIGATION_STATE,322783,476632,773,71,0,63984,257953,653,7649
88,02/08/2026 06:38,54,OBLIGATION_STATE,324726,550923,774,68,0,64729,259153,649,7497
89,02/08/2026 06:44,54,OBLIGATION_STATE,321611,294642,777,68,0,64429,256335,657,7563
90,02/08/2026 06:49,54,OBLIGATION_STATE,321504,562916,774,67,0,63842,256819,652,7580
91,02/08/2026 06:54,54,OBLIGATION_STATE,323039,544228,789,72,0,64240,257935,649,7514
92,02/08/2026 07:00,54,OBLIGATION_STATE,320397,563002,807,81,0,63772,255735,652,7586
93,02/08/2026 07:05,54,OBLIGATION_STATE,319111,457556,773,68,0,63953,254315,653,7519
94,02/08/2026 07:11,54,OBLIGATION_STATE,323395,476721,770,67,0,63904,258651,653,7533
95,02/08/2026 07:16,54,OBLIGATION_STATE,321760,310082,777,70,0,64032,256878,658,7584
96,02/08/2026 07:21,54,OBLIGATION_STATE,321407,556851,845,83,0,64144,256333,649,7523
97,02/08/2026 07:27,54,OBLIGATION_STATE,325386,556609,772,76,0,64021,260515,652,7630
98,02/08/2026 07:32,54,OBLIGATION_STATE,321958,556891,857,84,0,63739,257274,652,7486
99,02/08/2026 07:37,54,OBLIGATION_STATE,324408,556755,774,70,0,63765,259797,652,7550
100,02/08/2026 07:43,54,OBLIGATION_STATE,324403,295241,786,70,0,64403,259142,657,7608
101,02/08/2026 07:48,54,OBLIGATION_STATE,326808,563748,783,95,0,64940,260988,652,7603
102,02/08/2026 07:54,54,OBLIGATION_STATE,325530,331694,789,66,0,64480,260192,657,7551
103,02/08/2026 07:59,54,OBLIGATION_STATE,318437,550147,774,68,0,63201,254392,652,7574
104,02/08/2026 08:04,54,OBLIGATION_STATE,322563,562875,775,69,0,64389,257328,652,7627
105,02/08/2026 08:10,54,OBLIGATION_STATE,323282,556537,778,66,0,63973,258464,652,7601
106,02/08/2026 08:15,54,OBLIGATION_STATE,319849,502795,798,69,0,63872,255108,655,7531
107,02/08/2026 08:21,54,OBLIGATION_STATE,326799,550269,824,80,0,64251,261641,652,7499
108,02/08/2026 08:26,54,OBLIGATION_STATE,319965,503388,781,70,0,63956,255155,655,7595
109,02/08/2026 08:31,54,OBLIGATION_STATE,325658,550117,774,64,0,64273,260544,652,7571
110,02/08/2026 08:37,54,OBLIGATION_STATE,324298,556460,786,71,0,64466,258973,652,7405
111,02/08/2026 08:42,54,OBLIGATION_STATE,322860,587226,809,84,0,64734,257230,657,7566
112,02/08/2026 08:48,54,OBLIGATION_STATE,322208,550753,803,82,0,63788,257534,649,7569
113,02/08/2026 08:53,54,OBLIGATION_STATE,324527,295137,779,67,0,64275,259403,657,7624
114,02/08/2026 08:58,54,OBLIGATION_STATE,321948,570478,757,65,0,63937,257186,652,7501
115,02/08/2026 09:04,54,OBLIGATION_STATE,324399,550480,771,63,0,64024,259539,652,7511
116,02/08/2026 09:09,54,OBLIGATION_STATE,324899,490258,788,70,0,64279,259761,654,7478
117,02/08/2026 09:15,54,OBLIGATION_STATE,326056,555544,781,72,0,64660,260542,652,7569
118,02/08/2026 09:20,54,OBLIGATION_STATE,323095,476668,825,70,0,64141,258057,653,7481
119,02/08/2026 09:25,54,OBLIGATION_STATE,324344,577222,774,70,0,64243,259255,652,7439
120,02/08/2026 09:31,54,OBLIGATION_STATE,318779,608066,770,69,0,63776,254162,657,7467
121,02/08/2026 09:36,54,OBLIGATION_STATE,322729,298575,773,69,0,64615,257270,657,7646
122,02/08/2026 09:42,54,OBLIGATION_STATE,324909,563122,768,68,0,64717,259353,652,7633
123,02/08/2026 09:47,54,OBLIGATION_STATE,323738,550268,772,67,0,64135,258761,652,7618
124,02/08/2026 09:52,54,OBLIGATION_STATE,321037,562996,787,70,0,63983,256195,652,7572
125,02/08/2026 09:58,54,OBLIGATION_STATE,318695,490398,812,88,0,63815,253979,654,7545
126,02/08/2026 10:03,54,OBLIGATION_STATE,325381,557206,774,70,0,64063,260472,652,7592
127,02/08/2026 10:08,54,OBLIGATION_STATE,322114,483866,776,70,0,63665,257601,654,7557
128,02/08/2026 10:14,54,OBLIGATION_STATE,323494,556771,781,68,0,64657,257987,652,7546
129,02/08/2026 10:19,54,OBLIGATION_STATE,323099,556383,772,70,0,64042,258214,652,7429
130,02/08/2026 10:25,54,OBLIGATION_STATE,324055,550578,777,70,0,64071,259135,652,7523
131,02/08/2026 10:30,54,OBLIGATION_STATE,325355,550328,824,79,0,64152,260298,652,7612
132,02/08/2026 10:35,54,OBLIGATION_STATE,323243,295239,773,69,0,64508,257891,657,7579
133,02/08/2026 10:41,54,OBLIGATION_STATE,318685,557199,777,68,0,63459,254380,652,7615
134,02/08/2026 10:46,54,OBLIGATION_STATE,322972,557033,778,69,0,64087,258037,652,7654
135,02/08/2026 10:51,54,OBLIGATION_STATE,322633,365895,798,69,0,64212,257552,650,7479
136,02/08/2026 10:57,54,OBLIGATION_STATE,318215,483896,832,86,0,63474,253821,654,7523
137,02/08/2026 11:02,54,OBLIGATION_STATE,324683,550818,795,79,0,64465,259342,649,7465
138,02/08/2026 11:08,54,OBLIGATION_STATE,320582,457476,818,83,0,64359,255321,653,7653
139,02/08/2026 11:13,54,OBLIGATION_STATE,316474,490478,773,69,0,63207,252423,654,7520
140,02/08/2026 11:18,54,OBLIGATION_STATE,318779,550390,772,68,0,63015,254922,652,7511
141,02/08/2026 11:24,54,OBLIGATION_STATE,322591,562965,776,67,0,64475,257270,652,7593
142,02/08/2026 11:29,54,OBLIGATION_STATE,321730,556673,768,69,0,63969,256921,652,7563
143,02/08/2026 11:34,54,OBLIGATION_STATE,324942,550534,772,67,0,64327,259774,652,7485
144,02/08/2026 11:40,54,OBLIGATION_STATE,324579,556908,770,68,0,64408,259330,652,7613
145,02/08/2026 11:45,54,OBLIGATION_STATE,323755,556854,773,70,0,63989,258920,652,7578
146,02/08/2026 11:50,54,OBLIGATION_STATE,320106,556420,804,87,0,63595,255617,652,7604
147,02/08/2026 11:56,54,OBLIGATION_STATE,320598,476441,777,70,0,63926,255823,653,7526
148,02/08/2026 12:01,54,OBLIGATION_STATE,322147,556375,773,68,0,63999,257304,652,7582
149,02/08/2026 12:07,54,OBLIGATION_STATE,323328,515947,772,68,0,63849,258637,655,7470
150,02/08/2026 12:12,54,OBLIGATION_STATE,325926,550240,778,70,0,64884,260192,652,7539
151,02/08/2026 12:17,54,OBLIGATION_STATE,326407,490532,773,67,0,64505,261059,654,7599
152,02/08/2026 12:23,54,OBLIGATION_STATE,324306,457365,769,68,0,64638,258828,653,7726
153,02/08/2026 12:28,54,OBLIGATION_STATE,325707,556687,775,63,0,63953,260914,652,7650
154,02/08/2026 12:34,54,OBLIGATION_STATE,320689,365582,787,83,0,63738,256079,650,7559
155,02/08/2026 12:39,54,OBLIGATION_STATE,322235,464575,796,90,0,64087,257260,652,7615
156,02/08/2026 12:44,54,OBLIGATION_STATE,321635,463759,778,69,0,63890,256896,653,7614
157,02/08/2026 12:50,54,OBLIGATION_STATE,319303,298457,775,70,0,63350,255105,657,7610
158,02/08/2026 12:55,54,OBLIGATION_STATE,323411,556715,815,85,0,64038,258471,652,7563
159,02/08/2026 13:00,54,OBLIGATION_STATE,318518,550614,780,88,0,63485,254163,652,7590
160,02/08/2026 13:06,54,OBLIGATION_STATE,321856,577238,775,68,0,64277,256734,649,7562
161,02/08/2026 13:11,54,OBLIGATION_STATE,318598,556740,772,69,0,63314,254440,652,7569
162,02/08/2026 13:17,54,OBLIGATION_STATE,327193,563859,769,68,0,64156,262199,652,7538
163,02/08/2026 13:22,54,OBLIGATION_STATE,323002,563061,770,69,0,63816,258345,652,7475
164,02/08/2026 13:27,54,OBLIGATION_STATE,326076,550631,771,67,0,64750,260486,652,7622
165,02/08/2026 13:33,54,OBLIGATION_STATE,317916,556325,786,69,0,63754,253305,652,7496
166,02/08/2026 13:38,54,OBLIGATION_STATE,323240,457450,819,75,0,63957,258387,653,7642
167,02/08/2026 13:43,54,OBLIGATION_STATE,316443,556303,810,70,0,63252,252309,652,7534
168,02/08/2026 13:49,54,OBLIGATION_STATE,323035,556724,793,67,0,64268,257904,652,7436
169,02/08/2026 13:54,54,OBLIGATION_STATE,317969,550804,774,70,0,63799,253324,649,7425
170,02/08/2026 14:00,54,OBLIGATION_STATE,327048,496766,782,70,0,63984,262210,655,7529
171,02/08/2026 14:05,54,OBLIGATION_STATE,322502,503515,815,67,0,63954,257664,655,7625
172,02/08/2026 14:10,54,OBLIGATION_STATE,322980,550184,772,68,0,64677,257461,649,7444
173,02/08/2026 14:16,54,OBLIGATION_STATE,317287,556361,774,68,0,63089,253354,652,7555
174,02/08/2026 14:21,54,OBLIGATION_STATE,325798,563043,790,68,0,64210,260727,652,7508
175,02/08/2026 14:26,54,OBLIGATION_STATE,322928,457897,774,67,0,64605,257481,652,7686
176,02/08/2026 14:32,54,OBLIGATION_STATE,322094,556889,858,71,0,64167,256996,652,7632
177,02/08/2026 14:37,54,OBLIGATION_STATE,316924,563041,770,67,0,63350,252735,652,7465
178,02/08/2026 14:42,54,OBLIGATION_STATE,325122,490231,772,70,0,64421,259857,654,7444
179,02/08/2026 14:48,54,OBLIGATION_STATE,326313,550384,780,67,0,64636,260828,652,7545
180,02/08/2026 14:53,54,OBLIGATION_STATE,318398,502995,792,93,0,63317,254193,655,7499
181,02/08/2026 14:59,54,OBLIGATION_STATE,322991,299104,775,70,0,64454,257690,657,7522
182,02/08/2026 15:04,54,OBLIGATION_STATE,323903,556308,776,70,0,64099,258955,652,7475
183,02/08/2026 15:09,54,OBLIGATION_STATE,324566,496791,769,65,0,64249,259482,655,7518
184,02/08/2026 15:15,54,OBLIGATION_STATE,328337,576988,767,69,0,64724,262775,652,7510
185,02/08/2026 15:20,54,OBLIGATION_STATE,322170,483032,776,68,0,63927,257397,653,7488
186,02/08/2026 15:26,54,OBLIGATION_STATE,317578,563862,771,68,0,63351,253386,652,7498
187,02/08/2026 15:31,54,OBLIGATION_STATE,325281,556315,772,68,0,64325,260114,652,7640
188,02/08/2026 15:36,54,OBLIGATION_STATE,323334,563663,772,68,0,64284,258208,652,7535
189,02/08/2026 15:42,54,OBLIGATION_STATE,316018,496887,780,75,0,63089,252073,655,7527
190,02/08/2026 15:47,54,OBLIGATION_STATE,322049,562887,774,70,0,64451,256752,652,7601
191,02/08/2026 15:52,54,OBLIGATION_STATE,320948,295125,771,69,0,63665,256440,657,7519
192,02/08/2026 15:58,54,OBLIGATION_STATE,316886,300321,776,80,0,63659,252368,657,7523
193,02/08/2026 16:03,54,OBLIGATION_STATE,322775,550250,769,70,0,63894,258040,652,7627
194,02/08/2026 16:09,54,OBLIGATION_STATE,325995,483827,778,69,0,64712,260433,654,7564
195,02/08/2026 16:14,54,OBLIGATION_STATE,324178,509504,775,70,0,64585,258745,655,7544
196,02/08/2026 16:19,54,OBLIGATION_STATE,322581,563001,783,68,0,64594,257133,652,7653
197,02/08/2026 16:25,54,OBLIGATION_STATE,321450,469967,772,67,0,64464,256145,653,7636
198,02/08/2026 16:30,54,OBLIGATION_STATE,322548,550169,774,69,0,63871,257833,652,7568
199,02/08/2026 16:35,54,OBLIGATION_STATE,323591,295130,779,70,0,64067,258674,657,7549
200,02/08/2026 16:41,54,OBLIGATION_STATE,324081,543977,804,82,0,64397,258796,649,7598
1,02/08/2026 16:50,63,OBLIGATION_STATE,546301,559734,816,106,0,302963,242414,1311,14150
2,02/08/2026 16:59,63,OBLIGATION_STATE,545130,552915,771,75,0,302572,241710,1311,14436
3,02/08/2026 17:08,63,OBLIGATION_STATE,535397,415571,772,74,0,298905,235643,1312,14447
4,02/08/2026 17:17,63,OBLIGATION_STATE,543661,273511,772,74,0,300992,241820,1312,14668
5,02/08/2026 17:26,63,OBLIGATION_STATE,542394,429588,770,72,0,302528,239021,1316,14379
6,02/08/2026 17:35,63,OBLIGATION_STATE,540941,409948,771,72,0,301008,239088,1315,14447
7,02/08/2026 17:44,63,OBLIGATION_STATE,542313,495144,773,72,0,302016,239450,1317,14391
8,02/08/2026 17:53,63,OBLIGATION_STATE,537044,455648,805,97,0,298712,237427,1312,14202
9,02/08/2026 18:02,63,OBLIGATION_STATE,528933,553185,812,85,0,292755,235279,1311,14218
10,02/08/2026 18:11,63,OBLIGATION_STATE,547533,559574,775,72,0,304023,242661,1311,14483
11,02/08/2026 18:20,63,OBLIGATION_STATE,542402,409891,771,72,0,301207,240351,1313,14816
12,02/08/2026 18:29,63,OBLIGATION_STATE,538069,300825,780,96,0,298969,238222,1312,14152
13,02/08/2026 18:38,63,OBLIGATION_STATE,530645,559391,785,108,0,292961,236788,1311,14126
14,02/08/2026 18:47,63,OBLIGATION_STATE,529009,513522,799,72,0,293938,234198,1312,14288
15,02/08/2026 18:56,63,OBLIGATION_STATE,547320,289283,771,75,0,303917,242555,1316,14560
16,02/08/2026 19:05,63,OBLIGATION_STATE,547254,301268,767,72,0,304472,241941,1316,14464
17,02/08/2026 19:14,63,OBLIGATION_STATE,538413,559423,793,111,0,300317,237190,1311,14520
18,02/08/2026 19:23,63,OBLIGATION_STATE,545718,429461,774,75,0,303014,241853,1315,14223
19,02/08/2026 19:32,63,OBLIGATION_STATE,542433,377494,772,74,0,301600,239985,1304,14391
20,02/08/2026 19:41,63,OBLIGATION_STATE,542312,288965,779,75,0,301968,239489,1316,14245
21,02/08/2026 19:50,63,OBLIGATION_STATE,539581,435610,763,63,0,299925,238828,1312,14246
22,02/08/2026 19:59,63,OBLIGATION_STATE,546025,287913,775,72,0,303405,241771,1312,14726
23,02/08/2026 20:08,63,OBLIGATION_STATE,539201,383866,768,74,0,298980,239377,1304,14254
24,02/08/2026 20:17,63,OBLIGATION_STATE,529425,288193,846,92,0,295425,233059,1316,14163
25,02/08/2026 20:26,63,OBLIGATION_STATE,542509,553016,826,74,0,300347,241260,1311,14101
26,02/08/2026 20:35,63,OBLIGATION_STATE,542203,416333,818,108,0,301817,239457,1312,14369
27,02/08/2026 20:44,63,OBLIGATION_STATE,543514,547540,777,75,0,300755,241906,1311,14066
28,02/08/2026 20:53,63,OBLIGATION_STATE,542739,553068,795,92,0,301639,240210,1311,14343
29,02/08/2026 21:02,63,OBLIGATION_STATE,540159,559713,824,98,0,299388,239847,1311,14380
30,02/08/2026 21:11,63,OBLIGATION_STATE,534834,288853,780,77,0,297068,236906,1316,14317
31,02/08/2026 21:20,63,OBLIGATION_STATE,546470,292235,790,75,0,304689,240915,1316,14199
32,02/08/2026 21:29,63,OBLIGATION_STATE,546970,559809,773,73,0,304375,241747,1311,14392
33,02/08/2026 21:39,63,OBLIGATION_STATE,543696,553222,776,73,0,302686,240159,1311,14139
34,02/08/2026 21:48,63,OBLIGATION_STATE,537816,280173,802,89,0,298456,238466,1316,14341
35,02/08/2026 21:57,63,OBLIGATION_STATE,544038,287494,768,75,0,302142,241051,1312,14383
36,02/08/2026 22:06,63,OBLIGATION_STATE,544863,377094,771,72,0,302561,241456,1304,14304
37,02/08/2026 22:15,63,OBLIGATION_STATE,532636,553003,805,72,0,296989,234767,1311,14261
38,02/08/2026 22:24,63,OBLIGATION_STATE,541972,559548,777,71,0,301514,239607,1311,14103
39,02/08/2026 22:32,63,OBLIGATION_STATE,532313,288430,775,74,0,295352,236110,1312,14209
40,02/08/2026 22:41,63,OBLIGATION_STATE,539845,547494,801,88,0,299422,239531,1311,14314
41,02/08/2026 22:50,63,OBLIGATION_STATE,536033,560027,775,73,0,296430,238753,1311,14234
42,02/08/2026 22:59,63,OBLIGATION_STATE,543555,553222,816,94,0,300734,241909,1311,14319
43,02/08/2026 23:09,63,OBLIGATION_STATE,542441,448797,820,97,0,301501,240021,1317,14735
44,02/08/2026 23:18,63,OBLIGATION_STATE,546800,415799,779,75,0,303283,242662,1314,14195
45,02/08/2026 23:27,63,OBLIGATION_STATE,544727,409511,781,73,0,302308,241563,1315,14318
46,02/08/2026 23:36,63,OBLIGATION_STATE,544492,559609,775,74,0,301415,242227,1311,14855
47,02/08/2026 23:45,63,OBLIGATION_STATE,542694,559606,774,75,0,301772,240070,1311,14197
48,02/08/2026 23:54,63,OBLIGATION_STATE,533295,566897,788,107,0,296313,236085,1311,14183
49,03/08/2026 00:03,63,OBLIGATION_STATE,533505,280110,779,75,0,296490,236157,1316,14368
50,03/08/2026 00:12,63,OBLIGATION_STATE,543197,416132,771,75,0,300601,241747,1312,14259
51,03/08/2026 00:21,63,OBLIGATION_STATE,545318,559762,773,74,0,302051,242417,1311,14449
52,03/08/2026 00:30,63,OBLIGATION_STATE,544176,298128,780,78,0,300936,242379,1316,14158
53,03/08/2026 00:39,63,OBLIGATION_STATE,540236,559607,773,74,0,300091,239296,1311,14616
54,03/08/2026 00:48,63,OBLIGATION_STATE,543097,288441,771,75,0,300715,241533,1312,14060
55,03/08/2026 00:57,63,OBLIGATION_STATE,544660,559620,860,93,0,301094,242611,1311,14276
56,03/08/2026 01:06,63,OBLIGATION_STATE,535003,560125,800,87,0,296729,237386,1311,14211
57,03/08/2026 01:15,63,OBLIGATION_STATE,542164,409030,771,76,0,300768,240547,1312,14009
58,03/08/2026 01:24,63,OBLIGATION_STATE,546904,442326,775,73,0,304201,241854,1315,14419
59,03/08/2026 01:33,63,OBLIGATION_STATE,542037,553197,781,76,0,301470,239708,1311,14189
60,03/08/2026 01:42,63,OBLIGATION_STATE,545541,559575,764,103,0,302736,241936,1311,14333
61,03/08/2026 01:51,63,OBLIGATION_STATE,540018,566035,794,73,0,299298,239851,1311,14140
62,03/08/2026 02:00,63,OBLIGATION_STATE,544629,566806,771,73,0,301638,242144,1311,14403
63,03/08/2026 02:09,63,OBLIGATION_STATE,545031,553091,781,104,0,301857,242286,1311,14728
64,03/08/2026 02:19,63,OBLIGATION_STATE,545986,298325,769,75,0,302726,242413,1316,14334
65,03/08/2026 02:28,63,OBLIGATION_STATE,540617,553189,786,73,0,299468,240289,1311,14218
66,03/08/2026 02:37,63,OBLIGATION_STATE,548382,429426,770,75,0,305169,242366,1315,14217
67,03/08/2026 02:46,63,OBLIGATION_STATE,540629,409651,769,75,0,300275,239509,1312,14410
68,03/08/2026 02:55,63,OBLIGATION_STATE,542698,416007,839,72,0,301693,240092,1312,14217
69,03/08/2026 03:04,63,OBLIGATION_STATE,545083,279745,774,72,0,303329,240906,1312,14373
70,03/08/2026 03:13,63,OBLIGATION_STATE,544737,495429,774,103,0,303589,240269,1315,14409
71,03/08/2026 03:22,63,OBLIGATION_STATE,542132,547820,771,74,0,300585,240700,1311,14105
72,03/08/2026 03:31,63,OBLIGATION_STATE,546098,553079,778,72,0,302747,242499,1311,14357
73,03/08/2026 03:40,63,OBLIGATION_STATE,541740,559686,776,81,0,300788,240092,1311,14344
74,03/08/2026 03:49,63,OBLIGATION_STATE,541062,547505,773,75,0,299855,240357,1311,14263
75,03/08/2026 03:58,63,OBLIGATION_STATE,540564,300182,771,72,0,299393,240327,1316,14137
76,03/08/2026 04:07,63,OBLIGATION_STATE,545362,565750,781,75,0,302964,241540,1311,14296
77,03/08/2026 04:16,63,OBLIGATION_STATE,533344,553046,768,72,0,296602,235900,1311,14086
78,03/08/2026 04:25,63,OBLIGATION_STATE,543635,351029,794,92,0,301886,240860,1312,14202
79,03/08/2026 04:34,63,OBLIGATION_STATE,543859,435668,786,72,0,302903,240096,1315,14174
80,03/08/2026 04:43,63,OBLIGATION_STATE,544074,442095,785,75,0,303067,240145,1312,14226
81,03/08/2026 04:52,63,OBLIGATION_STATE,536892,442708,785,69,0,300268,235768,1315,14378
82,03/08/2026 05:01,63,OBLIGATION_STATE,532535,297572,781,75,0,296098,235578,1312,14256
83,03/08/2026 05:10,63,OBLIGATION_STATE,544741,513262,799,78,0,301930,241932,1312,14076
84,03/08/2026 05:19,63,OBLIGATION_STATE,532802,566428,775,76,0,296260,235689,1311,14305
85,03/08/2026 05:28,63,OBLIGATION_STATE,540113,299112,772,75,0,299801,239462,1316,14231
86,03/08/2026 05:37,63,OBLIGATION_STATE,530890,553091,773,74,0,295154,234887,1311,14076
87,03/08/2026 05:46,63,OBLIGATION_STATE,540815,552931,773,74,0,299801,240165,1311,14100
88,03/08/2026 05:55,63,OBLIGATION_STATE,546352,298356,771,74,0,303198,242307,1316,14237
89,03/08/2026 06:04,63,OBLIGATION_STATE,530621,295798,773,73,0,295879,233893,1316,14561
90,03/08/2026 06:13,63,OBLIGATION_STATE,543684,288140,811,98,0,302150,240623,1312,14298
91,03/08/2026 06:22,63,OBLIGATION_STATE,540894,559562,768,72,0,299751,240300,1311,14111
92,03/08/2026 06:31,63,OBLIGATION_STATE,544961,299285,773,74,0,301424,242688,1316,14299
93,03/08/2026 06:40,63,OBLIGATION_STATE,542026,383657,778,74,0,301458,239714,1313,14224
94,03/08/2026 06:49,63,OBLIGATION_STATE,548318,567029,782,72,0,304898,242563,1311,14223
95,03/08/2026 06:58,63,OBLIGATION_STATE,543068,552876,813,72,0,301670,240510,1311,14242
96,03/08/2026 07:07,63,OBLIGATION_STATE,543579,442023,785,72,0,301956,240764,1312,14176
97,03/08/2026 07:16,63,OBLIGATION_STATE,542096,553227,771,71,0,299357,241895,1311,14200
98,03/08/2026 07:25,63,OBLIGATION_STATE,540506,281074,770,74,0,299688,239972,1316,14121
99,03/08/2026 07:35,63,OBLIGATION_STATE,542874,273309,775,71,0,300473,241554,1312,14307
100,03/08/2026 07:44,63,OBLIGATION_STATE,541614,566931,783,72,0,300337,240420,1311,14263
101,03/08/2026 07:53,63,OBLIGATION_STATE,543168,299298,785,92,0,301869,240420,1316,14225
102,03/08/2026 08:02,63,OBLIGATION_STATE,542517,559907,819,73,0,301944,239678,1311,14162
103,03/08/2026 08:11,63,OBLIGATION_STATE,545092,559400,776,72,0,302706,241536,1311,14388
104,03/08/2026 08:20,63,OBLIGATION_STATE,541379,547592,796,92,0,298218,242270,1311,14654
105,03/08/2026 08:29,63,OBLIGATION_STATE,547417,553551,775,74,0,304146,242419,1311,14359
106,03/08/2026 08:38,63,OBLIGATION_STATE,543367,567245,775,76,0,300945,241568,1311,14253
107,03/08/2026 08:47,63,OBLIGATION_STATE,548129,429393,770,73,0,304354,242931,1315,14405
108,03/08/2026 08:56,63,OBLIGATION_STATE,545726,547620,801,74,0,301544,243305,1311,14449
109,03/08/2026 09:05,63,OBLIGATION_STATE,548324,435657,828,116,0,306162,241215,1312,14244
110,03/08/2026 09:14,63,OBLIGATION_STATE,547329,334257,801,75,0,305266,241185,1318,14277
111,03/08/2026 09:23,63,OBLIGATION_STATE,537629,287694,829,93,0,299216,237489,1312,14231
112,03/08/2026 09:32,63,OBLIGATION_STATE,541453,553517,768,75,0,298450,242159,1311,14268
113,03/08/2026 09:41,63,OBLIGATION_STATE,541955,553516,776,75,0,301355,239746,1311,14592
114,03/08/2026 09:50,63,OBLIGATION_STATE,530736,370972,772,92,0,294357,235512,1304,14092
115,03/08/2026 09:59,63,OBLIGATION_STATE,542163,428864,774,74,0,300107,241205,1312,14174
116,03/08/2026 10:08,63,OBLIGATION_STATE,541105,288730,825,72,0,300490,239717,1312,14236
117,03/08/2026 10:18,63,OBLIGATION_STATE,548235,422785,816,74,0,305613,241729,1321,14294
118,03/08/2026 10:27,63,OBLIGATION_STATE,548319,441813,822,87,0,305191,242217,1312,14297
119,03/08/2026 10:36,63,OBLIGATION_STATE,547872,552997,790,68,0,304361,242650,1311,14264
120,03/08/2026 10:45,63,OBLIGATION_STATE,548420,422024,802,78,0,304220,243318,1310,14313
121,03/08/2026 10:54,63,OBLIGATION_STATE,542570,435840,787,90,0,301726,239965,1312,14182
122,03/08/2026 11:03,63,OBLIGATION_STATE,541709,294946,775,73,0,300808,240050,1316,14139
123,03/08/2026 11:12,63,OBLIGATION_STATE,536622,559286,770,72,0,298253,237525,1311,14209
124,03/08/2026 11:21,63,OBLIGATION_STATE,543425,553221,779,73,0,300574,241997,1311,14531
125,03/08/2026 11:30,63,OBLIGATION_STATE,546790,416360,786,73,0,303951,241977,1315,14467
126,03/08/2026 11:39,63,OBLIGATION_STATE,535702,559413,777,75,0,297373,237474,1311,14341
127,03/08/2026 11:48,63,OBLIGATION_STATE,543694,390369,778,72,0,302824,240019,1313,14239
128,03/08/2026 11:57,63,OBLIGATION_STATE,546812,408984,791,76,0,304135,241809,1312,14085
129,03/08/2026 12:06,63,OBLIGATION_STATE,539640,553582,799,99,0,299427,239314,1311,14208
130,03/08/2026 12:15,63,OBLIGATION_STATE,533373,553566,780,73,0,296663,235855,1311,14212
131,03/08/2026 12:24,63,OBLIGATION_STATE,546258,559501,778,73,0,303525,241879,1311,14284
132,03/08/2026 12:33,63,OBLIGATION_STATE,535961,364857,821,85,0,295081,239972,1304,14195
133,03/08/2026 12:42,63,OBLIGATION_STATE,543557,314300,775,74,0,302995,239710,1312,14154
134,03/08/2026 12:51,63,OBLIGATION_STATE,534455,547560,775,75,0,296517,237086,1311,14177
135,03/08/2026 13:00,63,OBLIGATION_STATE,537257,553521,777,76,0,295931,240471,1311,14237
136,03/08/2026 13:09,63,OBLIGATION_STATE,544955,559565,775,73,0,301464,242640,1311,14144
137,03/08/2026 13:18,63,OBLIGATION_STATE,543782,299423,778,73,0,302739,240190,1316,14154
138,03/08/2026 13:27,63,OBLIGATION_STATE,535296,383743,769,72,0,294683,239769,1313,14248
139,03/08/2026 13:36,63,OBLIGATION_STATE,544871,273291,790,93,0,303875,240111,1312,14156
140,03/08/2026 13:45,63,OBLIGATION_STATE,535284,371492,812,74,0,297664,236732,1304,14370
141,03/08/2026 13:54,63,OBLIGATION_STATE,543059,383794,774,72,0,301798,240413,1313,14116
142,03/08/2026 14:04,63,OBLIGATION_STATE,552363,292971,809,73,0,307775,243704,1314,14327
143,03/08/2026 14:13,63,OBLIGATION_STATE,545680,300638,800,101,0,304024,240752,1316,14351
144,03/08/2026 14:22,63,OBLIGATION_STATE,545136,552833,775,73,0,303064,241223,1311,14456
145,03/08/2026 14:31,63,OBLIGATION_STATE,547243,552974,769,75,0,305738,240659,1311,14956
146,03/08/2026 14:40,63,OBLIGATION_STATE,532792,442371,826,73,0,297092,234798,1315,14703
147,03/08/2026 14:49,63,OBLIGATION_STATE,543412,409531,772,75,0,302053,240510,1312,14152
148,03/08/2026 14:58,63,OBLIGATION_STATE,538084,559440,775,72,0,298539,238697,1311,14119
149,03/08/2026 15:07,63,OBLIGATION_STATE,542835,553048,767,72,0,301580,240414,1311,14372
150,03/08/2026 15:16,63,OBLIGATION_STATE,543429,559306,773,72,0,301339,241243,1311,14413
151,03/08/2026 15:25,63,OBLIGATION_STATE,535559,559915,777,73,0,297991,236717,1311,14231
152,03/08/2026 15:34,63,OBLIGATION_STATE,547646,416316,775,75,0,305198,241596,1315,14498
153,03/08/2026 15:43,63,OBLIGATION_STATE,539760,415977,798,74,0,299103,239782,1312,14085
154,03/08/2026 15:52,63,OBLIGATION_STATE,548687,429274,778,71,0,305187,242648,1315,14243
155,03/08/2026 16:01,63,OBLIGATION_STATE,539497,299870,768,72,0,300738,237917,1316,14359
156,03/08/2026 16:10,63,OBLIGATION_STATE,542812,552932,771,73,0,300838,241128,1311,14351
157,03/08/2026 16:19,63,OBLIGATION_STATE,548763,274156,776,75,0,305001,242909,1315,14438
158,03/08/2026 16:28,63,OBLIGATION_STATE,545945,273267,776,75,0,302681,242410,1312,14261
159,03/08/2026 16:37,63,OBLIGATION_STATE,546842,429511,809,80,0,303412,242539,1315,14248
160,03/08/2026 16:47,63,OBLIGATION_STATE,542298,559612,768,75,0,301702,239750,1311,14167
161,03/08/2026 16:56,63,OBLIGATION_STATE,543797,476287,768,73,0,302143,240811,1309,14177
162,03/08/2026 17:05,63,OBLIGATION_STATE,540079,559540,792,97,0,299793,239393,1311,14139
163,03/08/2026 17:14,63,OBLIGATION_STATE,541240,300551,772,74,0,300638,239754,1312,13877
164,03/08/2026 17:23,63,OBLIGATION_STATE,540916,566937,775,74,0,297461,242604,1311,14312
165,03/08/2026 17:32,63,OBLIGATION_STATE,541508,547648,776,74,0,301230,239425,1311,14385
166,03/08/2026 17:41,63,OBLIGATION_STATE,546361,402717,773,74,0,303949,241562,1312,14309
167,03/08/2026 17:50,63,OBLIGATION_STATE,546150,559489,817,96,0,301888,243347,1311,14168
168,03/08/2026 17:59,63,OBLIGATION_STATE,543115,495283,780,75,0,301595,240663,1315,14209
169,03/08/2026 18:08,63,OBLIGATION_STATE,539819,364133,777,72,0,299844,239123,1305,14300
170,03/08/2026 18:17,63,OBLIGATION_STATE,542996,260456,789,72,0,299921,242211,1312,14143
171,03/08/2026 18:26,63,OBLIGATION_STATE,546416,298144,772,75,0,303879,241687,1316,14217
172,03/08/2026 18:35,63,OBLIGATION_STATE,541154,415488,774,72,0,301076,239230,1312,14221
173,03/08/2026 18:44,63,OBLIGATION_STATE,538987,429056,781,76,0,299682,238446,1314,14260
174,03/08/2026 18:53,63,OBLIGATION_STATE,527757,513548,771,73,0,294479,232432,1310,14193
175,03/08/2026 19:02,63,OBLIGATION_STATE,552713,566492,807,75,0,307492,244337,1311,14224
176,03/08/2026 19:11,63,OBLIGATION_STATE,552848,553404,782,72,0,307753,244238,1311,14187
177,03/08/2026 19:20,63,OBLIGATION_STATE,546218,295469,775,74,0,305028,240338,1316,14311
178,03/08/2026 19:29,63,OBLIGATION_STATE,540731,565962,769,73,0,299515,240372,1311,14085
179,03/08/2026 19:39,63,OBLIGATION_STATE,545465,285870,822,97,0,304226,240317,1316,14194
180,03/08/2026 19:47,63,OBLIGATION_STATE,533439,429718,793,78,0,296896,235670,1316,14082
181,03/08/2026 19:56,63,OBLIGATION_STATE,539700,415732,766,74,0,300216,238642,1312,14202
182,03/08/2026 20:06,63,OBLIGATION_STATE,546304,415885,775,67,0,302638,242820,1314,14193
183,03/08/2026 20:15,63,OBLIGATION_STATE,543686,402612,774,75,0,302232,240604,1312,14174
184,03/08/2026 20:23,63,OBLIGATION_STATE,529720,365042,789,87,0,293903,234938,1304,14100
185,03/08/2026 20:33,63,OBLIGATION_STATE,546183,409196,793,97,0,304862,240428,1312,14423
186,03/08/2026 20:42,63,OBLIGATION_STATE,544485,288152,778,75,0,301701,241929,1312,14304
187,03/08/2026 20:51,63,OBLIGATION_STATE,542487,312905,827,100,0,300833,240724,1312,14224
188,03/08/2026 21:00,63,OBLIGATION_STATE,543698,559959,768,75,0,302092,240761,1311,14137
189,03/08/2026 21:09,63,OBLIGATION_STATE,541748,559461,776,100,0,300971,239899,1311,14552
190,03/08/2026 21:18,63,OBLIGATION_STATE,542332,494808,773,72,0,301046,240439,1304,14259
191,03/08/2026 21:27,63,OBLIGATION_STATE,540916,442559,774,72,0,299958,240109,1312,14298
192,03/08/2026 21:36,63,OBLIGATION_STATE,544653,279663,778,73,0,302492,241307,1315,14349
193,03/08/2026 21:45,63,OBLIGATION_STATE,539722,552913,777,72,0,300472,238398,1311,14139
194,03/08/2026 21:54,63,OBLIGATION_STATE,539906,311560,775,72,0,300685,238371,1313,14453
195,03/08/2026 22:03,63,OBLIGATION_STATE,537873,559712,835,89,0,299414,237533,1311,14707
196,03/08/2026 22:12,63,OBLIGATION_STATE,545069,553073,777,88,0,302796,241406,1311,14117
197,03/08/2026 22:21,63,OBLIGATION_STATE,542896,289017,802,108,0,301973,240011,1316,14418
198,03/08/2026 22:30,63,OBLIGATION_STATE,542505,429021,817,93,0,300389,241204,1312,14567
199,03/08/2026 22:39,63,OBLIGATION_STATE,544007,357755,814,99,0,300551,242540,1312,14250
200,03/08/2026 22:48,63,OBLIGATION_STATE,535936,552910,775,73,0,297868,237218,1311,14205
1,03/08/2026 23:22,72,OBLIGATION_STATE,2014377,754921,820,109,0,946769,1066677,4861,54639
2,03/08/2026 23:55,72,OBLIGATION_STATE,2015230,755047,775,81,0,947014,1067358,4862,55851
3,04/08/2026 00:29,72,OBLIGATION_STATE,2039004,754612,774,80,0,958561,1079587,4861,55304
4,04/08/2026 01:03,72,OBLIGATION_STATE,2034332,748114,787,73,0,954073,1079397,4861,55473
5,04/08/2026 01:37,72,OBLIGATION_STATE,2022473,755063,779,80,0,950967,1070644,4861,55021
6,04/08/2026 02:11,72,OBLIGATION_STATE,2033928,754272,771,72,0,952254,1080827,4861,54819
7,04/08/2026 02:45,72,OBLIGATION_STATE,2020080,632222,790,108,0,950346,1068834,4862,55060
8,04/08/2026 03:18,72,OBLIGATION_STATE,2018138,753881,816,77,0,949325,1067918,4861,55511
9,04/08/2026 03:52,72,OBLIGATION_STATE,2021521,755240,778,77,0,947093,1073571,4862,55396
10,04/08/2026 04:26,72,OBLIGATION_STATE,2022966,728220,785,79,0,945092,1077007,4854,54951
11,04/08/2026 04:59,72,OBLIGATION_STATE,2029360,754500,836,102,0,948488,1079932,4863,55393
12,04/08/2026 05:32,72,OBLIGATION_STATE,1963835,755215,777,98,0,926892,1036066,4863,54991
13,04/08/2026 06:06,72,OBLIGATION_STATE,2016586,754698,825,92,0,945690,1069977,4861,55040
14,04/08/2026 06:40,72,OBLIGATION_STATE,2027670,753979,843,120,0,950274,1076431,4863,54965
15,04/08/2026 07:13,72,OBLIGATION_STATE,2024612,592481,779,78,0,956444,1067309,4888,54910
16,04/08/2026 07:47,72,OBLIGATION_STATE,2018752,754250,774,81,0,946798,1071096,4861,55132
17,04/08/2026 08:20,72,OBLIGATION_STATE,1996841,742420,802,111,0,940375,1055550,4856,54778
18,04/08/2026 08:54,72,OBLIGATION_STATE,2023892,754480,780,80,0,951490,1071539,4861,55347
19,04/08/2026 09:28,72,OBLIGATION_STATE,2030455,754653,783,98,0,953328,1076244,4861,55299
20,04/08/2026 10:01,72,OBLIGATION_STATE,1993052,766385,777,78,0,937723,1054472,4861,55210
21,04/08/2026 10:35,72,OBLIGATION_STATE,2029821,729777,772,78,0,954530,1074440,4856,54538
22,04/08/2026 11:09,72,OBLIGATION_STATE,2035232,628370,778,81,0,957104,1077267,4862,55340
23,04/08/2026 11:43,72,OBLIGATION_STATE,2020338,754240,781,79,0,949649,1069827,4862,55455
24,04/08/2026 12:16,72,OBLIGATION_STATE,2013201,755813,779,81,0,948702,1063637,4861,54513
25,04/08/2026 12:50,72,OBLIGATION_STATE,2044967,754736,780,82,0,959537,1084566,4861,55127
26,04/08/2026 13:24,72,OBLIGATION_STATE,2036200,572934,774,80,0,954167,1081176,4893,55683
27,04/08/2026 13:58,72,OBLIGATION_STATE,2013574,754436,780,95,0,942376,1070321,4861,55059
28,04/08/2026 14:32,72,OBLIGATION_STATE,2032648,636923,817,81,0,954822,1076925,4863,55871
29,04/08/2026 15:05,72,OBLIGATION_STATE,2028078,729239,778,79,0,954545,1072675,4858,54985
30,04/08/2026 15:39,72,OBLIGATION_STATE,2033993,794567,784,78,0,953579,1079549,4862,54812
31,04/08/2026 16:12,72,OBLIGATION_STATE,1989252,748332,778,78,0,946372,1042022,4861,55031
32,04/08/2026 16:46,72,OBLIGATION_STATE,2031830,633098,775,82,0,954185,1076785,4863,55279
33,04/08/2026 17:19,72,OBLIGATION_STATE,1960294,754445,774,77,0,929465,1029976,4861,54784
34,04/08/2026 17:52,72,OBLIGATION_STATE,1974779,631663,814,98,0,929398,1044467,4862,55131
35,04/08/2026 18:26,72,OBLIGATION_STATE,2022673,625474,807,98,0,951136,1070631,4894,54845
36,04/08/2026 18:59,72,OBLIGATION_STATE,2032500,755783,770,78,0,955695,1075956,4860,55706
37,04/08/2026 19:33,72,OBLIGATION_STATE,2022910,754931,774,81,0,949934,1072118,4863,55384
38,04/08/2026 20:07,72,OBLIGATION_STATE,2018931,660104,780,79,0,950242,1067827,4850,54929
39,04/08/2026 20:41,72,OBLIGATION_STATE,2020448,734948,802,78,0,951788,1067778,4858,54522
40,04/08/2026 21:14,72,OBLIGATION_STATE,2005031,755135,769,80,0,940495,1063684,4862,55264
41,04/08/2026 21:48,72,OBLIGATION_STATE,2025352,754555,776,80,0,949534,1074960,4861,55184
42,04/08/2026 22:21,72,OBLIGATION_STATE,2023901,753869,770,75,0,950306,1072748,4862,55559
43,04/08/2026 22:55,72,OBLIGATION_STATE,2037539,728763,772,78,0,954128,1082559,4858,54834
44,04/08/2026 23:29,72,OBLIGATION_STATE,2027586,584896,784,91,0,949657,1077052,4849,54857
45,05/08/2026 00:03,72,OBLIGATION_STATE,2028179,634607,784,78,0,949104,1078211,4862,55610
46,05/08/2026 00:36,72,OBLIGATION_STATE,2005118,660717,772,74,0,938814,1065456,4849,54753
47,05/08/2026 01:10,72,OBLIGATION_STATE,2020143,754735,774,80,0,949673,1069613,4860,55302
48,05/08/2026 01:44,72,OBLIGATION_STATE,2018443,754347,771,81,0,948151,1069438,4861,54560
49,05/08/2026 02:17,72,OBLIGATION_STATE,2007642,728300,777,110,0,944615,1062137,4859,54969
50,05/08/2026 02:51,72,OBLIGATION_STATE,2025895,755103,775,80,0,955218,1069819,4861,54666
51,05/08/2026 03:25,72,OBLIGATION_STATE,2016923,760862,771,81,0,948895,1067174,4861,55176
52,05/08/2026 03:58,72,OBLIGATION_STATE,2024153,754714,771,81,0,954742,1068557,4860,55024
53,05/08/2026 04:32,72,OBLIGATION_STATE,2027393,632361,771,78,0,956098,1070443,4862,55036
54,05/08/2026 05:06,72,OBLIGATION_STATE,2017473,596387,792,93,0,945164,1071422,4861,54335
55,05/08/2026 05:40,72,OBLIGATION_STATE,2027914,747838,773,78,0,951053,1076008,4863,56106
56,05/08/2026 06:13,72,OBLIGATION_STATE,1993164,754798,781,78,0,934997,1057305,4862,55751
57,05/08/2026 06:47,72,OBLIGATION_STATE,2023076,754657,774,78,1,949756,1072465,4860,56022
58,05/08/2026 07:20,72,OBLIGATION_STATE,2021999,754960,775,78,0,952217,1068926,4861,55472
59,05/08/2026 07:54,72,OBLIGATION_STATE,2027470,754266,771,78,0,954643,1071976,4861,54889
60,05/08/2026 08:28,72,OBLIGATION_STATE,2033235,662435,759,77,0,958073,1074325,4863,54640
61,05/08/2026 09:01,72,OBLIGATION_STATE,1993204,591363,771,78,0,942332,1050020,4849,55281
62,05/08/2026 09:35,72,OBLIGATION_STATE,2012802,630463,772,77,0,944925,1067026,4862,55438
63,05/08/2026 10:08,72,OBLIGATION_STATE,1970683,742900,775,81,0,932921,1036904,4860,54881
64,05/08/2026 10:41,72,OBLIGATION_STATE,2019275,632719,819,95,0,950387,1067972,4862,54758
65,05/08/2026 11:15,72,OBLIGATION_STATE,2032791,633437,775,80,0,947954,1083980,4862,54981
66,05/08/2026 11:49,72,OBLIGATION_STATE,2029067,634512,769,78,0,950485,1077733,4863,55095
67,05/08/2026 12:22,72,OBLIGATION_STATE,2010446,754569,782,95,0,945484,1064082,4863,54973
68,05/08/2026 12:54,72,OBLIGATION_STATE,1901764,756344,766,78,0,817811,1083106,4604,51008
69,05/08/2026 13:28,72,OBLIGATION_STATE,2014424,755281,768,78,0,948203,1065373,4861,54906
70,05/08/2026 14:01,72,OBLIGATION_STATE,2022898,625857,773,90,0,953574,1068459,4895,55025
71,05/08/2026 14:35,72,OBLIGATION_STATE,2033186,747342,772,72,0,952670,1079670,4860,55739
72,05/08/2026 15:09,72,OBLIGATION_STATE,2032073,754660,787,105,0,958467,1072711,4861,55063
73,05/08/2026 15:43,72,OBLIGATION_STATE,2030376,734486,772,78,0,949757,1079767,4858,54888
74,05/08/2026 16:17,72,OBLIGATION_STATE,2037696,734486,777,80,0,953894,1082943,4857,55457
75,05/08/2026 16:51,72,OBLIGATION_STATE,2016998,735321,776,80,0,948744,1067395,4858,54795
76,05/08/2026 17:24,72,OBLIGATION_STATE,1992410,660783,774,78,0,938569,1052987,4850,55300
77,05/08/2026 17:58,72,OBLIGATION_STATE,2025991,754022,773,80,0,952947,1072188,4861,55553
78,05/08/2026 18:31,72,OBLIGATION_STATE,2011070,754793,773,81,0,946441,1063772,4863,54805
79,05/08/2026 19:04,72,OBLIGATION_STATE,1985480,631783,789,81,0,934887,1049722,4864,54754
80,05/08/2026 19:38,72,OBLIGATION_STATE,2009831,585084,776,79,0,948093,1060881,4849,55289
81,05/08/2026 20:11,72,OBLIGATION_STATE,2014246,755113,775,78,0,946624,1066766,4859,55541
82,05/08/2026 20:45,72,OBLIGATION_STATE,2040821,754692,783,80,0,958025,1081931,4860,54945
83,05/08/2026 21:19,72,OBLIGATION_STATE,2030391,753921,775,77,0,955833,1073704,4863,55461
84,05/08/2026 21:53,72,OBLIGATION_STATE,2042580,754289,775,78,0,956524,1085202,4861,55134
85,05/08/2026 22:27,72,OBLIGATION_STATE,2031279,750341,785,73,0,954463,1075956,4885,55392
86,05/08/2026 23:01,72,OBLIGATION_STATE,2017174,755607,765,93,0,948813,1067501,4863,54563
87,05/08/2026 23:34,72,OBLIGATION_STATE,2007307,748021,816,91,0,944959,1061439,4862,55802
88,06/08/2026 00:08,72,OBLIGATION_STATE,2035097,663280,812,86,0,951773,1082424,4863,55533
89,06/08/2026 00:41,72,OBLIGATION_STATE,2005214,729371,780,78,0,942730,1061623,4856,54537
90,06/08/2026 01:15,72,OBLIGATION_STATE,2009520,632284,779,82,0,950674,1057983,4862,55324
91,06/08/2026 01:48,72,OBLIGATION_STATE,2011787,754844,778,82,0,945469,1065456,4861,55192
92,06/08/2026 02:22,72,OBLIGATION_STATE,2016204,754964,855,79,0,947871,1067396,4861,55087
93,06/08/2026 02:56,72,OBLIGATION_STATE,2022600,753894,775,81,0,950223,1071519,4861,55252
94,06/08/2026 03:29,72,OBLIGATION_STATE,1975204,637031,778,82,0,927775,1046567,4892,55602
95,06/08/2026 04:02,72,OBLIGATION_STATE,2020480,742086,775,81,0,949516,1070106,4855,55017
96,06/08/2026 04:36,72,OBLIGATION_STATE,2030602,783037,776,79,0,952420,1077325,4863,55223
97,06/08/2026 05:10,72,OBLIGATION_STATE,2024344,631746,782,78,0,954953,1068529,4893,54742
98,06/08/2026 05:44,72,OBLIGATION_STATE,2018614,728223,855,91,0,943929,1073736,4857,55722
99,06/08/2026 06:17,72,OBLIGATION_STATE,2023797,754297,778,81,0,952393,1070543,4860,54971
100,06/08/2026 06:51,72,OBLIGATION_STATE,1995996,742171,762,81,0,942026,1053126,4856,54915
101,06/08/2026 07:24,72,OBLIGATION_STATE,1993812,632604,776,78,0,935805,1057150,4862,55025
102,06/08/2026 07:58,72,OBLIGATION_STATE,2032054,753655,809,103,0,950505,1080634,4862,55459
103,06/08/2026 08:32,72,OBLIGATION_STATE,2040553,754406,815,81,0,959323,1080333,4862,55833
104,06/08/2026 09:05,72,OBLIGATION_STATE,2019467,753406,841,77,0,950938,1067609,4862,55758
105,06/08/2026 09:39,72,OBLIGATION_STATE,2021162,753681,777,78,0,947187,1073117,4860,55665
106,06/08/2026 10:13,72,OBLIGATION_STATE,2012709,754590,787,79,0,949824,1062016,4861,55347
107,06/08/2026 10:47,72,OBLIGATION_STATE,2029612,753797,771,79,0,955077,1073683,4862,55262
108,06/08/2026 11:20,72,OBLIGATION_STATE,2032107,627140,786,94,0,952322,1078903,4893,54930
109,06/08/2026 11:54,72,OBLIGATION_STATE,2005771,625197,781,78,0,947716,1057194,4863,55626
110,06/08/2026 12:28,72,OBLIGATION_STATE,2032537,734926,780,78,0,957812,1073865,4856,54811
111,06/08/2026 13:02,72,OBLIGATION_STATE,2034842,759422,773,81,0,953109,1080877,4860,54976
112,06/08/2026 13:35,72,OBLIGATION_STATE,2026879,747942,770,78,0,951011,1075018,4862,55105
113,06/08/2026 14:09,72,OBLIGATION_STATE,2033790,753479,812,97,0,954810,1078068,4863,55771
114,06/08/2026 14:43,72,OBLIGATION_STATE,2021391,754643,780,79,0,953107,1067423,4861,55356
115,06/08/2026 15:17,72,OBLIGATION_STATE,2027984,620332,783,74,0,953869,1073255,4895,55164
116,06/08/2026 15:51,72,OBLIGATION_STATE,2037159,632694,773,78,0,960975,1075330,4864,55253
117,06/08/2026 16:25,72,OBLIGATION_STATE,2027553,755098,789,82,0,952962,1073719,4862,55384
118,06/08/2026 16:58,72,OBLIGATION_STATE,2002319,755170,777,81,0,947155,1054303,4858,55611
119,06/08/2026 17:32,72,OBLIGATION_STATE,2035221,660985,782,81,0,953727,1080629,4849,54911
120,06/08/2026 18:06,72,OBLIGATION_STATE,2029820,747950,797,99,0,956458,1072464,4863,54997
121,06/08/2026 18:39,72,OBLIGATION_STATE,2012390,669290,779,78,0,948654,1062876,4863,55006
122,06/08/2026 19:13,72,OBLIGATION_STATE,2035109,577289,777,78,0,956152,1078099,4885,55434
123,06/08/2026 19:47,72,OBLIGATION_STATE,2022817,754335,777,80,0,954026,1067931,4860,54349
124,06/08/2026 20:21,72,OBLIGATION_STATE,2021243,754738,781,80,0,945682,1074697,4860,55804
125,06/08/2026 20:54,72,OBLIGATION_STATE,2033076,625105,778,81,0,955189,1077026,4862,55252
126,06/08/2026 21:28,72,OBLIGATION_STATE,2019918,611069,776,78,0,953096,1065966,4863,55275
127,06/08/2026 22:02,72,OBLIGATION_STATE,2020804,625240,802,98,0,949786,1070116,4891,55402
128,06/08/2026 22:36,72,OBLIGATION_STATE,2030568,630435,775,81,0,956708,1073003,4861,56152
129,06/08/2026 23:09,72,OBLIGATION_STATE,1989537,631876,779,79,0,939062,1049614,4862,55353
130,06/08/2026 23:42,72,OBLIGATION_STATE,1976414,754542,861,99,0,931799,1043653,4863,55015
131,07/08/2026 00:16,72,OBLIGATION_STATE,2025953,748002,782,80,0,953637,1071452,4861,55532
132,07/08/2026 00:49,72,OBLIGATION_STATE,2030563,754555,810,98,0,954273,1075379,4862,55211
133,07/08/2026 01:22,72,OBLIGATION_STATE,1953838,752109,821,101,0,922681,1030233,4862,55453
134,07/08/2026 01:56,72,OBLIGATION_STATE,2035744,754242,792,94,0,954466,1080389,4862,55188
135,07/08/2026 02:30,72,OBLIGATION_STATE,2029305,754270,801,91,0,952583,1075827,4861,54780
136,07/08/2026 03:03,72,OBLIGATION_STATE,2021075,653768,774,79,0,948728,1071491,4849,54848
137,07/08/2026 03:36,72,OBLIGATION_STATE,1972698,767081,819,89,0,933742,1038045,4861,54800
138,07/08/2026 04:10,72,OBLIGATION_STATE,2026030,749711,796,96,0,951981,1073154,4862,55385
139,07/08/2026 04:44,72,OBLIGATION_STATE,2044211,753937,780,94,0,960277,1083058,4861,54842
140,07/08/2026 05:18,72,OBLIGATION_STATE,2029377,754806,798,75,0,950690,1077811,4861,55166
141,07/08/2026 05:52,72,OBLIGATION_STATE,2025508,755622,772,80,0,948916,1075738,4861,55340
142,07/08/2026 06:25,72,OBLIGATION_STATE,2020512,792132,787,79,0,955181,1064462,4833,55005
143,07/08/2026 06:59,72,OBLIGATION_STATE,2013684,591209,816,73,0,945886,1066907,4850,55313
144,07/08/2026 07:32,72,OBLIGATION_STATE,1992837,748583,772,78,0,938898,1053087,4861,55538
145,07/08/2026 08:04,72,OBLIGATION_STATE,1896823,753231,806,79,0,820793,1075143,4604,51596
146,07/08/2026 08:38,72,OBLIGATION_STATE,2029322,753672,777,79,0,947853,1080611,4861,55289
147,07/08/2026 09:11,72,OBLIGATION_STATE,2010452,766800,772,78,0,944642,1064957,4862,55277
148,07/08/2026 09:45,72,OBLIGATION_STATE,2007204,584946,771,80,0,939083,1067268,4843,54857
149,07/08/2026 10:19,72,OBLIGATION_STATE,2041122,753813,806,78,0,956481,1083755,4860,55337
150,07/08/2026 10:52,72,OBLIGATION_STATE,2020108,754999,771,82,0,949701,1069553,4861,55245
151,07/08/2026 11:26,72,OBLIGATION_STATE,2034043,753671,770,81,0,953947,1079243,4862,55532
152,07/08/2026 12:00,72,OBLIGATION_STATE,2019390,633448,817,79,0,937595,1080898,4864,55232
153,07/08/2026 12:33,72,OBLIGATION_STATE,2009244,779682,773,80,0,941318,1067071,4841,54511
154,07/08/2026 13:07,72,OBLIGATION_STATE,2022082,753861,773,81,0,952948,1068278,4863,55189
155,07/08/2026 13:41,72,OBLIGATION_STATE,2008122,754921,831,105,0,945599,1061585,4862,54900
156,07/08/2026 14:14,72,OBLIGATION_STATE,2037830,753867,797,78,0,956133,1080820,4861,54727
157,07/08/2026 14:48,72,OBLIGATION_STATE,2039503,754321,773,80,0,955445,1083202,4862,55698
158,07/08/2026 15:22,72,OBLIGATION_STATE,2007783,734934,814,96,0,942703,1064167,4855,54811
159,07/08/2026 15:55,72,OBLIGATION_STATE,2000305,754166,808,105,0,946270,1053120,4860,55053
160,07/08/2026 16:29,72,OBLIGATION_STATE,2020514,631662,801,106,0,952861,1066744,4863,55275
161,07/08/2026 17:03,72,OBLIGATION_STATE,2036229,754854,775,81,0,957491,1077881,4861,55142
162,07/08/2026 17:37,72,OBLIGATION_STATE,2041485,755195,780,80,0,955940,1084682,4863,55324
163,07/08/2026 18:10,72,OBLIGATION_STATE,1982568,608505,794,88,0,927603,1054081,4815,54372
164,07/08/2026 18:44,72,OBLIGATION_STATE,2020984,754692,779,82,0,951911,1068209,4861,54710
165,07/08/2026 19:17,72,OBLIGATION_STATE,2017348,755051,774,76,0,947576,1068920,4861,55248
166,07/08/2026 19:51,72,OBLIGATION_STATE,2048325,625740,812,99,0,961139,1086273,4892,55731
167,07/08/2026 20:25,72,OBLIGATION_STATE,2031517,753723,793,93,0,957045,1073584,4862,55621
168,07/08/2026 20:59,72,OBLIGATION_STATE,2009736,754621,783,97,0,947704,1061150,4862,55053
169,07/08/2026 21:33,72,OBLIGATION_STATE,2029397,631078,771,78,0,956728,1071818,4862,54752
170,07/08/2026 22:06,72,OBLIGATION_STATE,2022217,754511,771,81,0,947121,1074242,4862,55656
171,07/08/2026 22:40,72,OBLIGATION_STATE,2021826,597292,782,73,0,952532,1068437,4862,54967
172,07/08/2026 23:13,72,OBLIGATION_STATE,1997610,755088,798,80,0,941277,1055454,4862,55386
173,07/08/2026 23:47,72,OBLIGATION_STATE,1995318,728073,773,80,0,944012,1050450,4856,54146
174,08/08/2026 00:20,72,OBLIGATION_STATE,1979535,591032,782,81,0,934744,1043927,4848,54532
175,08/08/2026 00:53,72,OBLIGATION_STATE,2031030,747991,776,81,0,955153,1075018,4861,54997
176,08/08/2026 01:27,72,OBLIGATION_STATE,2029698,754564,787,74,0,952227,1076608,4861,55117
177,08/08/2026 02:00,72,OBLIGATION_STATE,1968847,626173,813,106,0,925450,1042475,4893,54819
178,08/08/2026 02:34,72,OBLIGATION_STATE,2020080,748476,824,98,0,950832,1068324,4862,55398
179,08/08/2026 03:07,72,OBLIGATION_STATE,2018647,628705,776,79,0,951341,1066449,4863,55455
180,08/08/2026 03:41,72,OBLIGATION_STATE,2016866,754330,775,80,0,948486,1067522,4861,55041
181,08/08/2026 04:15,72,OBLIGATION_STATE,2014847,754620,778,80,0,947779,1066208,4861,54924
182,08/08/2026 04:48,72,OBLIGATION_STATE,2008500,754689,786,72,0,940754,1066885,4861,55174
183,08/08/2026 05:22,72,OBLIGATION_STATE,2017571,727382,778,78,0,946834,1069879,4858,54769
184,08/08/2026 05:55,72,OBLIGATION_STATE,2012673,735958,777,80,0,945940,1065873,4856,54711
185,08/08/2026 06:29,72,OBLIGATION_STATE,2034193,753871,778,78,0,955324,1078011,4861,55298
186,08/08/2026 07:03,72,OBLIGATION_STATE,2035419,754360,782,78,0,954133,1080424,4861,55368
187,08/08/2026 07:37,72,OBLIGATION_STATE,2035278,632644,780,81,0,954126,1080289,4862,54890
188,08/08/2026 08:11,72,OBLIGATION_STATE,2019002,755243,780,98,0,949505,1068616,4861,54313
189,08/08/2026 08:44,72,OBLIGATION_STATE,2004086,636011,774,78,0,945252,1057979,4862,54855
190,08/08/2026 09:18,72,OBLIGATION_STATE,2010894,748912,798,81,0,945156,1064857,4859,54696
191,08/08/2026 09:51,72,OBLIGATION_STATE,2022106,754533,775,80,0,951473,1069776,4861,55047
192,08/08/2026 10:25,72,OBLIGATION_STATE,2020021,755463,781,82,0,946840,1072316,4861,55313
193,08/08/2026 10:59,72,OBLIGATION_STATE,2019601,754013,779,79,0,950978,1067763,4861,55155
194,08/08/2026 11:33,72,OBLIGATION_STATE,2039721,753396,779,81,0,958038,1080820,4861,54837
195,08/08/2026 12:06,72,OBLIGATION_STATE,2015848,755245,821,84,0,947382,1067558,4863,54593
196,08/08/2026 12:40,72,OBLIGATION_STATE,2021905,775640,776,79,0,947958,1073090,4829,54896
197,08/08/2026 13:14,72,OBLIGATION_STATE,2037159,626191,774,78,0,952633,1083672,4862,54748
198,08/08/2026 13:48,72,OBLIGATION_STATE,2027504,615911,803,74,0,949881,1076745,4862,55263
199,08/08/2026 14:21,72,OBLIGATION_STATE,2013649,755256,778,81,0,947963,1064824,4863,55030
200,08/08/2026 14:55,72,OBLIGATION_STATE,2014812,755218,780,85,0,946114,1067831,4861,55131
1,11/08/2026 13:16,9,REGULATED_ACTION_STATE,1737,95758,770,34,0,894,37,1,17
2,11/08/2026 13:16,9,REGULATED_ACTION_STATE,1769,98384,803,32,0,897,36,1,19
3,11/08/2026 13:16,9,REGULATED_ACTION_STATE,1733,95795,765,35,0,896,35,1,20
4,11/08/2026 13:16,9,REGULATED_ACTION_STATE,1801,98272,780,33,0,948,37,1,17
5,11/08/2026 13:16,9,REGULATED_ACTION_STATE,1743,98335,777,33,0,895,36,1,18
6,11/08/2026 13:17,9,REGULATED_ACTION_STATE,1847,93233,815,33,0,962,36,1,22
7,11/08/2026 13:17,9,REGULATED_ACTION_STATE,1759,98342,789,33,0,900,34,1,19
8,11/08/2026 13:17,9,REGULATED_ACTION_STATE,1760,95777,778,33,0,911,35,1,20
9,11/08/2026 13:17,9,REGULATED_ACTION_STATE,1790,95740,778,33,0,938,38,1,18
10,11/08/2026 13:17,9,REGULATED_ACTION_STATE,1762,98357,769,35,0,919,37,1,21
11,11/08/2026 13:17,9,REGULATED_ACTION_STATE,1759,99186,793,33,0,894,36,1,16
12,11/08/2026 13:17,9,REGULATED_ACTION_STATE,1935,95771,854,42,0,998,38,1,20
13,11/08/2026 13:17,9,REGULATED_ACTION_STATE,1788,95664,779,33,0,935,38,1,16
14,11/08/2026 13:17,9,REGULATED_ACTION_STATE,1740,95737,775,34,0,895,34,1,16
15,11/08/2026 13:17,9,REGULATED_ACTION_STATE,1775,98378,775,33,0,930,34,1,17
16,11/08/2026 13:17,9,REGULATED_ACTION_STATE,1746,93192,777,33,0,898,35,1,16
17,11/08/2026 13:17,9,REGULATED_ACTION_STATE,1731,98345,765,34,0,893,36,1,16
18,11/08/2026 13:17,9,REGULATED_ACTION_STATE,1796,95807,790,49,0,919,36,1,19
19,11/08/2026 13:17,9,REGULATED_ACTION_STATE,1853,95809,826,40,0,948,37,1,22
20,11/08/2026 13:17,9,REGULATED_ACTION_STATE,1783,95788,769,33,0,938,41,1,18
21,11/08/2026 13:17,9,REGULATED_ACTION_STATE,1750,95819,765,33,0,917,34,1,22
22,11/08/2026 13:17,9,REGULATED_ACTION_STATE,1742,98406,773,34,0,898,35,1,22
23,11/08/2026 13:17,9,REGULATED_ACTION_STATE,1761,93861,774,32,0,916,36,1,16
24,11/08/2026 13:17,9,REGULATED_ACTION_STATE,1844,98321,776,33,0,995,38,1,17
25,11/08/2026 13:17,9,REGULATED_ACTION_STATE,1771,93158,802,35,0,897,35,1,20
26,11/08/2026 13:17,9,REGULATED_ACTION_STATE,1733,98397,766,35,0,896,34,1,17
27,11/08/2026 13:17,9,REGULATED_ACTION_STATE,1801,98301,781,35,0,947,35,1,17
28,11/08/2026 13:17,9,REGULATED_ACTION_STATE,1802,95766,766,34,0,963,36,1,17
29,11/08/2026 13:17,9,REGULATED_ACTION_STATE,1904,98391,847,41,0,979,35,1,18
30,11/08/2026 13:17,9,REGULATED_ACTION_STATE,1856,93156,784,39,0,989,41,1,20
31,11/08/2026 13:17,9,REGULATED_ACTION_STATE,1774,93148,772,33,0,926,40,1,16
32,11/08/2026 13:17,9,REGULATED_ACTION_STATE,1776,95769,813,34,0,892,35,1,18
33,11/08/2026 13:17,9,REGULATED_ACTION_STATE,1763,95764,767,35,0,917,42,1,21
34,11/08/2026 13:17,9,REGULATED_ACTION_STATE,1792,95779,772,35,0,941,43,1,16
35,11/08/2026 13:17,9,REGULATED_ACTION_STATE,1823,95773,785,39,0,961,37,1,19
36,11/08/2026 13:18,9,REGULATED_ACTION_STATE,1775,93050,777,35,0,925,36,1,15
37,11/08/2026 13:18,9,REGULATED_ACTION_STATE,1824,93950,812,42,0,932,35,1,16
38,11/08/2026 13:18,9,REGULATED_ACTION_STATE,1785,98359,772,34,0,940,37,1,19
39,11/08/2026 13:18,9,REGULATED_ACTION_STATE,1853,95812,825,35,0,953,38,1,17
40,11/08/2026 13:18,9,REGULATED_ACTION_STATE,1853,98308,804,51,0,958,38,1,21
41,11/08/2026 13:18,9,REGULATED_ACTION_STATE,1863,95801,801,38,0,987,35,1,20
42,11/08/2026 13:18,9,REGULATED_ACTION_STATE,1777,96581,767,32,0,939,36,1,21
43,11/08/2026 13:18,9,REGULATED_ACTION_STATE,1736,98337,767,33,0,899,35,1,21
44,11/08/2026 13:18,9,REGULATED_ACTION_STATE,1755,98424,772,35,0,908,38,1,20
45,11/08/2026 13:18,9,REGULATED_ACTION_STATE,1761,95677,789,32,0,902,36,1,17
46,11/08/2026 13:18,9,REGULATED_ACTION_STATE,1858,98423,818,44,0,958,36,1,20
47,11/08/2026 13:18,9,REGULATED_ACTION_STATE,1788,98375,772,33,0,944,38,1,22
48,11/08/2026 13:18,9,REGULATED_ACTION_STATE,1724,99206,768,32,0,888,35,1,16
49,11/08/2026 13:18,9,REGULATED_ACTION_STATE,1770,98362,771,33,0,928,35,1,20
50,11/08/2026 13:18,9,REGULATED_ACTION_STATE,1735,95805,769,33,0,895,36,1,18
51,11/08/2026 13:18,9,REGULATED_ACTION_STATE,1740,95790,771,33,1,899,36,1,19
52,11/08/2026 13:18,9,REGULATED_ACTION_STATE,1769,95747,773,33,0,925,36,1,18
53,11/08/2026 13:18,9,REGULATED_ACTION_STATE,1799,90757,788,48,0,925,36,1,19
54,11/08/2026 13:18,9,REGULATED_ACTION_STATE,1741,95770,768,35,0,902,35,1,17
55,11/08/2026 13:18,9,REGULATED_ACTION_STATE,1789,98379,768,34,0,949,35,1,20
56,11/08/2026 13:18,9,REGULATED_ACTION_STATE,1741,93154,770,33,0,899,36,1,21
57,11/08/2026 13:18,9,REGULATED_ACTION_STATE,1747,95836,768,35,0,907,36,1,22
58,11/08/2026 13:18,9,REGULATED_ACTION_STATE,1736,95695,767,34,0,897,35,1,15
59,11/08/2026 13:18,9,REGULATED_ACTION_STATE,1749,98389,778,34,0,901,34,1,18
60,11/08/2026 13:18,9,REGULATED_ACTION_STATE,1742,98331,771,33,0,901,35,1,23
61,11/08/2026 13:18,9,REGULATED_ACTION_STATE,1830,95727,807,35,0,948,39,1,20
62,11/08/2026 13:18,9,REGULATED_ACTION_STATE,1753,95776,776,35,0,904,35,1,22
63,11/08/2026 13:18,9,REGULATED_ACTION_STATE,1748,95841,771,32,0,905,37,1,18
64,11/08/2026 13:18,9,REGULATED_ACTION_STATE,1805,96575,772,32,0,964,35,1,21
65,11/08/2026 13:19,9,REGULATED_ACTION_STATE,1740,93010,768,33,0,901,36,1,17
66,11/08/2026 13:19,9,REGULATED_ACTION_STATE,1737,95817,774,33,0,893,34,1,17
67,11/08/2026 13:19,9,REGULATED_ACTION_STATE,1761,96560,779,35,0,910,35,1,17
68,11/08/2026 13:19,9,REGULATED_ACTION_STATE,1766,98390,773,35,0,917,39,1,17
69,11/08/2026 13:19,9,REGULATED_ACTION_STATE,1767,98411,787,33,0,910,35,1,20
70,11/08/2026 13:19,9,REGULATED_ACTION_STATE,1782,98408,781,34,0,930,36,1,19
71,11/08/2026 13:19,9,REGULATED_ACTION_STATE,1788,98359,774,34,0,943,35,1,19
72,11/08/2026 13:19,9,REGULATED_ACTION_STATE,1777,98400,772,32,0,935,35,1,20
73,11/08/2026 13:19,9,REGULATED_ACTION_STATE,1780,95787,768,34,0,935,40,1,16
74,11/08/2026 13:19,9,REGULATED_ACTION_STATE,1779,98476,773,35,0,931,38,1,22
75,11/08/2026 13:19,9,REGULATED_ACTION_STATE,1750,95791,766,33,0,911,38,1,18
76,11/08/2026 13:19,9,REGULATED_ACTION_STATE,1765,95784,770,33,0,925,36,1,15
77,11/08/2026 13:19,9,REGULATED_ACTION_STATE,1822,98327,793,35,0,953,39,1,17
78,11/08/2026 13:19,9,REGULATED_ACTION_STATE,1773,95727,769,34,0,930,37,1,17
79,11/08/2026 13:19,9,REGULATED_ACTION_STATE,1757,96575,775,34,0,910,35,1,20
80,11/08/2026 13:19,9,REGULATED_ACTION_STATE,1748,95791,769,35,0,907,36,1,16
81,11/08/2026 13:19,9,REGULATED_ACTION_STATE,1763,98395,775,32,0,917,37,1,20
82,11/08/2026 13:19,9,REGULATED_ACTION_STATE,1748,95748,771,35,0,903,37,1,16
83,11/08/2026 13:19,9,REGULATED_ACTION_STATE,1770,98358,766,33,0,931,38,1,23
84,11/08/2026 13:19,9,REGULATED_ACTION_STATE,1740,95787,770,34,0,899,34,1,17
85,11/08/2026 13:19,9,REGULATED_ACTION_STATE,1779,93160,780,44,0,918,35,1,19
86,11/08/2026 13:19,9,REGULATED_ACTION_STATE,1788,95784,779,34,0,937,36,1,18
87,11/08/2026 13:19,9,REGULATED_ACTION_STATE,1758,98325,772,32,0,912,39,1,16
88,11/08/2026 13:19,9,REGULATED_ACTION_STATE,1741,99105,772,33,0,898,36,1,18
89,11/08/2026 13:19,9,REGULATED_ACTION_STATE,1772,95772,770,32,0,930,38,1,15
90,11/08/2026 13:19,9,REGULATED_ACTION_STATE,1759,98333,788,34,0,897,37,1,16
91,11/08/2026 13:19,9,REGULATED_ACTION_STATE,1853,98434,832,39,0,943,36,1,20
92,11/08/2026 13:19,9,REGULATED_ACTION_STATE,1746,95780,768,32,0,909,35,1,17
93,11/08/2026 13:19,9,REGULATED_ACTION_STATE,1757,95774,774,33,0,911,37,1,18
94,11/08/2026 13:19,9,REGULATED_ACTION_STATE,1773,99173,773,34,0,926,38,1,16
95,11/08/2026 13:20,9,REGULATED_ACTION_STATE,1734,93138,768,35,0,894,35,1,17
96,11/08/2026 13:20,9,REGULATED_ACTION_STATE,1805,95823,794,45,0,930,35,1,17
97,11/08/2026 13:20,9,REGULATED_ACTION_STATE,1770,95753,767,34,0,930,37,1,21
98,11/08/2026 13:20,9,REGULATED_ACTION_STATE,1786,98392,776,34,0,940,35,1,20
99,11/08/2026 13:20,9,REGULATED_ACTION_STATE,1853,95774,774,34,0,1009,35,1,19
100,11/08/2026 13:20,9,REGULATED_ACTION_STATE,1739,95765,767,32,0,902,35,1,17
101,11/08/2026 13:20,9,REGULATED_ACTION_STATE,1731,98462,767,33,0,892,36,1,16
102,11/08/2026 13:20,9,REGULATED_ACTION_STATE,1792,98371,775,33,0,948,35,1,20
103,11/08/2026 13:20,9,REGULATED_ACTION_STATE,1796,95748,784,44,0,932,34,1,19
104,11/08/2026 13:20,9,REGULATED_ACTION_STATE,1862,95813,795,40,0,985,39,1,17
105,11/08/2026 13:20,9,REGULATED_ACTION_STATE,1806,95747,775,35,0,958,36,1,21
106,11/08/2026 13:20,9,REGULATED_ACTION_STATE,1792,98364,774,35,0,943,39,1,17
107,11/08/2026 13:20,9,REGULATED_ACTION_STATE,1760,95756,782,33,0,908,34,1,16
108,11/08/2026 13:20,9,REGULATED_ACTION_STATE,1732,95743,766,33,0,897,35,1,16
109,11/08/2026 13:20,9,REGULATED_ACTION_STATE,1759,98355,780,35,0,906,36,1,20
110,11/08/2026 13:20,9,REGULATED_ACTION_STATE,1744,99189,764,33,0,908,37,1,16
111,11/08/2026 13:20,9,REGULATED_ACTION_STATE,1812,98372,778,35,0,957,40,1,16
112,11/08/2026 13:20,9,REGULATED_ACTION_STATE,1790,95673,814,38,0,898,38,1,17
113,11/08/2026 13:20,9,REGULATED_ACTION_STATE,1740,95724,771,33,0,897,37,1,18
114,11/08/2026 13:20,9,REGULATED_ACTION_STATE,1746,98411,780,33,0,895,36,1,17
115,11/08/2026 13:20,9,REGULATED_ACTION_STATE,1865,98407,791,46,0,992,34,1,20
116,11/08/2026 13:20,9,REGULATED_ACTION_STATE,1803,98353,767,35,0,959,40,1,20
117,11/08/2026 13:20,9,REGULATED_ACTION_STATE,1738,96585,768,33,0,899,36,1,16
118,11/08/2026 13:20,9,REGULATED_ACTION_STATE,1824,95801,784,33,0,970,35,1,16
119,11/08/2026 13:20,9,REGULATED_ACTION_STATE,1807,95724,812,48,0,908,37,1,19
120,11/08/2026 13:20,9,REGULATED_ACTION_STATE,1771,95739,772,32,0,926,38,1,21
121,11/08/2026 13:20,9,REGULATED_ACTION_STATE,1805,95795,771,35,0,958,39,1,20
122,11/08/2026 13:20,9,REGULATED_ACTION_STATE,1765,99189,779,32,0,917,35,1,19
123,11/08/2026 13:20,9,REGULATED_ACTION_STATE,1744,95770,772,32,0,903,34,1,27
124,11/08/2026 13:20,9,REGULATED_ACTION_STATE,1795,93936,790,42,0,926,34,1,18
125,11/08/2026 13:21,9,REGULATED_ACTION_STATE,1740,95803,772,32,0,898,35,1,16
126,11/08/2026 13:21,9,REGULATED_ACTION_STATE,1744,98415,773,32,0,901,35,1,22
127,11/08/2026 13:21,9,REGULATED_ACTION_STATE,1781,95790,771,38,0,932,37,1,18
128,11/08/2026 13:21,9,REGULATED_ACTION_STATE,1787,98360,767,34,0,945,39,1,17
129,11/08/2026 13:21,9,REGULATED_ACTION_STATE,1936,98383,805,38,0,1051,40,1,16
130,11/08/2026 13:21,9,REGULATED_ACTION_STATE,1810,95804,775,38,0,938,56,1,18
131,11/08/2026 13:21,9,REGULATED_ACTION_STATE,1753,99150,782,34,0,896,38,1,21
132,11/08/2026 13:21,9,REGULATED_ACTION_STATE,1756,95816,778,35,0,905,36,1,17
133,11/08/2026 13:21,9,REGULATED_ACTION_STATE,1776,95665,778,35,0,924,37,1,21
134,11/08/2026 13:21,9,REGULATED_ACTION_STATE,1734,95772,768,33,0,897,35,1,19
135,11/08/2026 13:21,9,REGULATED_ACTION_STATE,1742,93194,772,35,0,899,34,1,18
136,11/08/2026 13:21,9,REGULATED_ACTION_STATE,1770,93123,769,33,0,929,36,1,18
137,11/08/2026 13:21,9,REGULATED_ACTION_STATE,1831,93086,775,35,0,976,43,1,19
138,11/08/2026 13:21,9,REGULATED_ACTION_STATE,1737,99152,771,32,0,896,36,1,16
139,11/08/2026 13:21,9,REGULATED_ACTION_STATE,1752,95767,773,34,0,908,36,1,21
140,11/08/2026 13:21,9,REGULATED_ACTION_STATE,1798,95828,767,32,0,959,37,1,19
141,11/08/2026 13:21,9,REGULATED_ACTION_STATE,1751,98418,775,35,0,903,37,1,18
142,11/08/2026 13:21,9,REGULATED_ACTION_STATE,1769,95799,769,33,0,931,34,1,18
143,11/08/2026 13:21,9,REGULATED_ACTION_STATE,1804,95842,807,33,0,922,39,1,16
144,11/08/2026 13:21,9,REGULATED_ACTION_STATE,1781,98479,771,36,0,932,40,1,18
145,11/08/2026 13:21,9,REGULATED_ACTION_STATE,1768,95737,792,33,0,904,36,1,16
146,11/08/2026 13:21,9,REGULATED_ACTION_STATE,1753,95606,784,35,0,896,36,1,17
147,11/08/2026 13:21,9,REGULATED_ACTION_STATE,1721,95734,764,32,0,887,35,1,16
148,11/08/2026 13:21,9,REGULATED_ACTION_STATE,1744,93163,769,33,0,903,37,1,17
149,11/08/2026 13:21,9,REGULATED_ACTION_STATE,1745,93898,768,36,0,903,36,1,16
150,11/08/2026 13:21,9,REGULATED_ACTION_STATE,1741,95720,769,32,0,903,35,1,19
151,11/08/2026 13:21,9,REGULATED_ACTION_STATE,1814,96524,773,35,0,966,38,1,19
152,11/08/2026 13:21,9,REGULATED_ACTION_STATE,1771,95769,776,32,0,925,36,1,18
153,11/08/2026 13:21,9,REGULATED_ACTION_STATE,1777,98396,775,35,0,928,37,1,20
154,11/08/2026 13:21,9,REGULATED_ACTION_STATE,1745,98347,773,35,0,901,34,1,18
155,11/08/2026 13:22,9,REGULATED_ACTION_STATE,1958,95767,838,37,0,1043,39,1,21
156,11/08/2026 13:22,9,REGULATED_ACTION_STATE,1816,99162,817,39,0,923,34,1,17
157,11/08/2026 13:22,9,REGULATED_ACTION_STATE,1745,95735,775,35,0,899,34,1,16
158,11/08/2026 13:22,9,REGULATED_ACTION_STATE,1825,93164,783,43,0,955,41,1,20
159,11/08/2026 13:22,9,REGULATED_ACTION_STATE,1751,95742,774,33,0,907,34,1,19
160,11/08/2026 13:22,9,REGULATED_ACTION_STATE,1763,98396,776,33,0,910,42,1,16
161,11/08/2026 13:22,9,REGULATED_ACTION_STATE,1898,98390,865,43,0,953,34,1,19
162,11/08/2026 13:22,9,REGULATED_ACTION_STATE,1756,98418,768,32,0,913,40,1,16
163,11/08/2026 13:22,9,REGULATED_ACTION_STATE,1792,93148,778,32,0,940,40,1,22
164,11/08/2026 13:22,9,REGULATED_ACTION_STATE,1731,95827,768,33,0,893,34,1,16
165,11/08/2026 13:22,9,REGULATED_ACTION_STATE,1786,91485,787,40,0,922,34,1,21
166,11/08/2026 13:22,9,REGULATED_ACTION_STATE,1779,95785,781,35,0,918,42,1,21
167,11/08/2026 13:22,9,REGULATED_ACTION_STATE,1741,98443,769,34,0,898,37,1,19
168,11/08/2026 13:22,9,REGULATED_ACTION_STATE,1863,95815,798,33,0,993,36,1,21
169,11/08/2026 13:22,9,REGULATED_ACTION_STATE,1748,110546,778,33,0,900,36,1,17
170,11/08/2026 13:22,9,REGULATED_ACTION_STATE,1851,98330,820,44,0,947,37,1,24
171,11/08/2026 13:22,9,REGULATED_ACTION_STATE,1731,95755,768,33,0,894,35,1,20
172,11/08/2026 13:22,9,REGULATED_ACTION_STATE,1784,95778,784,33,0,931,34,1,16
173,11/08/2026 13:22,9,REGULATED_ACTION_STATE,1785,95687,770,31,0,941,41,1,19
174,11/08/2026 13:22,9,REGULATED_ACTION_STATE,1830,96561,818,33,0,940,37,1,20
175,11/08/2026 13:22,9,REGULATED_ACTION_STATE,1741,98406,768,35,0,899,37,1,17
176,11/08/2026 13:22,9,REGULATED_ACTION_STATE,1747,99216,774,35,0,901,34,1,21
177,11/08/2026 13:22,9,REGULATED_ACTION_STATE,1745,95700,774,33,0,901,35,1,21
178,11/08/2026 13:22,9,REGULATED_ACTION_STATE,1754,95665,777,35,0,905,35,1,21
179,11/08/2026 13:22,9,REGULATED_ACTION_STATE,1825,93092,833,39,0,915,35,1,15
180,11/08/2026 13:22,9,REGULATED_ACTION_STATE,1824,99205,830,49,0,905,37,1,16
181,11/08/2026 13:22,9,REGULATED_ACTION_STATE,1731,95730,768,33,0,892,36,1,19
182,11/08/2026 13:22,9,REGULATED_ACTION_STATE,1741,95789,768,33,0,904,34,1,17
183,11/08/2026 13:22,9,REGULATED_ACTION_STATE,1761,93216,770,35,0,919,35,1,17
184,11/08/2026 13:23,9,REGULATED_ACTION_STATE,1739,95701,769,35,0,897,36,1,23
185,11/08/2026 13:23,9,REGULATED_ACTION_STATE,1801,98377,769,33,0,963,35,1,24
186,11/08/2026 13:23,9,REGULATED_ACTION_STATE,1740,98442,769,34,0,900,35,1,16
187,11/08/2026 13:23,9,REGULATED_ACTION_STATE,1784,90789,773,33,0,937,39,1,22
188,11/08/2026 13:23,9,REGULATED_ACTION_STATE,1747,98361,774,35,0,901,35,1,22
189,11/08/2026 13:23,9,REGULATED_ACTION_STATE,1744,98324,768,35,0,903,36,1,21
190,11/08/2026 13:23,9,REGULATED_ACTION_STATE,1768,96567,771,32,0,927,35,1,19
191,11/08/2026 13:23,9,REGULATED_ACTION_STATE,1760,93145,769,33,0,920,36,1,16
192,11/08/2026 13:23,9,REGULATED_ACTION_STATE,1824,93160,772,49,0,964,36,1,20
193,11/08/2026 13:23,9,REGULATED_ACTION_STATE,1792,95768,769,33,0,949,39,1,23
194,11/08/2026 13:23,9,REGULATED_ACTION_STATE,1756,93040,771,35,0,912,36,1,19
195,11/08/2026 13:23,9,REGULATED_ACTION_STATE,1751,96511,784,34,1,895,35,1,16
196,11/08/2026 13:23,9,REGULATED_ACTION_STATE,1787,95789,782,37,0,930,36,1,19
197,11/08/2026 13:23,9,REGULATED_ACTION_STATE,1752,95752,771,32,0,910,36,1,22
198,11/08/2026 13:23,9,REGULATED_ACTION_STATE,1796,93120,779,34,0,946,35,1,16
199,11/08/2026 13:23,9,REGULATED_ACTION_STATE,1772,96578,766,34,0,933,37,1,17
200,11/08/2026 13:23,9,REGULATED_ACTION_STATE,1864,98430,778,44,0,987,53,1,16
1,11/08/2026 13:23,18,REGULATED_ACTION_STATE,2919,118180,782,51,0,1977,107,4,67
2,11/08/2026 13:23,18,REGULATED_ACTION_STATE,2880,113579,791,51,0,1925,111,4,62
3,11/08/2026 13:23,18,REGULATED_ACTION_STATE,2871,107458,777,42,0,1943,106,4,68
4,11/08/2026 13:23,18,REGULATED_ACTION_STATE,2851,118665,772,41,0,1930,106,4,61
5,11/08/2026 13:23,18,REGULATED_ACTION_STATE,2904,118717,770,44,0,1971,117,4,59
6,11/08/2026 13:23,18,REGULATED_ACTION_STATE,2847,119019,769,41,0,1933,102,4,69
7,11/08/2026 13:23,18,REGULATED_ACTION_STATE,2840,117756,768,41,0,1924,106,4,65
8,11/08/2026 13:24,18,REGULATED_ACTION_STATE,2867,109811,769,41,0,1948,106,4,67
9,11/08/2026 13:24,18,REGULATED_ACTION_STATE,2844,118344,777,41,0,1923,101,4,65
10,11/08/2026 13:24,18,REGULATED_ACTION_STATE,2855,117735,770,41,0,1931,111,4,56
11,11/08/2026 13:24,18,REGULATED_ACTION_STATE,2909,113656,768,42,0,1987,110,4,66
12,11/08/2026 13:24,18,REGULATED_ACTION_STATE,2843,118689,773,41,0,1925,102,4,58
13,11/08/2026 13:24,18,REGULATED_ACTION_STATE,2861,114074,773,44,0,1936,107,4,67
14,11/08/2026 13:24,18,REGULATED_ACTION_STATE,2832,107443,781,44,0,1903,102,4,51
15,11/08/2026 13:24,18,REGULATED_ACTION_STATE,2881,117613,779,43,0,1920,137,4,58
16,11/08/2026 13:24,18,REGULATED_ACTION_STATE,2893,118621,804,43,0,1938,106,4,64
17,11/08/2026 13:24,18,REGULATED_ACTION_STATE,2926,118607,796,57,0,1965,105,4,65
18,11/08/2026 13:24,18,REGULATED_ACTION_STATE,3003,118575,829,48,0,2015,108,4,60
19,11/08/2026 13:24,18,REGULATED_ACTION_STATE,2903,117778,776,41,0,1976,108,4,61
20,11/08/2026 13:24,18,REGULATED_ACTION_STATE,2829,122765,770,41,0,1910,105,4,64
21,11/08/2026 13:24,18,REGULATED_ACTION_STATE,2960,117946,818,55,0,1984,101,4,60
22,11/08/2026 13:24,18,REGULATED_ACTION_STATE,2858,114651,772,44,0,1939,102,4,55
23,11/08/2026 13:24,18,REGULATED_ACTION_STATE,2887,118217,772,42,0,1962,109,4,68
24,11/08/2026 13:24,18,REGULATED_ACTION_STATE,2824,114081,770,43,0,1903,106,4,53
25,11/08/2026 13:24,18,REGULATED_ACTION_STATE,2850,118536,768,40,0,1932,108,4,59
26,11/08/2026 13:24,18,REGULATED_ACTION_STATE,2896,112983,774,41,0,1973,107,4,63
27,11/08/2026 13:25,18,REGULATED_ACTION_STATE,2849,118272,770,44,0,1928,106,4,64
28,11/08/2026 13:25,18,REGULATED_ACTION_STATE,2949,118151,776,48,0,2014,110,4,51
29,11/08/2026 13:25,18,REGULATED_ACTION_STATE,2966,118324,837,53,0,1968,106,4,64
30,11/08/2026 13:25,18,REGULATED_ACTION_STATE,2917,118519,804,42,0,1963,105,4,65
31,11/08/2026 13:25,18,REGULATED_ACTION_STATE,2831,115411,768,41,0,1916,104,4,59
32,11/08/2026 13:25,18,REGULATED_ACTION_STATE,2865,118326,782,41,0,1919,122,4,62
33,11/08/2026 13:25,18,REGULATED_ACTION_STATE,3040,122521,821,51,0,2060,106,4,62
34,11/08/2026 13:25,18,REGULATED_ACTION_STATE,2837,118712,770,43,0,1917,105,4,61
35,11/08/2026 13:25,18,REGULATED_ACTION_STATE,2879,118045,772,41,0,1956,108,4,65
36,11/08/2026 13:25,18,REGULATED_ACTION_STATE,2950,118682,813,52,0,1978,104,4,66
37,11/08/2026 13:25,18,REGULATED_ACTION_STATE,2881,122810,773,43,0,1958,105,4,62
38,11/08/2026 13:25,18,REGULATED_ACTION_STATE,2850,118414,771,43,0,1931,102,4,59
39,11/08/2026 13:25,18,REGULATED_ACTION_STATE,2852,118747,776,43,0,1926,105,4,66
40,11/08/2026 13:25,18,REGULATED_ACTION_STATE,2979,113728,792,54,0,2024,108,4,59
41,11/08/2026 13:25,18,REGULATED_ACTION_STATE,2883,112834,770,41,0,1964,106,4,69
42,11/08/2026 13:25,18,REGULATED_ACTION_STATE,2941,112604,812,52,0,1969,106,4,60
43,11/08/2026 13:25,18,REGULATED_ACTION_STATE,2875,118313,769,41,0,1956,106,4,61
44,11/08/2026 13:25,18,REGULATED_ACTION_STATE,2888,118516,771,43,0,1965,106,4,57
45,11/08/2026 13:25,18,REGULATED_ACTION_STATE,2871,118328,773,43,0,1941,112,4,54
46,11/08/2026 13:25,18,REGULATED_ACTION_STATE,2848,117319,771,43,0,1924,108,4,57
47,11/08/2026 13:26,18,REGULATED_ACTION_STATE,2941,122494,770,44,0,2020,106,4,65
48,11/08/2026 13:26,18,REGULATED_ACTION_STATE,2918,118144,792,52,0,1965,107,4,62
49,11/08/2026 13:26,18,REGULATED_ACTION_STATE,2996,117606,814,51,0,2017,112,4,58
50,11/08/2026 13:26,18,REGULATED_ACTION_STATE,2855,118656,777,42,0,1928,106,4,69
51,11/08/2026 13:26,18,REGULATED_ACTION_STATE,2902,118111,772,43,0,1980,105,4,57
52,11/08/2026 13:26,18,REGULATED_ACTION_STATE,2859,118058,775,44,0,1932,106,4,60
53,11/08/2026 13:26,18,REGULATED_ACTION_STATE,2954,118262,818,52,0,1976,106,4,66
54,11/08/2026 13:26,18,REGULATED_ACTION_STATE,2891,117790,778,45,0,1953,113,4,66
55,11/08/2026 13:26,18,REGULATED_ACTION_STATE,2848,117796,770,42,0,1931,103,4,60
56,11/08/2026 13:26,18,REGULATED_ACTION_STATE,2927,117757,815,51,0,1956,103,4,65
57,11/08/2026 13:26,18,REGULATED_ACTION_STATE,2892,112972,778,43,0,1964,105,4,65
58,11/08/2026 13:26,18,REGULATED_ACTION_STATE,2920,113181,774,41,0,1994,108,4,62
59,11/08/2026 13:26,18,REGULATED_ACTION_STATE,2867,118171,767,41,0,1951,106,4,66
60,11/08/2026 13:26,18,REGULATED_ACTION_STATE,2845,107610,776,41,0,1921,105,4,58
61,11/08/2026 13:26,18,REGULATED_ACTION_STATE,2868,118763,776,41,0,1937,112,4,65
62,11/08/2026 13:26,18,REGULATED_ACTION_STATE,2939,113225,768,41,0,2020,108,4,64
63,11/08/2026 13:26,18,REGULATED_ACTION_STATE,2915,118371,819,61,0,1927,105,4,64
64,11/08/2026 13:26,18,REGULATED_ACTION_STATE,2962,117885,798,64,0,1989,109,4,66
65,11/08/2026 13:26,18,REGULATED_ACTION_STATE,2875,117790,771,42,0,1955,105,4,65
66,11/08/2026 13:27,18,REGULATED_ACTION_STATE,2935,116842,787,41,0,1998,107,4,61
67,11/08/2026 13:27,18,REGULATED_ACTION_STATE,2890,118103,771,41,0,1968,108,4,60
68,11/08/2026 13:27,18,REGULATED_ACTION_STATE,2845,118365,767,40,0,1915,120,4,58
69,11/08/2026 13:27,18,REGULATED_ACTION_STATE,2869,113481,780,41,0,1941,106,4,65
70,11/08/2026 13:27,18,REGULATED_ACTION_STATE,2852,113210,772,41,0,1933,104,4,63
71,11/08/2026 13:27,18,REGULATED_ACTION_STATE,2898,113417,771,41,0,1977,107,4,57
72,11/08/2026 13:27,18,REGULATED_ACTION_STATE,2869,122790,778,41,0,1943,105,4,61
73,11/08/2026 13:27,18,REGULATED_ACTION_STATE,2878,108564,770,41,0,1957,109,4,69
74,11/08/2026 13:27,18,REGULATED_ACTION_STATE,2869,117864,773,43,0,1945,106,4,65
75,11/08/2026 13:27,18,REGULATED_ACTION_STATE,2949,118457,841,53,0,1949,103,4,64
76,11/08/2026 13:27,18,REGULATED_ACTION_STATE,3041,117736,829,47,0,2057,105,4,55
77,11/08/2026 13:27,18,REGULATED_ACTION_STATE,2933,118678,773,40,0,2003,116,4,58
78,11/08/2026 13:27,18,REGULATED_ACTION_STATE,2847,113220,763,44,0,1932,107,4,66
79,11/08/2026 13:27,18,REGULATED_ACTION_STATE,2940,117864,776,43,0,2007,112,4,54
80,11/08/2026 13:27,18,REGULATED_ACTION_STATE,2886,118687,771,41,0,1967,105,4,67
81,11/08/2026 13:27,18,REGULATED_ACTION_STATE,2903,113208,810,54,0,1932,105,4,58
82,11/08/2026 13:27,18,REGULATED_ACTION_STATE,2845,107910,769,44,0,1922,108,4,57
83,11/08/2026 13:27,18,REGULATED_ACTION_STATE,2861,122998,770,44,0,1936,110,4,61
84,11/08/2026 13:27,18,REGULATED_ACTION_STATE,2869,108680,770,41,0,1948,106,4,60
85,11/08/2026 13:28,18,REGULATED_ACTION_STATE,2885,117970,769,43,0,1937,133,4,65
86,11/08/2026 13:28,18,REGULATED_ACTION_STATE,3000,118647,843,51,0,1993,111,4,69
87,11/08/2026 13:28,18,REGULATED_ACTION_STATE,2904,108169,777,40,0,1972,112,4,72
88,11/08/2026 13:28,18,REGULATED_ACTION_STATE,3013,118535,819,49,0,2031,112,4,67
89,11/08/2026 13:28,18,REGULATED_ACTION_STATE,2831,118535,770,40,0,1917,102,4,66
90,11/08/2026 13:28,18,REGULATED_ACTION_STATE,2929,117981,791,44,0,1986,107,4,68
91,11/08/2026 13:28,18,REGULATED_ACTION_STATE,2900,118800,770,41,0,1975,112,4,53
92,11/08/2026 13:28,18,REGULATED_ACTION_STATE,2914,113570,772,43,0,1989,108,4,67
93,11/08/2026 13:28,18,REGULATED_ACTION_STATE,2849,118977,776,54,0,1911,105,4,57
94,11/08/2026 13:28,18,REGULATED_ACTION_STATE,2900,109727,790,43,0,1961,105,4,64
95,11/08/2026 13:28,18,REGULATED_ACTION_STATE,2953,108685,776,43,0,2026,106,4,67
96,11/08/2026 13:28,18,REGULATED_ACTION_STATE,2892,113509,774,41,0,1956,118,4,65
97,11/08/2026 13:28,18,REGULATED_ACTION_STATE,2846,117835,773,42,0,1927,102,4,69
98,11/08/2026 13:28,18,REGULATED_ACTION_STATE,2904,118642,769,43,0,1988,102,4,67
99,11/08/2026 13:28,18,REGULATED_ACTION_STATE,2863,117797,775,41,0,1940,105,4,66
100,11/08/2026 13:28,18,REGULATED_ACTION_STATE,2875,118074,808,43,0,1917,105,4,58
101,11/08/2026 13:28,18,REGULATED_ACTION_STATE,2914,112456,785,41,0,1977,110,4,70
102,11/08/2026 13:28,18,REGULATED_ACTION_STATE,2883,117796,773,42,0,1964,102,4,60
103,11/08/2026 13:28,18,REGULATED_ACTION_STATE,2888,117823,780,41,0,1959,107,4,65
104,11/08/2026 13:28,18,REGULATED_ACTION_STATE,2813,112459,771,44,0,1894,102,4,55
105,11/08/2026 13:29,18,REGULATED_ACTION_STATE,2893,114890,774,41,0,1965,111,4,62
106,11/08/2026 13:29,18,REGULATED_ACTION_STATE,2929,117676,780,43,0,2001,103,4,57
107,11/08/2026 13:29,18,REGULATED_ACTION_STATE,2921,112905,774,46,0,1994,105,4,63
108,11/08/2026 13:29,18,REGULATED_ACTION_STATE,2910,117777,776,40,0,1984,107,4,53
109,11/08/2026 13:29,18,REGULATED_ACTION_STATE,2855,118856,765,42,0,1935,111,4,57
110,11/08/2026 13:29,18,REGULATED_ACTION_STATE,2968,118516,801,58,0,2000,107,4,66
111,11/08/2026 13:29,18,REGULATED_ACTION_STATE,2859,113249,771,41,0,1943,102,4,54
112,11/08/2026 13:29,18,REGULATED_ACTION_STATE,2866,119752,768,42,0,1942,111,4,58
113,11/08/2026 13:29,18,REGULATED_ACTION_STATE,2873,118558,770,41,0,1958,101,4,66
114,11/08/2026 13:29,18,REGULATED_ACTION_STATE,2853,117405,771,43,0,1930,106,4,65
115,11/08/2026 13:29,18,REGULATED_ACTION_STATE,2930,108100,783,47,0,1992,106,4,54
116,11/08/2026 13:29,18,REGULATED_ACTION_STATE,2954,112701,771,41,0,2031,109,4,60
117,11/08/2026 13:29,18,REGULATED_ACTION_STATE,2863,113183,768,40,0,1944,109,4,65
118,11/08/2026 13:29,18,REGULATED_ACTION_STATE,2840,118893,771,41,0,1920,106,4,65
119,11/08/2026 13:29,18,REGULATED_ACTION_STATE,2829,119800,764,41,0,1916,106,4,64
120,11/08/2026 13:29,18,REGULATED_ACTION_STATE,2864,118103,793,41,0,1922,105,4,59
121,11/08/2026 13:29,18,REGULATED_ACTION_STATE,2900,119923,770,41,0,1977,110,4,50
122,11/08/2026 13:29,18,REGULATED_ACTION_STATE,2881,115424,807,43,0,1923,105,4,63
123,11/08/2026 13:29,18,REGULATED_ACTION_STATE,2895,118705,773,41,0,1969,109,4,57
124,11/08/2026 13:30,18,REGULATED_ACTION_STATE,2943,120627,797,50,0,1984,110,4,55
125,11/08/2026 13:30,18,REGULATED_ACTION_STATE,2846,117896,767,41,0,1930,107,4,65
126,11/08/2026 13:30,18,REGULATED_ACTION_STATE,2895,118549,775,43,0,1971,104,4,66
127,11/08/2026 13:30,18,REGULATED_ACTION_STATE,2955,113288,785,43,0,2019,107,4,65
128,11/08/2026 13:30,18,REGULATED_ACTION_STATE,2946,118209,827,41,0,1968,108,4,55
129,11/08/2026 13:30,18,REGULATED_ACTION_STATE,2917,112559,781,64,0,1958,111,4,64
130,11/08/2026 13:30,18,REGULATED_ACTION_STATE,2843,113008,772,41,0,1921,106,4,70
131,11/08/2026 13:30,18,REGULATED_ACTION_STATE,3040,108465,802,54,0,2080,102,4,62
132,11/08/2026 13:30,18,REGULATED_ACTION_STATE,2917,117788,787,53,0,1968,106,4,53
133,11/08/2026 13:30,18,REGULATED_ACTION_STATE,2978,113786,800,50,0,2017,109,4,63
134,11/08/2026 13:30,18,REGULATED_ACTION_STATE,3035,113271,795,50,0,2086,103,4,63
135,11/08/2026 13:30,18,REGULATED_ACTION_STATE,2868,113404,771,43,0,1946,105,4,68
136,11/08/2026 13:30,18,REGULATED_ACTION_STATE,2864,113556,768,42,0,1950,102,4,71
137,11/08/2026 13:30,18,REGULATED_ACTION_STATE,2870,118815,778,42,0,1938,108,4,70
138,11/08/2026 13:30,18,REGULATED_ACTION_STATE,2904,113155,781,42,0,1981,99,4,56
139,11/08/2026 13:30,18,REGULATED_ACTION_STATE,2871,118723,773,44,0,1950,103,4,61
140,11/08/2026 13:30,18,REGULATED_ACTION_STATE,2871,113981,777,41,0,1939,112,4,58
141,11/08/2026 13:30,18,REGULATED_ACTION_STATE,2884,117646,770,41,0,1970,101,4,55
142,11/08/2026 13:30,18,REGULATED_ACTION_STATE,2855,118044,773,43,0,1925,111,4,65
143,11/08/2026 13:31,18,REGULATED_ACTION_STATE,2908,113059,786,43,0,1974,102,4,70
144,11/08/2026 13:31,18,REGULATED_ACTION_STATE,2965,119034,770,41,0,2046,106,4,60
145,11/08/2026 13:31,18,REGULATED_ACTION_STATE,2906,118300,774,43,0,1973,114,4,53
146,11/08/2026 13:31,18,REGULATED_ACTION_STATE,2870,117939,777,41,0,1942,108,4,51
147,11/08/2026 13:31,18,REGULATED_ACTION_STATE,2926,113619,775,41,0,2003,105,4,73
148,11/08/2026 13:31,18,REGULATED_ACTION_STATE,2896,122513,779,43,0,1968,105,4,70
149,11/08/2026 13:31,18,REGULATED_ACTION_STATE,2871,118397,784,43,0,1936,106,4,63
150,11/08/2026 13:31,18,REGULATED_ACTION_STATE,2923,108490,778,43,0,1997,102,4,71
151,11/08/2026 13:31,18,REGULATED_ACTION_STATE,2930,117745,767,43,0,2000,118,4,59
152,11/08/2026 13:31,18,REGULATED_ACTION_STATE,2841,113086,770,41,0,1919,109,4,70
153,11/08/2026 13:31,18,REGULATED_ACTION_STATE,2861,118423,773,41,0,1938,107,4,65
154,11/08/2026 13:31,18,REGULATED_ACTION_STATE,2883,112553,773,40,0,1961,106,4,65
155,11/08/2026 13:31,18,REGULATED_ACTION_STATE,2829,117713,778,40,0,1903,105,4,58
156,11/08/2026 13:31,18,REGULATED_ACTION_STATE,2841,118715,771,43,0,1919,106,4,66
157,11/08/2026 13:31,18,REGULATED_ACTION_STATE,2913,118678,775,43,0,1987,105,4,59
158,11/08/2026 13:31,18,REGULATED_ACTION_STATE,2838,118620,776,40,0,1913,106,4,65
159,11/08/2026 13:31,18,REGULATED_ACTION_STATE,2879,117314,774,43,0,1953,106,4,67
160,11/08/2026 13:31,18,REGULATED_ACTION_STATE,2859,118095,777,43,0,1930,106,4,57
161,11/08/2026 13:31,18,REGULATED_ACTION_STATE,2943,119763,781,43,0,2001,115,4,67
162,11/08/2026 13:31,18,REGULATED_ACTION_STATE,2888,118150,777,41,0,1944,123,4,59
163,11/08/2026 13:32,18,REGULATED_ACTION_STATE,2897,119202,769,43,0,1977,106,4,61
164,11/08/2026 13:32,18,REGULATED_ACTION_STATE,2856,114168,769,39,0,1938,108,4,65
165,11/08/2026 13:32,18,REGULATED_ACTION_STATE,2870,112733,781,43,0,1937,106,4,52
166,11/08/2026 13:32,18,REGULATED_ACTION_STATE,2874,117804,783,43,0,1943,103,4,65
167,11/08/2026 13:32,18,REGULATED_ACTION_STATE,2891,103433,779,41,0,1968,101,4,65
168,11/08/2026 13:32,18,REGULATED_ACTION_STATE,2927,117817,822,66,1,1928,108,4,63
169,11/08/2026 13:32,18,REGULATED_ACTION_STATE,2884,118533,821,42,0,1913,104,4,58
170,11/08/2026 13:32,18,REGULATED_ACTION_STATE,2858,117636,774,41,0,1936,105,4,65
171,11/08/2026 13:32,18,REGULATED_ACTION_STATE,2871,118263,769,45,0,1940,114,4,58
172,11/08/2026 13:32,18,REGULATED_ACTION_STATE,2864,117776,770,43,0,1943,106,4,67
173,11/08/2026 13:32,18,REGULATED_ACTION_STATE,2856,117523,780,43,0,1925,105,4,66
174,11/08/2026 13:32,18,REGULATED_ACTION_STATE,2839,118591,767,43,0,1921,106,4,67
175,11/08/2026 13:32,18,REGULATED_ACTION_STATE,2872,123268,767,44,0,1954,105,4,63
176,11/08/2026 13:32,18,REGULATED_ACTION_STATE,2863,118510,771,41,0,1938,111,4,63
177,11/08/2026 13:32,18,REGULATED_ACTION_STATE,2851,117777,769,41,0,1931,108,4,55
178,11/08/2026 13:32,18,REGULATED_ACTION_STATE,2919,103067,810,40,0,1964,103,4,63
179,11/08/2026 13:32,18,REGULATED_ACTION_STATE,3045,112973,790,56,0,2087,110,4,67
180,11/08/2026 13:32,18,REGULATED_ACTION_STATE,2879,117798,770,44,0,1955,107,4,67
181,11/08/2026 13:32,18,REGULATED_ACTION_STATE,2844,113864,774,41,0,1921,106,4,59
182,11/08/2026 13:33,18,REGULATED_ACTION_STATE,2828,117435,767,43,0,1911,105,4,66
183,11/08/2026 13:33,18,REGULATED_ACTION_STATE,2883,118583,777,41,0,1962,101,4,66
184,11/08/2026 13:33,18,REGULATED_ACTION_STATE,2847,123287,773,40,0,1930,103,4,55
185,11/08/2026 13:33,18,REGULATED_ACTION_STATE,2870,123375,773,41,0,1948,106,4,62
186,11/08/2026 13:33,18,REGULATED_ACTION_STATE,2899,118463,770,41,0,1969,117,4,59
187,11/08/2026 13:33,18,REGULATED_ACTION_STATE,2838,118700,769,41,0,1920,105,4,62
188,11/08/2026 13:33,18,REGULATED_ACTION_STATE,2935,118691,822,47,0,1955,108,4,63
189,11/08/2026 13:33,18,REGULATED_ACTION_STATE,2909,118328,770,44,0,1988,105,4,61
190,11/08/2026 13:33,18,REGULATED_ACTION_STATE,2835,118524,781,41,0,1907,104,4,61
191,11/08/2026 13:33,18,REGULATED_ACTION_STATE,2874,118395,773,41,0,1947,109,4,64
192,11/08/2026 13:33,18,REGULATED_ACTION_STATE,2869,118018,784,43,0,1931,108,4,59
193,11/08/2026 13:33,18,REGULATED_ACTION_STATE,2863,118348,776,44,0,1939,102,4,64
194,11/08/2026 13:33,18,REGULATED_ACTION_STATE,2854,119062,778,41,0,1928,105,4,64
195,11/08/2026 13:33,18,REGULATED_ACTION_STATE,2965,117656,829,50,0,1978,105,4,66
196,11/08/2026 13:33,18,REGULATED_ACTION_STATE,2839,123197,777,43,0,1912,105,4,58
197,11/08/2026 13:33,18,REGULATED_ACTION_STATE,2919,112938,771,44,0,2000,102,4,71
198,11/08/2026 13:33,18,REGULATED_ACTION_STATE,2860,112751,767,41,0,1948,101,4,67
199,11/08/2026 13:33,18,REGULATED_ACTION_STATE,2836,118394,769,41,0,1919,104,4,57
200,11/08/2026 13:33,18,REGULATED_ACTION_STATE,2870,118475,775,43,0,1944,107,4,63
1,11/08/2026 13:34,27,REGULATED_ACTION_STATE,21308,30534,774,51,0,19904,576,84,368
2,11/08/2026 13:34,27,REGULATED_ACTION_STATE,21470,130533,769,48,0,20073,577,84,359
3,11/08/2026 13:35,27,REGULATED_ACTION_STATE,21337,24212,815,58,0,19893,568,84,351
4,11/08/2026 13:35,27,REGULATED_ACTION_STATE,21894,131044,775,52,0,20487,578,84,353
5,11/08/2026 13:35,27,REGULATED_ACTION_STATE,21254,24797,829,57,0,19791,575,84,366
6,11/08/2026 13:36,27,REGULATED_ACTION_STATE,21388,51126,774,48,0,19998,566,85,357
7,11/08/2026 13:36,27,REGULATED_ACTION_STATE,21136,24792,779,48,0,19723,584,84,361
8,11/08/2026 13:36,27,REGULATED_ACTION_STATE,21353,130745,772,49,0,19958,572,84,350
9,11/08/2026 13:37,27,REGULATED_ACTION_STATE,21381,51728,769,50,0,19986,574,85,360
10,11/08/2026 13:37,27,REGULATED_ACTION_STATE,21305,130895,771,49,0,19829,655,84,364
11,11/08/2026 13:37,27,REGULATED_ACTION_STATE,21412,64807,768,51,0,19985,607,85,359
12,11/08/2026 13:38,27,REGULATED_ACTION_STATE,21438,25489,767,52,0,20045,573,84,358
13,11/08/2026 13:38,27,REGULATED_ACTION_STATE,21222,191778,768,48,0,19849,554,83,351
14,11/08/2026 13:39,27,REGULATED_ACTION_STATE,21552,131311,820,50,0,20105,576,84,354
15,11/08/2026 13:39,27,REGULATED_ACTION_STATE,21388,123875,775,51,0,19989,570,84,364
16,11/08/2026 13:39,27,REGULATED_ACTION_STATE,21620,58256,785,51,0,20204,578,85,362
17,11/08/2026 13:40,27,REGULATED_ACTION_STATE,21713,50386,841,69,0,20228,572,85,357
18,11/08/2026 13:40,27,REGULATED_ACTION_STATE,21415,130546,788,49,0,20004,572,84,376
19,11/08/2026 13:40,27,REGULATED_ACTION_STATE,21455,30854,771,50,0,20033,599,84,349
20,11/08/2026 13:41,27,REGULATED_ACTION_STATE,21307,30710,830,62,0,19844,569,84,362
21,11/08/2026 13:41,27,REGULATED_ACTION_STATE,21358,24136,815,50,0,19922,569,84,354
22,11/08/2026 13:41,27,REGULATED_ACTION_STATE,21492,30748,778,50,0,20093,569,84,351
23,11/08/2026 13:42,27,REGULATED_ACTION_STATE,21863,51433,817,58,0,20349,636,85,363
24,11/08/2026 13:42,27,REGULATED_ACTION_STATE,21483,124318,775,48,0,20066,591,84,345
25,11/08/2026 13:43,27,REGULATED_ACTION_STATE,21219,27685,770,51,0,19824,572,84,365
26,11/08/2026 13:43,27,REGULATED_ACTION_STATE,21485,25053,811,49,0,20047,576,84,358
27,11/08/2026 13:43,27,REGULATED_ACTION_STATE,21651,129387,776,51,0,20220,602,84,356
28,11/08/2026 13:44,27,REGULATED_ACTION_STATE,21241,140656,772,49,0,19837,581,84,357
29,11/08/2026 13:44,27,REGULATED_ACTION_STATE,21376,30455,777,51,0,19962,584,84,358
30,11/08/2026 13:44,27,REGULATED_ACTION_STATE,21329,130939,810,50,0,19887,579,84,355
31,11/08/2026 13:45,27,REGULATED_ACTION_STATE,21395,50444,771,51,0,19998,572,85,362
32,11/08/2026 13:45,27,REGULATED_ACTION_STATE,21163,122950,780,50,0,19771,560,84,360
33,11/08/2026 13:45,27,REGULATED_ACTION_STATE,21330,38346,776,52,0,19927,573,84,354
34,11/08/2026 13:46,27,REGULATED_ACTION_STATE,21418,64003,778,51,0,20023,564,85,377
35,11/08/2026 13:46,27,REGULATED_ACTION_STATE,21176,31350,773,51,0,19777,573,84,359
36,11/08/2026 13:46,27,REGULATED_ACTION_STATE,21307,123844,768,49,0,19920,569,84,352
37,11/08/2026 13:47,27,REGULATED_ACTION_STATE,21563,24986,839,61,0,20092,569,84,368
38,11/08/2026 13:47,27,REGULATED_ACTION_STATE,21365,24926,769,48,0,19981,565,84,352
39,11/08/2026 13:48,27,REGULATED_ACTION_STATE,21232,157761,773,50,0,19842,566,84,361
40,11/08/2026 13:48,27,REGULATED_ACTION_STATE,21363,130991,796,48,0,19926,592,84,369
41,11/08/2026 13:48,27,REGULATED_ACTION_STATE,21316,32105,773,48,0,19915,577,84,361
42,11/08/2026 13:49,27,REGULATED_ACTION_STATE,21538,31573,767,51,0,20100,619,84,354
43,11/08/2026 13:49,27,REGULATED_ACTION_STATE,21632,32032,821,66,0,20166,578,84,356
44,11/08/2026 13:49,27,REGULATED_ACTION_STATE,21493,123957,794,62,0,20055,581,84,359
45,11/08/2026 13:50,27,REGULATED_ACTION_STATE,21381,63470,801,50,0,19965,563,85,368
46,11/08/2026 13:50,27,REGULATED_ACTION_STATE,21562,137094,771,48,0,20157,584,84,357
47,11/08/2026 13:50,27,REGULATED_ACTION_STATE,21397,25398,784,49,0,19987,576,84,361
48,11/08/2026 13:51,27,REGULATED_ACTION_STATE,21435,77688,770,51,0,20039,573,84,351
49,11/08/2026 13:51,27,REGULATED_ACTION_STATE,21522,131257,832,65,0,20044,579,84,362
50,11/08/2026 13:52,27,REGULATED_ACTION_STATE,21463,123108,778,51,0,20068,565,84,381
51,11/08/2026 13:52,27,REGULATED_ACTION_STATE,21395,25197,777,49,0,19988,578,84,360
52,11/08/2026 13:52,27,REGULATED_ACTION_STATE,21454,124427,776,51,0,20058,567,84,364
53,11/08/2026 13:53,27,REGULATED_ACTION_STATE,21307,130862,778,49,0,19913,565,84,354
54,11/08/2026 13:53,27,REGULATED_ACTION_STATE,21597,64268,789,50,0,20191,565,85,360
55,11/08/2026 13:53,27,REGULATED_ACTION_STATE,21549,130435,826,56,0,20092,572,84,363
56,11/08/2026 13:54,27,REGULATED_ACTION_STATE,21535,144527,765,49,0,20154,565,84,353
57,11/08/2026 13:54,27,REGULATED_ACTION_STATE,21348,130718,777,49,0,19925,594,84,354
58,11/08/2026 13:54,27,REGULATED_ACTION_STATE,21378,130294,775,50,0,19986,565,84,349
59,11/08/2026 13:55,27,REGULATED_ACTION_STATE,21310,31229,773,48,0,19920,568,84,356
60,11/08/2026 13:55,27,REGULATED_ACTION_STATE,21708,17702,778,48,0,20297,582,84,360
61,11/08/2026 13:56,27,REGULATED_ACTION_STATE,21360,136794,768,49,0,19972,569,84,360
62,11/08/2026 13:56,27,REGULATED_ACTION_STATE,21538,58076,781,49,0,20127,579,85,372
63,11/08/2026 13:56,27,REGULATED_ACTION_STATE,21470,64314,775,48,0,20072,574,85,352
64,11/08/2026 13:57,27,REGULATED_ACTION_STATE,21332,123588,781,81,0,19893,574,84,349
65,11/08/2026 13:57,27,REGULATED_ACTION_STATE,21171,99312,799,48,0,19748,574,83,370
66,11/08/2026 13:57,27,REGULATED_ACTION_STATE,21381,350155,792,51,0,19962,574,83,357
67,11/08/2026 13:58,27,REGULATED_ACTION_STATE,21690,30457,802,77,0,20226,583,84,361
68,11/08/2026 13:58,27,REGULATED_ACTION_STATE,21711,64686,794,49,0,20289,576,85,359
69,11/08/2026 13:58,27,REGULATED_ACTION_STATE,21138,96148,769,49,0,19760,557,83,354
70,11/08/2026 13:59,27,REGULATED_ACTION_STATE,21546,130853,801,62,0,20114,568,84,366
71,11/08/2026 13:59,27,REGULATED_ACTION_STATE,21741,123465,772,49,0,20339,578,84,355
72,11/08/2026 13:59,27,REGULATED_ACTION_STATE,21448,325251,772,51,0,20055,569,84,343
73,11/08/2026 14:00,27,REGULATED_ACTION_STATE,21571,144187,841,60,0,20091,577,84,355
74,11/08/2026 14:00,27,REGULATED_ACTION_STATE,21607,70920,814,62,0,20164,564,85,366
75,11/08/2026 14:01,27,REGULATED_ACTION_STATE,21371,157757,767,51,0,19987,563,84,346
76,11/08/2026 14:01,27,REGULATED_ACTION_STATE,21384,123404,770,49,0,19989,574,84,368
77,11/08/2026 14:01,27,REGULATED_ACTION_STATE,21513,130766,775,50,0,20112,574,84,371
78,11/08/2026 14:02,27,REGULATED_ACTION_STATE,21175,136916,769,49,0,19791,563,84,353
79,11/08/2026 14:02,27,REGULATED_ACTION_STATE,21410,64418,794,51,0,19980,582,85,362
80,11/08/2026 14:02,27,REGULATED_ACTION_STATE,21584,157445,772,62,0,20179,569,84,362
81,11/08/2026 14:03,27,REGULATED_ACTION_STATE,21119,124191,771,48,0,19734,564,84,352
82,11/08/2026 14:03,27,REGULATED_ACTION_STATE,21443,131052,774,49,0,20049,570,84,367
83,11/08/2026 14:03,27,REGULATED_ACTION_STATE,21330,31519,811,64,0,19873,581,84,353
84,11/08/2026 14:04,27,REGULATED_ACTION_STATE,21395,129725,807,51,0,19962,572,84,359
85,11/08/2026 14:04,27,REGULATED_ACTION_STATE,21433,136569,776,52,0,20024,579,84,354
86,11/08/2026 14:05,27,REGULATED_ACTION_STATE,21601,31347,770,60,0,20109,660,84,349
87,11/08/2026 14:05,27,REGULATED_ACTION_STATE,21412,25455,804,69,0,19967,571,84,373
88,11/08/2026 14:05,27,REGULATED_ACTION_STATE,21603,25270,828,65,0,20134,574,84,371
89,11/08/2026 14:06,27,REGULATED_ACTION_STATE,21453,123406,784,49,0,20055,563,84,374
90,11/08/2026 14:06,27,REGULATED_ACTION_STATE,21417,131037,783,51,0,20013,568,84,344
91,11/08/2026 14:06,27,REGULATED_ACTION_STATE,21630,129814,792,48,0,20199,589,84,356
92,11/08/2026 14:07,27,REGULATED_ACTION_STATE,21511,24636,782,49,0,20105,573,84,351
93,11/08/2026 14:07,27,REGULATED_ACTION_STATE,21807,30324,796,60,0,20373,575,84,369
94,11/08/2026 14:07,27,REGULATED_ACTION_STATE,21622,130546,776,49,0,20210,584,84,355
95,11/08/2026 14:08,27,REGULATED_ACTION_STATE,21513,123517,783,48,0,20116,563,84,366
96,11/08/2026 14:08,27,REGULATED_ACTION_STATE,21261,24618,773,49,0,19873,564,84,352
97,11/08/2026 14:08,27,REGULATED_ACTION_STATE,21210,137925,770,49,0,19822,567,84,358
98,11/08/2026 14:09,27,REGULATED_ACTION_STATE,21551,136985,826,48,0,20089,585,84,366
99,11/08/2026 14:09,27,REGULATED_ACTION_STATE,21503,137467,775,48,0,20113,565,84,349
100,11/08/2026 14:10,27,REGULATED_ACTION_STATE,21348,25554,768,49,0,19958,571,84,367
101,11/08/2026 14:10,27,REGULATED_ACTION_STATE,21373,169678,772,51,0,19977,571,84,345
102,11/08/2026 14:10,27,REGULATED_ACTION_STATE,21591,25249,830,62,0,20110,586,84,350
103,11/08/2026 14:11,27,REGULATED_ACTION_STATE,21177,32168,770,48,0,19790,566,84,357
104,11/08/2026 14:11,27,REGULATED_ACTION_STATE,21522,130057,826,60,0,20074,559,84,359
105,11/08/2026 14:11,27,REGULATED_ACTION_STATE,21248,31131,779,49,0,19846,571,84,356
106,11/08/2026 14:12,27,REGULATED_ACTION_STATE,21533,123899,777,51,0,20126,577,84,362
107,11/08/2026 14:12,27,REGULATED_ACTION_STATE,21714,123492,774,51,0,20324,563,84,338
108,11/08/2026 14:12,27,REGULATED_ACTION_STATE,21250,25426,778,49,0,19846,576,84,354
109,11/08/2026 14:13,27,REGULATED_ACTION_STATE,21149,18008,787,52,0,19734,574,84,347
110,11/08/2026 14:13,27,REGULATED_ACTION_STATE,21264,25296,777,52,0,19860,573,84,356
111,11/08/2026 14:14,27,REGULATED_ACTION_STATE,21685,45091,802,59,0,20251,571,85,351
112,11/08/2026 14:14,27,REGULATED_ACTION_STATE,21322,24870,799,49,0,19887,584,84,378
113,11/08/2026 14:14,27,REGULATED_ACTION_STATE,21420,130691,769,49,0,20033,568,84,346
114,11/08/2026 14:15,27,REGULATED_ACTION_STATE,21700,64224,770,51,0,20305,572,85,375
115,11/08/2026 14:15,27,REGULATED_ACTION_STATE,21507,137120,776,49,0,20110,570,84,351
116,11/08/2026 14:15,27,REGULATED_ACTION_STATE,21420,130864,777,49,0,20015,577,84,356
117,11/08/2026 14:16,27,REGULATED_ACTION_STATE,21631,25186,834,59,0,20162,574,84,368
118,11/08/2026 14:16,27,REGULATED_ACTION_STATE,21410,129722,796,52,0,19998,562,84,353
119,11/08/2026 14:16,27,REGULATED_ACTION_STATE,21530,64918,805,59,0,20088,575,85,354
120,11/08/2026 14:17,27,REGULATED_ACTION_STATE,21572,24134,797,65,0,20123,585,84,357
121,11/08/2026 14:17,27,REGULATED_ACTION_STATE,21344,117759,770,49,0,19958,566,84,356
122,11/08/2026 14:18,27,REGULATED_ACTION_STATE,21553,131027,803,78,0,20107,563,84,365
123,11/08/2026 14:18,27,REGULATED_ACTION_STATE,21430,117502,773,50,0,20019,585,84,371
124,11/08/2026 14:18,27,REGULATED_ACTION_STATE,21583,163877,780,68,0,20164,568,84,367
125,11/08/2026 14:19,27,REGULATED_ACTION_STATE,21515,69906,794,50,0,20091,578,85,369
126,11/08/2026 14:19,27,REGULATED_ACTION_STATE,21372,130529,774,50,0,19947,599,84,356
127,11/08/2026 14:19,27,REGULATED_ACTION_STATE,21599,37925,778,51,0,20185,582,84,358
128,11/08/2026 14:20,27,REGULATED_ACTION_STATE,21675,143765,796,69,0,20182,626,84,355
129,11/08/2026 14:20,27,REGULATED_ACTION_STATE,21241,123127,773,51,0,19852,564,84,365
130,11/08/2026 14:20,27,REGULATED_ACTION_STATE,21384,17791,768,49,0,19979,586,84,352
131,11/08/2026 14:21,27,REGULATED_ACTION_STATE,21211,31161,776,51,0,19805,577,84,365
132,11/08/2026 14:21,27,REGULATED_ACTION_STATE,21443,124548,767,51,0,20055,569,84,353
133,11/08/2026 14:21,27,REGULATED_ACTION_STATE,21278,156942,784,50,0,19864,577,84,354
134,11/08/2026 14:22,27,REGULATED_ACTION_STATE,21231,130498,773,51,0,19838,568,84,354
135,11/08/2026 14:22,27,REGULATED_ACTION_STATE,21692,57486,773,51,0,20294,572,85,358
136,11/08/2026 14:23,27,REGULATED_ACTION_STATE,21358,71339,772,48,0,19970,566,85,356
137,11/08/2026 14:23,27,REGULATED_ACTION_STATE,21466,64291,770,49,0,20071,573,85,360
138,11/08/2026 14:23,27,REGULATED_ACTION_STATE,21821,25365,802,60,0,20370,588,84,352
139,11/08/2026 14:24,27,REGULATED_ACTION_STATE,21451,18337,779,48,0,20050,571,84,366
140,11/08/2026 14:24,27,REGULATED_ACTION_STATE,21526,33232,829,71,0,20035,588,84,366
141,11/08/2026 14:24,27,REGULATED_ACTION_STATE,21483,170200,779,51,0,20077,574,84,352
142,11/08/2026 14:25,27,REGULATED_ACTION_STATE,21403,123827,775,50,0,20006,570,84,366
143,11/08/2026 14:25,27,REGULATED_ACTION_STATE,21571,123699,781,52,0,20159,578,84,362
144,11/08/2026 14:25,27,REGULATED_ACTION_STATE,21451,31261,834,61,0,19981,573,84,370
145,11/08/2026 14:26,27,REGULATED_ACTION_STATE,21398,84481,773,49,0,20001,573,84,342
146,11/08/2026 14:26,27,REGULATED_ACTION_STATE,21196,25477,780,49,0,19788,576,84,370
147,11/08/2026 14:27,27,REGULATED_ACTION_STATE,21170,96955,778,51,0,19766,572,83,344
148,11/08/2026 14:27,27,REGULATED_ACTION_STATE,21329,24784,779,51,0,19925,572,84,361
149,11/08/2026 14:27,27,REGULATED_ACTION_STATE,21302,97140,776,51,0,19908,566,83,356
150,11/08/2026 14:28,27,REGULATED_ACTION_STATE,21510,131077,770,51,0,20115,571,84,357
151,11/08/2026 14:28,27,REGULATED_ACTION_STATE,21192,124569,768,50,0,19811,562,84,351
152,11/08/2026 14:28,27,REGULATED_ACTION_STATE,21380,131090,796,62,0,19948,572,84,352
153,11/08/2026 14:29,27,REGULATED_ACTION_STATE,21615,123683,805,64,0,20136,608,84,350
154,11/08/2026 14:29,27,REGULATED_ACTION_STATE,21426,130863,780,63,0,20013,568,84,365
155,11/08/2026 14:29,27,REGULATED_ACTION_STATE,21274,130650,776,49,0,19883,564,84,355
156,11/08/2026 14:30,27,REGULATED_ACTION_STATE,21606,136637,773,50,0,20188,593,84,360
157,11/08/2026 14:30,27,REGULATED_ACTION_STATE,21284,32040,776,52,0,19820,633,84,355
158,11/08/2026 14:30,27,REGULATED_ACTION_STATE,21658,157710,831,62,0,20184,579,84,353
159,11/08/2026 14:31,27,REGULATED_ACTION_STATE,21133,143740,788,52,0,19733,557,84,363
160,11/08/2026 14:31,27,REGULATED_ACTION_STATE,21310,51356,776,51,0,19920,560,85,360
161,11/08/2026 14:32,27,REGULATED_ACTION_STATE,21362,25033,778,49,0,19942,591,84,358
162,11/08/2026 14:32,27,REGULATED_ACTION_STATE,21655,130918,853,50,0,20185,565,84,364
163,11/08/2026 14:32,27,REGULATED_ACTION_STATE,21447,131061,830,62,0,19962,590,84,339
164,11/08/2026 14:33,27,REGULATED_ACTION_STATE,21205,51718,773,49,0,19811,570,85,365
165,11/08/2026 14:33,27,REGULATED_ACTION_STATE,21347,37702,797,52,0,19914,582,84,350
166,11/08/2026 14:33,27,REGULATED_ACTION_STATE,21262,24680,782,48,0,19858,572,84,339
167,11/08/2026 14:34,27,REGULATED_ACTION_STATE,21223,17749,785,50,0,19817,569,84,356
168,11/08/2026 14:34,27,REGULATED_ACTION_STATE,21521,18824,774,48,0,20129,567,84,359
169,11/08/2026 14:34,27,REGULATED_ACTION_STATE,21099,330574,799,49,0,19687,563,83,352
170,11/08/2026 14:35,27,REGULATED_ACTION_STATE,21325,25357,767,49,0,19886,620,84,352
171,11/08/2026 14:35,27,REGULATED_ACTION_STATE,21322,24668,790,49,0,19910,570,84,357
172,11/08/2026 14:36,27,REGULATED_ACTION_STATE,21831,123538,774,51,0,20428,577,84,346
173,11/08/2026 14:36,27,REGULATED_ACTION_STATE,21250,205080,794,65,0,19825,564,83,352
174,11/08/2026 14:36,27,REGULATED_ACTION_STATE,21584,50958,779,51,0,20173,579,85,371
175,11/08/2026 14:37,27,REGULATED_ACTION_STATE,21241,350953,783,51,0,19832,573,83,351
176,11/08/2026 14:37,27,REGULATED_ACTION_STATE,21367,150736,773,49,0,19978,566,84,340
177,11/08/2026 14:37,27,REGULATED_ACTION_STATE,21518,57155,791,61,0,20092,572,85,372
178,11/08/2026 14:38,27,REGULATED_ACTION_STATE,21426,24885,768,50,0,20039,567,84,349
179,11/08/2026 14:38,27,REGULATED_ACTION_STATE,21828,131252,839,59,0,20330,599,84,355
180,11/08/2026 14:38,27,REGULATED_ACTION_STATE,21519,64737,774,51,0,20128,564,85,359
181,11/08/2026 14:39,27,REGULATED_ACTION_STATE,21734,25126,800,62,0,20287,582,84,353
182,11/08/2026 14:39,27,REGULATED_ACTION_STATE,21280,103149,797,61,0,19848,573,83,358
183,11/08/2026 14:39,27,REGULATED_ACTION_STATE,21667,133090,774,50,0,20193,648,84,368
184,11/08/2026 14:40,27,REGULATED_ACTION_STATE,21418,27836,769,48,0,19956,643,84,344
185,11/08/2026 14:40,27,REGULATED_ACTION_STATE,21231,123517,801,64,0,19803,561,84,363
186,11/08/2026 14:41,27,REGULATED_ACTION_STATE,21655,150006,802,50,0,20231,570,84,343
187,11/08/2026 14:41,27,REGULATED_ACTION_STATE,21574,25035,776,50,0,20165,582,84,341
188,11/08/2026 14:41,27,REGULATED_ACTION_STATE,21203,131045,813,49,0,19765,574,84,371
189,11/08/2026 14:42,27,REGULATED_ACTION_STATE,21444,31840,767,48,0,20044,582,84,361
190,11/08/2026 14:42,27,REGULATED_ACTION_STATE,21434,63731,775,51,0,20027,579,85,364
191,11/08/2026 14:42,27,REGULATED_ACTION_STATE,21014,24429,772,50,0,19626,563,84,356
192,11/08/2026 14:43,27,REGULATED_ACTION_STATE,21221,129908,770,48,0,19824,576,84,376
193,11/08/2026 14:43,27,REGULATED_ACTION_STATE,21483,188185,822,50,0,20044,564,83,354
194,11/08/2026 14:43,27,REGULATED_ACTION_STATE,21545,130839,794,58,0,20126,564,84,359
195,11/08/2026 14:44,27,REGULATED_ACTION_STATE,21308,31669,774,51,0,19913,568,84,355
196,11/08/2026 14:44,27,REGULATED_ACTION_STATE,21385,24256,788,62,0,19963,569,84,366
197,11/08/2026 14:45,27,REGULATED_ACTION_STATE,21616,31680,768,54,0,20217,575,84,365
198,11/08/2026 14:45,27,REGULATED_ACTION_STATE,21335,56959,776,49,0,19941,568,85,360
199,11/08/2026 14:45,27,REGULATED_ACTION_STATE,21395,45293,771,48,0,19989,584,85,359
200,11/08/2026 14:46,27,REGULATED_ACTION_STATE,21366,130791,779,49,0,19973,562,84,358
1,11/08/2026 14:46,36,REGULATED_ACTION_STATE,30522,392035,778,58,0,28922,761,96,744
2,11/08/2026 14:47,36,REGULATED_ACTION_STATE,30150,523761,768,56,0,28556,768,95,745
3,11/08/2026 14:47,36,REGULATED_ACTION_STATE,31079,302834,842,75,0,29368,792,96,750
4,11/08/2026 14:48,36,REGULATED_ACTION_STATE,30577,321430,826,59,0,28929,761,96,758
5,11/08/2026 14:48,36,REGULATED_ACTION_STATE,30607,308501,787,57,0,29002,759,96,776
6,11/08/2026 14:49,36,REGULATED_ACTION_STATE,30552,511734,770,56,0,28946,778,96,731
7,11/08/2026 14:49,36,REGULATED_ACTION_STATE,30565,470217,820,58,0,28909,776,95,754
8,11/08/2026 14:50,36,REGULATED_ACTION_STATE,30118,302675,766,59,0,28528,763,96,755
9,11/08/2026 14:50,36,REGULATED_ACTION_STATE,30342,283377,771,58,0,28745,766,96,771
10,11/08/2026 14:51,36,REGULATED_ACTION_STATE,30063,283618,768,58,0,28471,763,96,736
11,11/08/2026 14:51,36,REGULATED_ACTION_STATE,30509,290045,801,69,0,28874,764,96,749
12,11/08/2026 14:52,36,REGULATED_ACTION_STATE,30548,510998,773,58,0,28948,766,95,761
13,11/08/2026 14:52,36,REGULATED_ACTION_STATE,30328,517566,777,56,0,28721,772,95,744
14,11/08/2026 14:53,36,REGULATED_ACTION_STATE,30643,477869,772,57,0,29050,761,96,753
15,11/08/2026 14:53,36,REGULATED_ACTION_STATE,30365,517961,777,55,0,28776,754,95,744
16,11/08/2026 14:54,36,REGULATED_ACTION_STATE,30602,315930,835,63,0,28941,761,96,737
17,11/08/2026 14:54,36,REGULATED_ACTION_STATE,30378,302466,773,57,0,28790,755,96,764
18,11/08/2026 14:55,36,REGULATED_ACTION_STATE,30077,309558,770,57,0,28487,761,96,737
19,11/08/2026 14:55,36,REGULATED_ACTION_STATE,30313,282510,824,55,0,28652,780,96,750
20,11/08/2026 14:56,36,REGULATED_ACTION_STATE,30584,309493,777,69,0,28971,765,96,773
21,11/08/2026 14:56,36,REGULATED_ACTION_STATE,30489,320694,772,55,0,28871,789,96,752
22,11/08/2026 14:57,36,REGULATED_ACTION_STATE,30686,284271,831,69,0,29025,758,96,765
23,11/08/2026 14:57,36,REGULATED_ACTION_STATE,30232,271383,837,74,0,28559,761,96,748
24,11/08/2026 14:58,36,REGULATED_ACTION_STATE,30193,295999,773,57,0,28577,784,96,751
25,11/08/2026 14:58,36,REGULATED_ACTION_STATE,30374,302438,772,55,0,28780,765,96,752
26,11/08/2026 14:59,36,REGULATED_ACTION_STATE,30432,483936,784,56,0,28833,757,95,742
27,11/08/2026 14:59,36,REGULATED_ACTION_STATE,30735,315802,778,72,0,29098,784,96,772
28,11/08/2026 15:00,36,REGULATED_ACTION_STATE,30328,314922,770,56,0,28740,761,96,763
29,11/08/2026 15:01,36,REGULATED_ACTION_STATE,30650,309385,774,54,0,29052,767,96,778
30,11/08/2026 15:01,36,REGULATED_ACTION_STATE,30441,315626,764,53,0,28857,765,96,768
31,11/08/2026 15:02,36,REGULATED_ACTION_STATE,30410,314941,776,55,0,28764,814,96,752
32,11/08/2026 15:02,36,REGULATED_ACTION_STATE,30728,315721,775,59,0,29097,794,96,774
33,11/08/2026 15:03,36,REGULATED_ACTION_STATE,30400,322300,778,63,0,28774,783,96,758
34,11/08/2026 15:03,36,REGULATED_ACTION_STATE,30445,290312,833,73,0,28770,767,96,736
35,11/08/2026 15:04,36,REGULATED_ACTION_STATE,30631,283658,779,57,0,29021,771,96,773
36,11/08/2026 15:04,36,REGULATED_ACTION_STATE,30588,289557,850,73,0,28897,765,96,745
37,11/08/2026 15:05,36,REGULATED_ACTION_STATE,30339,283775,770,57,0,28737,772,96,767
38,11/08/2026 15:05,36,REGULATED_ACTION_STATE,30620,302759,803,57,0,28988,770,96,737
39,11/08/2026 15:06,36,REGULATED_ACTION_STATE,30308,309179,822,65,0,28638,781,96,765
40,11/08/2026 15:06,36,REGULATED_ACTION_STATE,30293,315974,792,52,0,28660,787,96,738
41,11/08/2026 15:07,36,REGULATED_ACTION_STATE,30631,302835,784,58,0,29012,776,96,758
42,11/08/2026 15:07,36,REGULATED_ACTION_STATE,30909,315852,838,65,0,29238,765,96,744
43,11/08/2026 15:08,36,REGULATED_ACTION_STATE,30366,490076,779,56,0,28775,754,95,731
44,11/08/2026 15:08,36,REGULATED_ACTION_STATE,30398,301720,769,57,0,28794,775,96,743
45,11/08/2026 15:09,36,REGULATED_ACTION_STATE,30256,322277,776,56,0,28661,762,96,766
46,11/08/2026 15:09,36,REGULATED_ACTION_STATE,30368,370118,769,56,0,28788,753,95,737
47,11/08/2026 15:10,36,REGULATED_ACTION_STATE,30501,288691,779,58,0,28838,824,96,747
48,11/08/2026 15:10,36,REGULATED_ACTION_STATE,30358,321384,774,58,0,28736,788,96,736
49,11/08/2026 15:11,36,REGULATED_ACTION_STATE,30559,325456,835,70,0,28877,775,96,752
50,11/08/2026 15:11,36,REGULATED_ACTION_STATE,30173,257961,777,55,0,28584,755,96,743
51,11/08/2026 15:12,36,REGULATED_ACTION_STATE,30199,296543,820,57,0,28556,764,96,752
52,11/08/2026 15:12,36,REGULATED_ACTION_STATE,30235,302568,777,58,0,28634,765,96,731
53,11/08/2026 15:13,36,REGULATED_ACTION_STATE,30361,321046,769,56,0,28769,765,96,753
54,11/08/2026 15:13,36,REGULATED_ACTION_STATE,30002,309480,768,57,0,28406,769,96,755
55,11/08/2026 15:14,36,REGULATED_ACTION_STATE,30271,321008,771,55,0,28680,763,96,751
56,11/08/2026 15:14,36,REGULATED_ACTION_STATE,30399,315915,774,55,0,28790,778,96,740
57,11/08/2026 15:15,36,REGULATED_ACTION_STATE,30484,277515,774,58,0,28873,777,96,752
58,11/08/2026 15:15,36,REGULATED_ACTION_STATE,30174,290497,769,55,0,28585,762,96,744
59,11/08/2026 15:16,36,REGULATED_ACTION_STATE,30500,496581,820,57,0,28865,756,95,751
60,11/08/2026 15:16,36,REGULATED_ACTION_STATE,30602,296728,814,56,0,28954,775,96,745
61,11/08/2026 15:17,36,REGULATED_ACTION_STATE,30540,503481,806,78,0,28879,775,95,748
62,11/08/2026 15:17,36,REGULATED_ACTION_STATE,30261,309568,787,56,0,28656,761,96,740
63,11/08/2026 15:18,36,REGULATED_ACTION_STATE,30699,302705,779,58,0,29073,787,96,755
64,11/08/2026 15:18,36,REGULATED_ACTION_STATE,30396,322258,795,55,0,28758,786,96,748
65,11/08/2026 15:19,36,REGULATED_ACTION_STATE,30593,315947,801,55,0,28952,782,96,748
66,11/08/2026 15:19,36,REGULATED_ACTION_STATE,30381,321260,771,56,0,28791,761,96,752
67,11/08/2026 15:20,36,REGULATED_ACTION_STATE,30687,320528,776,57,0,29075,778,96,767
68,11/08/2026 15:20,36,REGULATED_ACTION_STATE,30623,308053,778,58,0,29021,764,96,745
69,11/08/2026 15:21,36,REGULATED_ACTION_STATE,30560,302972,798,56,0,28923,780,96,766
70,11/08/2026 15:21,36,REGULATED_ACTION_STATE,30585,322098,843,76,0,28897,766,96,755
71,11/08/2026 15:22,36,REGULATED_ACTION_STATE,30749,282758,780,55,0,29114,798,96,754
72,11/08/2026 15:22,36,REGULATED_ACTION_STATE,30295,301885,774,57,0,28683,779,96,759
73,11/08/2026 15:23,36,REGULATED_ACTION_STATE,30337,511093,806,71,0,28697,761,95,750
74,11/08/2026 15:24,36,REGULATED_ACTION_STATE,30325,302021,774,56,0,28727,767,96,760
75,11/08/2026 15:24,36,REGULATED_ACTION_STATE,30490,309240,771,57,1,28881,777,96,760
76,11/08/2026 15:25,36,REGULATED_ACTION_STATE,30282,283600,835,58,0,28620,766,96,743
77,11/08/2026 15:25,36,REGULATED_ACTION_STATE,30450,283809,771,55,0,28859,764,96,760
78,11/08/2026 15:26,36,REGULATED_ACTION_STATE,30839,302217,788,69,0,29175,805,96,759
79,11/08/2026 15:26,36,REGULATED_ACTION_STATE,30430,269947,770,57,0,28804,797,96,754
80,11/08/2026 15:27,36,REGULATED_ACTION_STATE,30232,309407,783,70,0,28620,756,96,753
81,11/08/2026 15:27,36,REGULATED_ACTION_STATE,30391,277676,772,58,0,28779,779,96,750
82,11/08/2026 15:28,36,REGULATED_ACTION_STATE,30846,309312,792,73,0,29192,787,96,764
83,11/08/2026 15:28,36,REGULATED_ACTION_STATE,30451,308903,774,58,0,28842,774,96,746
84,11/08/2026 15:29,36,REGULATED_ACTION_STATE,30136,517465,770,53,0,28566,745,95,753
85,11/08/2026 15:29,36,REGULATED_ACTION_STATE,30640,383301,783,93,1,29002,759,95,756
86,11/08/2026 15:30,36,REGULATED_ACTION_STATE,30635,290261,789,62,0,29000,782,96,758
87,11/08/2026 15:30,36,REGULATED_ACTION_STATE,30363,489604,771,57,0,28780,752,95,734
88,11/08/2026 15:31,36,REGULATED_ACTION_STATE,30422,302048,768,57,0,28822,772,96,784
89,11/08/2026 15:31,36,REGULATED_ACTION_STATE,30599,315637,769,59,0,28999,770,96,753
90,11/08/2026 15:32,36,REGULATED_ACTION_STATE,30325,290022,771,55,0,28741,756,96,784
91,11/08/2026 15:32,36,REGULATED_ACTION_STATE,30725,504250,776,69,0,29119,758,95,757
92,11/08/2026 15:33,36,REGULATED_ACTION_STATE,30603,517696,822,59,0,28958,762,95,742
93,11/08/2026 15:33,36,REGULATED_ACTION_STATE,30122,510400,771,57,0,28530,762,95,736
94,11/08/2026 15:34,36,REGULATED_ACTION_STATE,30382,270262,769,55,0,28795,761,96,738
95,11/08/2026 15:34,36,REGULATED_ACTION_STATE,30556,314560,815,57,0,28902,780,96,754
96,11/08/2026 15:35,36,REGULATED_ACTION_STATE,30291,315844,792,60,0,28661,776,96,768
97,11/08/2026 15:35,36,REGULATED_ACTION_STATE,30333,295729,767,58,0,28751,754,96,751
98,11/08/2026 15:36,36,REGULATED_ACTION_STATE,30662,270414,775,58,0,29062,764,96,761
99,11/08/2026 15:36,36,REGULATED_ACTION_STATE,30149,483687,769,55,0,28570,752,95,760
100,11/08/2026 15:37,36,REGULATED_ACTION_STATE,30282,322209,779,55,0,28680,765,96,720
101,11/08/2026 15:37,36,REGULATED_ACTION_STATE,30250,510136,813,78,0,28602,755,95,756
102,11/08/2026 15:38,36,REGULATED_ACTION_STATE,30406,322394,776,58,0,28806,765,96,758
103,11/08/2026 15:38,36,REGULATED_ACTION_STATE,30412,504519,779,75,0,28805,752,95,755
104,11/08/2026 15:39,36,REGULATED_ACTION_STATE,30500,504291,777,56,0,28887,778,95,748
105,11/08/2026 15:39,36,REGULATED_ACTION_STATE,30517,277235,797,57,0,28874,786,96,764
106,11/08/2026 15:40,36,REGULATED_ACTION_STATE,29977,510818,774,55,0,28388,758,95,738
107,11/08/2026 15:40,36,REGULATED_ACTION_STATE,30287,376884,774,55,0,28704,752,95,739
108,11/08/2026 15:41,36,REGULATED_ACTION_STATE,30394,303000,774,56,0,28781,780,96,770
109,11/08/2026 15:41,36,REGULATED_ACTION_STATE,30178,315823,769,55,0,28588,764,96,751
110,11/08/2026 15:42,36,REGULATED_ACTION_STATE,30563,283550,776,58,0,28959,768,96,750
111,11/08/2026 15:42,36,REGULATED_ACTION_STATE,30551,308985,833,88,0,28848,780,96,742
112,11/08/2026 15:43,36,REGULATED_ACTION_STATE,30407,316021,783,58,0,28807,758,96,764
113,11/08/2026 15:43,36,REGULATED_ACTION_STATE,30303,510700,809,67,0,28676,749,95,749
114,11/08/2026 15:44,36,REGULATED_ACTION_STATE,30704,315816,770,58,0,29097,777,96,750
115,11/08/2026 15:44,36,REGULATED_ACTION_STATE,30176,270764,817,68,0,28522,767,96,749
116,11/08/2026 15:45,36,REGULATED_ACTION_STATE,30326,302100,776,55,0,28729,764,96,750
117,11/08/2026 15:45,36,REGULATED_ACTION_STATE,30401,326637,772,58,0,28815,754,96,745
118,11/08/2026 15:46,36,REGULATED_ACTION_STATE,30519,303205,818,57,0,28871,770,96,755
119,11/08/2026 15:46,36,REGULATED_ACTION_STATE,30063,510868,773,57,0,28472,758,95,735
120,11/08/2026 15:47,36,REGULATED_ACTION_STATE,30473,503442,774,56,0,28882,758,95,741
121,11/08/2026 15:48,36,REGULATED_ACTION_STATE,30503,283556,774,55,0,28899,773,96,755
122,11/08/2026 15:48,36,REGULATED_ACTION_STATE,30550,308491,780,58,0,28930,781,96,755
123,11/08/2026 15:49,36,REGULATED_ACTION_STATE,30178,315639,771,63,0,28563,778,96,742
124,11/08/2026 15:49,36,REGULATED_ACTION_STATE,30758,504558,814,57,0,29132,753,96,756
125,11/08/2026 15:50,36,REGULATED_ACTION_STATE,30486,503361,769,58,0,28901,756,95,747
126,11/08/2026 15:50,36,REGULATED_ACTION_STATE,30245,314789,786,57,0,28638,761,96,756
127,11/08/2026 15:51,36,REGULATED_ACTION_STATE,30408,288808,768,53,0,28822,763,96,756
128,11/08/2026 15:51,36,REGULATED_ACTION_STATE,30232,283526,781,58,0,28615,775,96,746
129,11/08/2026 15:52,36,REGULATED_ACTION_STATE,30219,290190,774,55,0,28615,773,96,744
130,11/08/2026 15:52,36,REGULATED_ACTION_STATE,30551,497199,772,55,0,28967,756,95,761
131,11/08/2026 15:53,36,REGULATED_ACTION_STATE,30170,315744,772,56,0,28569,771,96,750
132,11/08/2026 15:53,36,REGULATED_ACTION_STATE,30439,290194,811,70,0,28747,808,96,763
133,11/08/2026 15:54,36,REGULATED_ACTION_STATE,30158,276507,771,56,0,28548,780,96,744
134,11/08/2026 15:54,36,REGULATED_ACTION_STATE,30625,303129,776,56,0,29017,774,96,747
135,11/08/2026 15:55,36,REGULATED_ACTION_STATE,30457,503579,777,58,0,28847,773,95,752
136,11/08/2026 15:55,36,REGULATED_ACTION_STATE,30473,314298,785,56,0,28866,763,96,754
137,11/08/2026 15:56,36,REGULATED_ACTION_STATE,30570,309271,776,58,0,28949,785,96,754
138,11/08/2026 15:56,36,REGULATED_ACTION_STATE,30514,320677,779,58,0,28905,770,96,735
139,11/08/2026 15:57,36,REGULATED_ACTION_STATE,30456,503390,824,63,0,28780,787,95,754
140,11/08/2026 15:57,36,REGULATED_ACTION_STATE,30508,315670,780,54,0,28908,763,96,749
141,11/08/2026 15:58,36,REGULATED_ACTION_STATE,30487,315266,788,63,0,28879,756,96,746
142,11/08/2026 15:58,36,REGULATED_ACTION_STATE,30302,490302,772,56,0,28707,765,95,748
143,11/08/2026 15:59,36,REGULATED_ACTION_STATE,30419,283626,769,57,0,28832,760,96,740
144,11/08/2026 15:59,36,REGULATED_ACTION_STATE,30042,290220,760,55,0,28465,759,96,750
145,11/08/2026 16:00,36,REGULATED_ACTION_STATE,30284,315465,772,56,0,28671,783,96,737
146,11/08/2026 16:00,36,REGULATED_ACTION_STATE,30529,277413,772,55,0,28925,774,96,759
147,11/08/2026 16:01,36,REGULATED_ACTION_STATE,30243,517512,808,58,0,28619,755,95,728
148,11/08/2026 16:01,36,REGULATED_ACTION_STATE,30394,483372,772,56,0,28801,763,95,729
149,11/08/2026 16:02,36,REGULATED_ACTION_STATE,30497,308844,773,56,0,28905,762,96,752
150,11/08/2026 16:02,36,REGULATED_ACTION_STATE,30372,503544,805,78,0,28733,753,95,740
151,11/08/2026 16:03,36,REGULATED_ACTION_STATE,30488,301368,775,57,0,28886,767,96,747
152,11/08/2026 16:03,36,REGULATED_ACTION_STATE,30257,504505,773,56,0,28676,750,95,754
153,11/08/2026 16:04,36,REGULATED_ACTION_STATE,30646,308726,771,58,0,29048,768,96,756
154,11/08/2026 16:04,36,REGULATED_ACTION_STATE,30278,303054,774,57,0,28677,768,96,756
155,11/08/2026 16:05,36,REGULATED_ACTION_STATE,30468,303010,779,57,0,28853,776,96,742
156,11/08/2026 16:05,36,REGULATED_ACTION_STATE,30220,309187,770,58,0,28630,760,96,775
157,11/08/2026 16:06,36,REGULATED_ACTION_STATE,30543,315871,795,86,0,28891,769,96,738
158,11/08/2026 16:06,36,REGULATED_ACTION_STATE,30335,504292,767,62,0,28748,756,95,744
159,11/08/2026 16:07,36,REGULATED_ACTION_STATE,30447,517469,775,55,0,28849,767,95,731
160,11/08/2026 16:07,36,REGULATED_ACTION_STATE,30622,503241,776,58,0,29012,773,95,741
161,11/08/2026 16:08,36,REGULATED_ACTION_STATE,30548,277533,792,70,0,28916,769,96,757
162,11/08/2026 16:08,36,REGULATED_ACTION_STATE,30329,322109,765,56,0,28729,777,96,757
163,11/08/2026 16:09,36,REGULATED_ACTION_STATE,30657,290138,776,57,0,29044,777,96,759
164,11/08/2026 16:09,36,REGULATED_ACTION_STATE,30646,490174,769,61,0,29050,764,95,740
165,11/08/2026 16:10,36,REGULATED_ACTION_STATE,30341,282991,809,58,0,28684,788,96,748
166,11/08/2026 16:10,36,REGULATED_ACTION_STATE,31136,277478,786,87,0,29490,772,96,746
167,11/08/2026 16:11,36,REGULATED_ACTION_STATE,30345,302985,780,55,0,28746,763,96,753
168,11/08/2026 16:12,36,REGULATED_ACTION_STATE,30028,321728,779,56,0,28430,761,96,755
169,11/08/2026 16:12,36,REGULATED_ACTION_STATE,30655,302257,776,58,0,29021,799,96,746
170,11/08/2026 16:13,36,REGULATED_ACTION_STATE,30763,302732,809,68,0,29109,774,96,752
171,11/08/2026 16:13,36,REGULATED_ACTION_STATE,30361,270327,779,58,0,28762,760,96,761
172,11/08/2026 16:14,36,REGULATED_ACTION_STATE,30253,315781,775,59,0,28637,779,96,743
173,11/08/2026 16:14,36,REGULATED_ACTION_STATE,30474,283844,770,57,0,28881,763,96,756
174,11/08/2026 16:15,36,REGULATED_ACTION_STATE,30373,320721,812,69,0,28731,758,96,753
175,11/08/2026 16:15,36,REGULATED_ACTION_STATE,30206,270175,767,56,0,28612,769,96,749
176,11/08/2026 16:16,36,REGULATED_ACTION_STATE,30433,316250,825,76,0,28750,781,96,743
177,11/08/2026 16:16,36,REGULATED_ACTION_STATE,30625,517397,823,75,0,28960,765,95,749
178,11/08/2026 16:17,36,REGULATED_ACTION_STATE,30425,321719,773,59,0,28829,762,96,760
179,11/08/2026 16:17,36,REGULATED_ACTION_STATE,30335,504309,779,66,0,28726,763,95,740
180,11/08/2026 16:18,36,REGULATED_ACTION_STATE,30277,321401,803,69,0,28645,758,96,763
181,11/08/2026 16:18,36,REGULATED_ACTION_STATE,30449,322135,813,55,0,28771,808,96,748
182,11/08/2026 16:19,36,REGULATED_ACTION_STATE,30367,497285,767,55,0,28765,777,95,741
183,11/08/2026 16:19,36,REGULATED_ACTION_STATE,30748,303127,790,58,0,29113,786,96,757
184,11/08/2026 16:20,36,REGULATED_ACTION_STATE,30493,301876,817,68,0,28842,764,96,741
185,11/08/2026 16:20,36,REGULATED_ACTION_STATE,30357,322340,776,56,0,28730,793,96,741
186,11/08/2026 16:21,36,REGULATED_ACTION_STATE,30434,277889,778,56,0,28834,764,96,750
187,11/08/2026 16:21,36,REGULATED_ACTION_STATE,30328,289147,776,57,0,28718,775,96,747
188,11/08/2026 16:22,36,REGULATED_ACTION_STATE,30044,302311,792,56,0,28425,768,95,742
189,11/08/2026 16:22,36,REGULATED_ACTION_STATE,30605,316051,788,58,0,28990,766,96,765
190,11/08/2026 16:23,36,REGULATED_ACTION_STATE,30612,308865,797,68,0,28980,764,96,747
191,11/08/2026 16:23,36,REGULATED_ACTION_STATE,30649,296219,777,56,0,29054,760,96,758
192,11/08/2026 16:24,36,REGULATED_ACTION_STATE,30470,359162,775,58,0,28855,780,96,737
193,11/08/2026 16:24,36,REGULATED_ACTION_STATE,30602,322085,819,66,0,28945,770,96,750
194,11/08/2026 16:25,36,REGULATED_ACTION_STATE,30679,302887,772,55,0,29085,765,96,729
195,11/08/2026 16:25,36,REGULATED_ACTION_STATE,30742,302375,807,72,0,29084,777,96,759
196,11/08/2026 16:26,36,REGULATED_ACTION_STATE,30174,315947,776,56,0,28574,766,96,746
197,11/08/2026 16:26,36,REGULATED_ACTION_STATE,30529,315581,809,73,0,28877,768,96,729
198,11/08/2026 16:27,36,REGULATED_ACTION_STATE,30731,288989,775,56,0,29116,782,96,772
199,11/08/2026 16:27,36,REGULATED_ACTION_STATE,30881,308918,843,56,0,29192,788,96,762
200,11/08/2026 16:28,36,REGULATED_ACTION_STATE,30429,309427,773,58,0,28822,774,96,755
1,11/08/2026 16:29,45,REGULATED_ACTION_STATE,79133,417213,778,62,0,76348,1943,214,2275
2,11/08/2026 16:31,45,REGULATED_ACTION_STATE,78847,441974,771,64,0,76048,1962,214,2257
3,11/08/2026 16:32,45,REGULATED_ACTION_STATE,80464,449298,798,62,0,77631,1972,214,2246
4,11/08/2026 16:33,45,REGULATED_ACTION_STATE,80674,230090,768,62,0,77851,1990,215,2245
5,11/08/2026 16:35,45,REGULATED_ACTION_STATE,80768,404848,771,69,0,77893,2032,214,2243
6,11/08/2026 16:36,45,REGULATED_ACTION_STATE,80036,429331,811,79,0,77167,1976,214,2244
7,11/08/2026 16:37,45,REGULATED_ACTION_STATE,80767,426796,829,64,0,77882,1990,214,2262
8,11/08/2026 16:39,45,REGULATED_ACTION_STATE,81020,426421,779,62,0,78219,1958,214,2268
9,11/08/2026 16:40,45,REGULATED_ACTION_STATE,79857,457134,771,65,0,76997,2023,214,2265
10,11/08/2026 16:41,45,REGULATED_ACTION_STATE,80718,414308,778,65,0,77914,1959,214,2276
11,11/08/2026 16:43,45,REGULATED_ACTION_STATE,80992,313527,784,66,0,78128,2011,214,2272
12,11/08/2026 16:44,45,REGULATED_ACTION_STATE,81345,444870,773,65,0,78496,2009,216,2250
13,11/08/2026 16:45,45,REGULATED_ACTION_STATE,79724,440139,777,63,0,76914,1967,214,2276
14,11/08/2026 16:47,45,REGULATED_ACTION_STATE,82403,420031,801,63,0,79559,1978,214,2258
15,11/08/2026 16:48,45,REGULATED_ACTION_STATE,80619,425355,776,64,0,77832,1944,214,2285
16,11/08/2026 16:50,45,REGULATED_ACTION_STATE,81076,237235,807,74,0,78205,1988,215,2254
17,11/08/2026 16:51,45,REGULATED_ACTION_STATE,80104,440537,778,64,0,77320,1939,214,2222
18,11/08/2026 16:52,45,REGULATED_ACTION_STATE,79559,230761,784,62,0,76748,1963,216,2240
19,11/08/2026 16:53,45,REGULATED_ACTION_STATE,79248,363383,769,64,0,76434,1979,216,2261
20,11/08/2026 16:55,45,REGULATED_ACTION_STATE,80308,375787,812,65,0,77415,2014,214,2249
21,11/08/2026 16:56,45,REGULATED_ACTION_STATE,79625,444927,809,69,0,76788,1958,214,2252
22,11/08/2026 16:57,45,REGULATED_ACTION_STATE,79016,445249,779,63,0,76225,1948,214,2282
23,11/08/2026 16:59,45,REGULATED_ACTION_STATE,79581,434280,805,81,0,76751,1941,214,2271
24,11/08/2026 17:00,45,REGULATED_ACTION_STATE,80759,333564,783,81,0,77888,2005,215,2243
25,11/08/2026 17:02,45,REGULATED_ACTION_STATE,79545,343919,780,58,0,76728,1977,216,2255
26,11/08/2026 17:03,45,REGULATED_ACTION_STATE,80728,525744,778,57,0,77909,1982,214,2245
27,11/08/2026 17:04,45,REGULATED_ACTION_STATE,80978,407358,779,86,0,78131,1980,214,2233
28,11/08/2026 17:06,45,REGULATED_ACTION_STATE,79713,386594,773,62,0,76905,1971,214,2244
29,11/08/2026 17:07,45,REGULATED_ACTION_STATE,79813,432745,765,61,0,77016,1967,214,2275
30,11/08/2026 17:08,45,REGULATED_ACTION_STATE,81122,342563,773,62,0,78299,1986,216,2216
31,11/08/2026 17:10,45,REGULATED_ACTION_STATE,79619,418538,774,62,0,76803,1978,214,2241
32,11/08/2026 17:11,45,REGULATED_ACTION_STATE,79530,522520,780,63,0,76704,1981,214,2272
33,11/08/2026 17:12,45,REGULATED_ACTION_STATE,82060,395518,777,59,0,79232,1990,214,2277
34,11/08/2026 17:14,45,REGULATED_ACTION_STATE,80574,395953,772,62,0,77772,1966,214,2233
35,11/08/2026 17:15,45,REGULATED_ACTION_STATE,80415,438013,773,65,0,77587,1989,214,2272
36,11/08/2026 17:16,45,REGULATED_ACTION_STATE,81932,485663,791,66,0,79102,1970,213,2302
37,11/08/2026 17:18,45,REGULATED_ACTION_STATE,79336,498892,829,84,0,76425,1995,213,2234
38,11/08/2026 17:19,45,REGULATED_ACTION_STATE,81826,530344,767,62,0,79020,1975,213,2232
39,11/08/2026 17:20,45,REGULATED_ACTION_STATE,80052,250551,774,58,0,77247,1972,215,2272
40,11/08/2026 17:22,45,REGULATED_ACTION_STATE,80657,346455,773,62,0,77773,2048,215,2242
41,11/08/2026 17:23,45,REGULATED_ACTION_STATE,79434,238403,805,62,0,76570,1994,214,2236
42,11/08/2026 17:24,45,REGULATED_ACTION_STATE,79889,412148,804,84,0,77036,1963,214,2258
43,11/08/2026 17:26,45,REGULATED_ACTION_STATE,79599,412965,784,65,0,76786,1962,214,2232
44,11/08/2026 17:27,45,REGULATED_ACTION_STATE,80618,364123,769,64,0,77805,1978,214,2270
45,11/08/2026 17:28,45,REGULATED_ACTION_STATE,78733,485778,775,65,0,75942,1949,213,2258
46,11/08/2026 17:30,45,REGULATED_ACTION_STATE,79275,415621,771,65,0,76443,1994,214,2258
47,11/08/2026 17:31,45,REGULATED_ACTION_STATE,80491,333049,824,75,0,77610,1980,215,2235
48,11/08/2026 17:32,45,REGULATED_ACTION_STATE,81631,369917,773,65,0,78803,1988,214,2227
49,11/08/2026 17:34,45,REGULATED_ACTION_STATE,81554,326705,768,64,0,78677,2042,214,2265
50,11/08/2026 17:35,45,REGULATED_ACTION_STATE,80078,371678,771,63,0,77256,1985,214,2241
51,11/08/2026 17:36,45,REGULATED_ACTION_STATE,80624,512367,785,64,0,77804,1968,214,2288
52,11/08/2026 17:38,45,REGULATED_ACTION_STATE,78833,415541,772,61,0,76047,1951,214,2274
53,11/08/2026 17:39,45,REGULATED_ACTION_STATE,80555,371571,768,62,0,77737,1986,214,2264
54,11/08/2026 17:40,45,REGULATED_ACTION_STATE,79572,225723,838,73,0,76684,1975,215,2214
55,11/08/2026 17:42,45,REGULATED_ACTION_STATE,79546,424589,770,65,0,76746,1963,214,2230
56,11/08/2026 17:43,45,REGULATED_ACTION_STATE,79383,505249,842,77,0,76489,1973,214,2216
57,11/08/2026 17:44,45,REGULATED_ACTION_STATE,79459,439689,770,61,0,76618,2008,214,2176
58,11/08/2026 17:46,45,REGULATED_ACTION_STATE,79403,263089,787,63,0,76565,1987,215,2243
59,11/08/2026 17:47,45,REGULATED_ACTION_STATE,79875,502778,811,77,0,77020,1965,214,2244
60,11/08/2026 17:48,45,REGULATED_ACTION_STATE,81262,419359,771,65,0,78481,1942,214,2269
61,11/08/2026 17:50,45,REGULATED_ACTION_STATE,80331,402581,774,66,0,77519,1970,214,2262
62,11/08/2026 17:51,45,REGULATED_ACTION_STATE,80504,404010,775,61,0,77678,1987,214,2221
63,11/08/2026 17:52,45,REGULATED_ACTION_STATE,80234,516553,775,62,0,77412,1983,214,2249
64,11/08/2026 17:54,45,REGULATED_ACTION_STATE,80382,406904,770,61,0,77572,1976,214,2225
65,11/08/2026 17:55,45,REGULATED_ACTION_STATE,80590,340028,807,68,0,77739,1974,216,2227
66,11/08/2026 17:57,45,REGULATED_ACTION_STATE,80272,474230,776,64,0,77453,1977,214,2281
67,11/08/2026 17:58,45,REGULATED_ACTION_STATE,79062,225684,773,63,0,76245,1978,215,2232
68,11/08/2026 17:59,45,REGULATED_ACTION_STATE,80668,426144,777,62,0,77843,1984,214,2237
69,11/08/2026 18:01,45,REGULATED_ACTION_STATE,80431,477836,773,62,0,77621,1972,214,2214
70,11/08/2026 18:02,45,REGULATED_ACTION_STATE,79433,527751,776,95,0,76574,1985,214,2245
71,11/08/2026 18:03,45,REGULATED_ACTION_STATE,81172,442586,776,58,0,78342,1993,214,2243
72,11/08/2026 18:05,45,REGULATED_ACTION_STATE,80529,440655,774,64,0,77743,1945,214,2262
73,11/08/2026 18:06,45,REGULATED_ACTION_STATE,81284,503231,777,65,0,78420,2020,214,2253
74,11/08/2026 18:07,45,REGULATED_ACTION_STATE,81865,426368,775,63,0,79059,1966,214,2253
75,11/08/2026 18:09,45,REGULATED_ACTION_STATE,79845,269942,822,64,0,76937,2020,214,2254
76,11/08/2026 18:10,45,REGULATED_ACTION_STATE,80476,376191,774,61,0,77646,1993,214,2245
77,11/08/2026 18:11,45,REGULATED_ACTION_STATE,80710,514948,785,61,0,77836,2026,214,2275
78,11/08/2026 18:13,45,REGULATED_ACTION_STATE,79500,410941,806,63,0,76670,1959,214,2267
79,11/08/2026 18:14,45,REGULATED_ACTION_STATE,78965,451368,772,62,0,76182,1947,214,2263
80,11/08/2026 18:15,45,REGULATED_ACTION_STATE,81336,483615,821,67,0,78478,1968,214,2232
81,11/08/2026 18:17,45,REGULATED_ACTION_STATE,82108,371113,769,64,0,79273,2000,214,2256
82,11/08/2026 18:18,45,REGULATED_ACTION_STATE,81129,509757,773,62,0,78328,1963,214,2256
83,11/08/2026 18:19,45,REGULATED_ACTION_STATE,79514,244007,804,83,0,76600,2024,215,2274
84,11/08/2026 18:21,45,REGULATED_ACTION_STATE,80877,506489,782,64,0,78057,1972,214,2220
85,11/08/2026 18:22,45,REGULATED_ACTION_STATE,80982,280208,777,62,0,78167,1974,214,2228
86,11/08/2026 18:23,45,REGULATED_ACTION_STATE,79324,413222,776,62,0,76541,1942,214,2217
87,11/08/2026 18:25,45,REGULATED_ACTION_STATE,80669,381910,778,64,0,77837,1988,214,2209
88,11/08/2026 18:26,45,REGULATED_ACTION_STATE,80366,289178,776,65,0,77489,2034,215,2228
89,11/08/2026 18:27,45,REGULATED_ACTION_STATE,79970,230363,777,62,0,77149,1979,215,2263
90,11/08/2026 18:29,45,REGULATED_ACTION_STATE,80610,406634,773,63,0,77778,1994,216,2254
91,11/08/2026 18:30,45,REGULATED_ACTION_STATE,80221,224118,779,64,0,77419,1956,216,2231
92,11/08/2026 18:31,45,REGULATED_ACTION_STATE,81187,357013,777,64,0,78303,2040,216,2263
93,11/08/2026 18:33,45,REGULATED_ACTION_STATE,80416,416811,776,65,0,77609,1965,214,2226
94,11/08/2026 18:34,45,REGULATED_ACTION_STATE,80674,408530,774,64,0,77843,1990,214,2253
95,11/08/2026 18:36,45,REGULATED_ACTION_STATE,80459,375451,807,64,0,77547,2039,214,2261
96,11/08/2026 18:37,45,REGULATED_ACTION_STATE,80557,352447,846,64,0,77662,1983,213,2232
97,11/08/2026 18:38,45,REGULATED_ACTION_STATE,80595,387152,783,81,0,77748,1981,214,2232
98,11/08/2026 18:40,45,REGULATED_ACTION_STATE,80298,274407,797,69,0,77458,1971,215,2235
99,11/08/2026 18:41,45,REGULATED_ACTION_STATE,81041,416848,770,64,0,78190,2015,214,2199
100,11/08/2026 18:42,45,REGULATED_ACTION_STATE,81764,382780,778,78,0,78971,1935,214,2235
101,11/08/2026 18:44,45,REGULATED_ACTION_STATE,80298,478959,809,60,0,77416,2010,214,2211
102,11/08/2026 18:45,45,REGULATED_ACTION_STATE,81073,414193,831,83,0,78156,2000,214,2267
103,11/08/2026 18:46,45,REGULATED_ACTION_STATE,81441,412085,781,61,0,78641,1956,214,2270
104,11/08/2026 18:48,45,REGULATED_ACTION_STATE,81827,510458,831,74,0,78964,1954,214,2247
105,11/08/2026 18:49,45,REGULATED_ACTION_STATE,80157,412647,771,62,0,77351,1971,216,2233
106,11/08/2026 18:50,45,REGULATED_ACTION_STATE,79886,360891,777,65,0,77043,1999,214,2216
107,11/08/2026 18:52,45,REGULATED_ACTION_STATE,79414,269556,774,59,0,76606,1972,214,2247
108,11/08/2026 18:53,45,REGULATED_ACTION_STATE,80802,420119,776,64,0,77961,1999,214,2251
109,11/08/2026 18:54,45,REGULATED_ACTION_STATE,81298,361641,778,63,0,78464,1992,214,2217
110,11/08/2026 18:56,45,REGULATED_ACTION_STATE,79359,446336,776,65,0,76565,1950,214,2268
111,11/08/2026 18:57,45,REGULATED_ACTION_STATE,79276,414090,768,64,0,76472,1970,216,2259
112,11/08/2026 18:58,45,REGULATED_ACTION_STATE,80719,281165,777,63,0,77918,1960,215,2289
113,11/08/2026 19:00,45,REGULATED_ACTION_STATE,81135,515801,791,89,0,78280,1973,214,2247
114,11/08/2026 19:01,45,REGULATED_ACTION_STATE,78873,269720,778,62,0,76039,1991,215,2257
115,11/08/2026 19:02,45,REGULATED_ACTION_STATE,79448,232138,785,65,0,76620,1976,216,2295
116,11/08/2026 19:04,45,REGULATED_ACTION_STATE,79839,491762,770,65,0,77046,1956,214,2253
117,11/08/2026 19:05,45,REGULATED_ACTION_STATE,79867,387521,773,61,0,77045,1986,214,2239
118,11/08/2026 19:06,45,REGULATED_ACTION_STATE,80350,269557,771,63,0,77531,1983,214,2258
119,11/08/2026 19:08,45,REGULATED_ACTION_STATE,80522,232466,772,62,0,77710,1976,215,2264
120,11/08/2026 19:09,45,REGULATED_ACTION_STATE,80213,379978,774,62,0,77398,1976,214,2277
121,11/08/2026 19:10,45,REGULATED_ACTION_STATE,79870,426223,773,62,0,77047,1985,214,2310
122,11/08/2026 19:12,45,REGULATED_ACTION_STATE,79045,420379,789,63,0,76238,1954,214,2229
123,11/08/2026 19:13,45,REGULATED_ACTION_STATE,80689,503332,841,64,0,77830,1952,214,2285
124,11/08/2026 19:15,45,REGULATED_ACTION_STATE,81554,387830,775,57,0,78731,1990,214,2224
125,11/08/2026 19:16,45,REGULATED_ACTION_STATE,80021,375770,774,65,0,77198,1981,214,2196
126,11/08/2026 19:17,45,REGULATED_ACTION_STATE,81329,490807,804,63,0,78497,1963,214,2249
127,11/08/2026 19:19,45,REGULATED_ACTION_STATE,79344,495621,770,64,0,76541,1966,214,2223
128,11/08/2026 19:20,45,REGULATED_ACTION_STATE,81015,489348,777,65,0,78139,2031,216,2273
129,11/08/2026 19:21,45,REGULATED_ACTION_STATE,80052,276578,797,62,0,77180,2011,214,2232
130,11/08/2026 19:23,45,REGULATED_ACTION_STATE,79305,238649,818,70,0,76449,1966,215,2285
131,11/08/2026 19:24,45,REGULATED_ACTION_STATE,79145,270094,776,65,0,76304,1998,213,2268
132,11/08/2026 19:25,45,REGULATED_ACTION_STATE,81325,370200,777,62,0,78471,2013,214,2271
133,11/08/2026 19:27,45,REGULATED_ACTION_STATE,79720,409857,813,57,0,76888,1960,214,2303
134,11/08/2026 19:28,45,REGULATED_ACTION_STATE,80873,403908,775,62,0,78036,1998,214,2222
135,11/08/2026 19:29,45,REGULATED_ACTION_STATE,80854,262281,803,88,0,77941,2021,215,2251
136,11/08/2026 19:31,45,REGULATED_ACTION_STATE,81098,402872,780,63,0,78256,1996,216,2251
137,11/08/2026 19:32,45,REGULATED_ACTION_STATE,79625,410907,813,81,0,76755,1974,214,2234
138,11/08/2026 19:33,45,REGULATED_ACTION_STATE,81567,413869,794,80,0,78710,1980,214,2233
139,11/08/2026 19:35,45,REGULATED_ACTION_STATE,81898,460235,775,63,0,79096,1963,213,2255
140,11/08/2026 19:36,45,REGULATED_ACTION_STATE,82278,407174,770,62,0,79437,2008,214,2279
141,11/08/2026 19:37,45,REGULATED_ACTION_STATE,79661,367946,796,73,0,76810,1980,214,2276
142,11/08/2026 19:39,45,REGULATED_ACTION_STATE,78972,369839,806,75,0,76113,1976,216,2252
143,11/08/2026 19:40,45,REGULATED_ACTION_STATE,82064,275908,787,80,0,79163,2031,214,2285
144,11/08/2026 19:41,45,REGULATED_ACTION_STATE,80052,230368,807,82,0,77129,2032,215,2259
145,11/08/2026 19:43,45,REGULATED_ACTION_STATE,80883,466449,766,62,0,78084,1969,213,2236
146,11/08/2026 19:44,45,REGULATED_ACTION_STATE,78937,473481,777,64,0,76113,1980,214,2256
147,11/08/2026 19:45,45,REGULATED_ACTION_STATE,80564,300693,777,87,0,77722,1975,214,2197
148,11/08/2026 19:47,45,REGULATED_ACTION_STATE,79795,517397,784,63,0,76988,1957,214,2216
149,11/08/2026 19:48,45,REGULATED_ACTION_STATE,82443,263873,776,63,0,79613,1989,214,2249
150,11/08/2026 19:50,45,REGULATED_ACTION_STATE,80561,426689,785,62,0,77750,1962,214,2258
151,11/08/2026 19:51,45,REGULATED_ACTION_STATE,82164,403048,777,65,0,79362,1958,214,2233
152,11/08/2026 19:52,45,REGULATED_ACTION_STATE,79399,268239,781,56,0,76577,1983,214,2245
153,11/08/2026 19:54,45,REGULATED_ACTION_STATE,81562,383214,782,62,0,78737,1979,214,2260
154,11/08/2026 19:55,45,REGULATED_ACTION_STATE,80866,509407,790,78,0,78023,1973,214,2231
155,11/08/2026 19:56,45,REGULATED_ACTION_STATE,80837,502279,808,66,0,77989,1973,214,2237
156,11/08/2026 19:58,45,REGULATED_ACTION_STATE,80353,426815,821,78,0,77447,2005,214,2275
157,11/08/2026 19:59,45,REGULATED_ACTION_STATE,80000,485977,767,62,0,77212,1957,213,2244
158,11/08/2026 20:00,45,REGULATED_ACTION_STATE,80225,299682,779,86,0,77357,2000,214,2224
159,11/08/2026 20:02,45,REGULATED_ACTION_STATE,81074,378237,806,78,0,78211,1977,214,2229
160,11/08/2026 20:03,45,REGULATED_ACTION_STATE,79983,338734,805,79,0,77143,1953,213,2273
161,11/08/2026 20:04,45,REGULATED_ACTION_STATE,78520,350867,809,63,0,75707,1940,216,2227
162,11/08/2026 20:06,45,REGULATED_ACTION_STATE,82249,218078,785,64,0,79422,1976,215,2291
163,11/08/2026 20:07,45,REGULATED_ACTION_STATE,79882,326312,776,65,0,77056,1983,216,2226
164,11/08/2026 20:08,45,REGULATED_ACTION_STATE,81732,270297,790,71,0,78874,1995,214,2248
165,11/08/2026 20:10,45,REGULATED_ACTION_STATE,81753,426449,776,62,0,78934,1979,216,2237
166,11/08/2026 20:11,45,REGULATED_ACTION_STATE,81410,445965,768,64,0,78605,1970,214,2260
167,11/08/2026 20:12,45,REGULATED_ACTION_STATE,82041,339670,806,63,0,79190,1981,216,2239
168,11/08/2026 20:14,45,REGULATED_ACTION_STATE,80229,404361,771,64,0,77429,1963,214,2241
169,11/08/2026 20:15,45,REGULATED_ACTION_STATE,80632,404227,769,60,0,77831,1970,214,2260
170,11/08/2026 20:17,45,REGULATED_ACTION_STATE,81191,282586,772,63,0,78384,1969,214,2255
171,11/08/2026 20:18,45,REGULATED_ACTION_STATE,80290,436167,769,62,0,77499,1958,214,2227
172,11/08/2026 20:19,45,REGULATED_ACTION_STATE,80339,473061,791,76,0,77509,1961,214,2243
173,11/08/2026 20:21,45,REGULATED_ACTION_STATE,80180,420821,776,62,0,77329,2011,214,2262
174,11/08/2026 20:22,45,REGULATED_ACTION_STATE,80530,237989,771,62,0,77686,2009,215,2239
175,11/08/2026 20:23,45,REGULATED_ACTION_STATE,80398,416434,769,64,0,77604,1959,214,2232
176,11/08/2026 20:25,45,REGULATED_ACTION_STATE,80162,485359,774,63,0,77355,1968,214,2221
177,11/08/2026 20:26,45,REGULATED_ACTION_STATE,78888,480396,821,65,0,76049,1951,214,2208
178,11/08/2026 20:27,45,REGULATED_ACTION_STATE,80867,383589,775,65,0,78043,1981,214,2240
179,11/08/2026 20:29,45,REGULATED_ACTION_STATE,79975,294723,790,67,0,77139,1976,214,2203
180,11/08/2026 20:30,45,REGULATED_ACTION_STATE,79802,307871,783,88,0,76954,1974,216,2269
181,11/08/2026 20:31,45,REGULATED_ACTION_STATE,81051,286381,836,64,0,78163,1986,214,2291
182,11/08/2026 20:33,45,REGULATED_ACTION_STATE,82462,395020,838,79,0,79549,1994,214,2239
183,11/08/2026 20:34,45,REGULATED_ACTION_STATE,79276,394269,774,65,0,76433,2003,214,2196
184,11/08/2026 20:35,45,REGULATED_ACTION_STATE,79171,522903,775,77,0,76356,1961,214,2229
185,11/08/2026 20:37,45,REGULATED_ACTION_STATE,78966,516309,766,62,0,76140,1995,214,2241
186,11/08/2026 20:38,45,REGULATED_ACTION_STATE,81906,420130,775,62,0,79116,1950,216,2244
187,11/08/2026 20:39,45,REGULATED_ACTION_STATE,80570,413843,791,64,0,77733,1980,214,2269
188,11/08/2026 20:41,45,REGULATED_ACTION_STATE,81666,438445,777,63,0,78846,1978,214,2279
189,11/08/2026 20:42,45,REGULATED_ACTION_STATE,81534,387120,768,63,0,78724,1978,214,2240
190,11/08/2026 20:43,45,REGULATED_ACTION_STATE,80833,393305,801,92,0,77964,1974,216,2238
191,11/08/2026 20:45,45,REGULATED_ACTION_STATE,81038,489984,772,63,0,78242,1959,214,2233
192,11/08/2026 20:46,45,REGULATED_ACTION_STATE,79817,288149,769,63,0,76963,2020,214,2226
193,11/08/2026 20:47,45,REGULATED_ACTION_STATE,80308,522779,773,62,0,77514,1956,214,2265
194,11/08/2026 20:49,45,REGULATED_ACTION_STATE,80481,410709,769,63,0,77688,1959,214,2251
195,11/08/2026 20:50,45,REGULATED_ACTION_STATE,82369,456055,793,100,0,79511,1963,213,2253
196,11/08/2026 20:52,45,REGULATED_ACTION_STATE,79528,446285,808,90,0,76680,1948,214,2264
197,11/08/2026 20:53,45,REGULATED_ACTION_STATE,80154,511319,766,62,0,77328,1996,213,2229
198,11/08/2026 20:54,45,REGULATED_ACTION_STATE,81661,484660,823,79,0,78792,1965,214,2228
199,11/08/2026 20:56,45,REGULATED_ACTION_STATE,78840,394654,795,75,0,75991,1976,214,2228
200,11/08/2026 20:57,45,REGULATED_ACTION_STATE,80839,478245,790,89,0,77984,1974,214,2233
1,11/08/2026 20:58,54,REGULATED_ACTION_STATE,68314,446091,782,79,0,64310,3140,187,1447
2,11/08/2026 20:59,54,REGULATED_ACTION_STATE,68024,492574,774,65,0,64129,3055,188,1459
3,11/08/2026 21:00,54,REGULATED_ACTION_STATE,68113,454534,783,70,0,64204,3054,187,1470
4,11/08/2026 21:02,54,REGULATED_ACTION_STATE,68008,505526,775,62,0,64097,3072,187,1512
5,11/08/2026 21:03,54,REGULATED_ACTION_STATE,67513,488372,771,67,0,63652,3021,187,1499
6,11/08/2026 21:04,54,REGULATED_ACTION_STATE,67792,498774,771,67,0,63850,3102,187,1482
7,11/08/2026 21:05,54,REGULATED_ACTION_STATE,68204,583672,778,71,0,64354,2999,186,1473
8,11/08/2026 21:06,54,REGULATED_ACTION_STATE,68521,494204,765,70,0,64397,3287,187,1482
9,11/08/2026 21:07,54,REGULATED_ACTION_STATE,68197,494663,790,94,0,64127,3183,187,1488
10,11/08/2026 21:08,54,REGULATED_ACTION_STATE,67944,595934,772,71,0,64024,3074,186,1474
11,11/08/2026 21:09,54,REGULATED_ACTION_STATE,68551,479934,780,65,0,64542,3161,188,1488
12,11/08/2026 21:11,54,REGULATED_ACTION_STATE,67506,721587,856,79,0,63535,3033,187,1483
13,11/08/2026 21:12,54,REGULATED_ACTION_STATE,68380,492851,777,71,0,64388,3143,188,1485
14,11/08/2026 21:13,54,REGULATED_ACTION_STATE,68088,471672,776,71,0,64165,3074,187,1467
15,11/08/2026 21:14,54,REGULATED_ACTION_STATE,68299,474710,823,69,0,64278,3126,187,1496
16,11/08/2026 21:15,54,REGULATED_ACTION_STATE,68565,493784,814,66,0,64530,3152,187,1446
17,11/08/2026 21:16,54,REGULATED_ACTION_STATE,67944,700506,771,68,0,64114,2988,185,1471
18,11/08/2026 21:17,54,REGULATED_ACTION_STATE,68312,454539,787,69,0,64391,3062,187,1487
19,11/08/2026 21:19,54,REGULATED_ACTION_STATE,68959,486594,810,87,0,64903,3156,188,1514
20,11/08/2026 21:20,54,REGULATED_ACTION_STATE,67944,494163,773,67,0,64001,3101,187,1486
21,11/08/2026 21:21,54,REGULATED_ACTION_STATE,67136,454460,772,68,0,63227,3067,187,1443
22,11/08/2026 21:22,54,REGULATED_ACTION_STATE,68028,492423,798,82,0,63991,3155,187,1462
23,11/08/2026 21:23,54,REGULATED_ACTION_STATE,67447,491069,771,68,0,63585,3021,188,1509
24,11/08/2026 21:24,54,REGULATED_ACTION_STATE,68272,454320,765,65,0,64340,3100,187,1512
25,11/08/2026 21:25,54,REGULATED_ACTION_STATE,67481,414229,768,68,0,63543,3100,189,1480
26,11/08/2026 21:27,54,REGULATED_ACTION_STATE,67955,414755,770,70,0,64043,3070,187,1486
27,11/08/2026 21:28,54,REGULATED_ACTION_STATE,67186,725127,774,80,0,63304,3026,187,1513
28,11/08/2026 21:29,54,REGULATED_ACTION_STATE,68434,514028,775,67,0,64555,3034,187,1488
29,11/08/2026 21:30,54,REGULATED_ACTION_STATE,68376,460944,811,84,0,64347,3131,187,1492
30,11/08/2026 21:31,54,REGULATED_ACTION_STATE,68225,492341,816,87,0,64307,3013,188,1469
31,11/08/2026 21:32,54,REGULATED_ACTION_STATE,68490,451621,775,68,0,64475,3170,188,1481
32,11/08/2026 21:33,54,REGULATED_ACTION_STATE,67849,500409,769,70,0,63952,3056,187,1487
33,11/08/2026 21:35,54,REGULATED_ACTION_STATE,68563,413214,824,77,0,64512,3148,188,1493
34,11/08/2026 21:36,54,REGULATED_ACTION_STATE,68586,493572,781,69,0,64601,3133,187,1455
35,11/08/2026 21:37,54,REGULATED_ACTION_STATE,68213,499225,788,72,0,64294,3056,187,1472
36,11/08/2026 21:38,54,REGULATED_ACTION_STATE,68569,493981,771,69,0,64582,3145,187,1492
37,11/08/2026 21:39,54,REGULATED_ACTION_STATE,68225,500728,853,67,0,64249,3053,187,1502
38,11/08/2026 21:40,54,REGULATED_ACTION_STATE,68147,487142,802,87,0,64220,3035,187,1500
39,11/08/2026 21:41,54,REGULATED_ACTION_STATE,68113,491932,783,63,0,64229,3036,188,1471
40,11/08/2026 21:43,54,REGULATED_ACTION_STATE,67159,507285,786,70,0,63268,3033,187,1480
41,11/08/2026 21:44,54,REGULATED_ACTION_STATE,69023,480850,842,69,0,64963,3147,187,1519
42,11/08/2026 21:45,54,REGULATED_ACTION_STATE,67891,500586,774,67,0,63930,3118,187,1485
43,11/08/2026 21:46,54,REGULATED_ACTION_STATE,68206,494117,773,68,0,64223,3140,187,1473
44,11/08/2026 21:47,54,REGULATED_ACTION_STATE,68184,493675,775,68,0,64216,3123,187,1475
45,11/08/2026 21:48,54,REGULATED_ACTION_STATE,68071,498618,811,68,0,64100,3089,187,1456
46,11/08/2026 21:49,54,REGULATED_ACTION_STATE,68293,492032,778,68,0,64399,3046,188,1446
47,11/08/2026 21:50,54,REGULATED_ACTION_STATE,68262,454186,817,84,0,64220,3139,187,1497
48,11/08/2026 21:52,54,REGULATED_ACTION_STATE,67855,493645,779,68,0,63933,3073,187,1482
49,11/08/2026 21:53,54,REGULATED_ACTION_STATE,67590,493737,837,85,0,63612,3054,187,1479
50,11/08/2026 21:54,54,REGULATED_ACTION_STATE,68129,494458,772,67,0,64260,3028,187,1465
51,11/08/2026 21:55,54,REGULATED_ACTION_STATE,67994,500761,802,84,0,64076,3030,187,1464
52,11/08/2026 21:56,54,REGULATED_ACTION_STATE,67934,703524,816,78,0,63832,3206,187,1479
53,11/08/2026 21:57,54,REGULATED_ACTION_STATE,68214,481246,771,64,0,64253,3124,187,1487
54,11/08/2026 21:58,54,REGULATED_ACTION_STATE,68751,418612,779,86,0,64816,3068,188,1506
55,11/08/2026 22:00,54,REGULATED_ACTION_STATE,67886,494390,773,68,0,63974,3069,187,1459
56,11/08/2026 22:01,54,REGULATED_ACTION_STATE,67472,490475,778,80,0,63572,3040,188,1474
57,11/08/2026 22:02,54,REGULATED_ACTION_STATE,68220,447592,769,67,0,64335,3046,187,1448
58,11/08/2026 22:03,54,REGULATED_ACTION_STATE,67888,630135,771,67,0,63945,3103,186,1472
59,11/08/2026 22:04,54,REGULATED_ACTION_STATE,68205,520115,780,83,0,64190,3148,187,1467
60,11/08/2026 22:05,54,REGULATED_ACTION_STATE,67669,415154,771,70,0,63760,3066,189,1488
61,11/08/2026 22:06,54,REGULATED_ACTION_STATE,68249,513968,774,71,0,64259,3143,187,1480
62,11/08/2026 22:08,54,REGULATED_ACTION_STATE,67902,454250,772,66,0,64003,3059,187,1497
63,11/08/2026 22:09,54,REGULATED_ACTION_STATE,68746,512596,797,108,0,64638,3200,188,1460
64,11/08/2026 22:10,54,REGULATED_ACTION_STATE,67913,498739,785,70,0,64009,3046,187,1471
65,11/08/2026 22:11,54,REGULATED_ACTION_STATE,68449,415149,771,67,0,64520,3090,189,1469
66,11/08/2026 22:12,54,REGULATED_ACTION_STATE,68730,498885,772,64,0,64828,3064,188,1484
67,11/08/2026 22:13,54,REGULATED_ACTION_STATE,68318,493493,772,67,0,64421,3056,187,1496
68,11/08/2026 22:14,54,REGULATED_ACTION_STATE,68531,466386,775,66,0,64623,3065,187,1464
69,11/08/2026 22:16,54,REGULATED_ACTION_STATE,68647,492939,790,70,0,64706,3078,188,1484
70,11/08/2026 22:17,54,REGULATED_ACTION_STATE,68763,729413,772,69,0,64793,3126,187,1479
71,11/08/2026 22:18,54,REGULATED_ACTION_STATE,68678,500774,811,89,0,64682,3094,187,1472
72,11/08/2026 22:19,54,REGULATED_ACTION_STATE,68626,473557,806,86,0,64660,3072,187,1506
73,11/08/2026 22:20,54,REGULATED_ACTION_STATE,67070,494085,833,79,0,63108,3047,187,1489
74,11/08/2026 22:21,54,REGULATED_ACTION_STATE,67677,499372,780,70,0,63745,3081,187,1490
75,11/08/2026 22:22,54,REGULATED_ACTION_STATE,67043,461671,774,69,0,63150,3047,187,1497
76,11/08/2026 22:24,54,REGULATED_ACTION_STATE,67741,493831,767,65,0,63848,3060,187,1500
77,11/08/2026 22:25,54,REGULATED_ACTION_STATE,68770,513959,769,70,0,64806,3123,187,1501
78,11/08/2026 22:26,54,REGULATED_ACTION_STATE,68516,722858,771,67,0,64643,3032,187,1486
79,11/08/2026 22:27,54,REGULATED_ACTION_STATE,67683,518072,769,67,0,63801,3044,187,1477
80,11/08/2026 22:28,54,REGULATED_ACTION_STATE,67930,422151,776,69,0,64009,3072,188,1510
81,11/08/2026 22:29,54,REGULATED_ACTION_STATE,68015,415418,778,71,0,64091,3073,188,1464
82,11/08/2026 22:30,54,REGULATED_ACTION_STATE,68409,447072,781,70,0,64469,3086,187,1491
83,11/08/2026 22:31,54,REGULATED_ACTION_STATE,67587,451701,782,68,0,63708,3026,187,1491
84,11/08/2026 22:33,54,REGULATED_ACTION_STATE,68654,498560,773,67,0,64740,3072,187,1469
85,11/08/2026 22:34,54,REGULATED_ACTION_STATE,68262,703160,776,70,0,64350,3064,187,1457
86,11/08/2026 22:35,54,REGULATED_ACTION_STATE,68669,700991,777,67,0,64657,3165,187,1475
87,11/08/2026 22:36,54,REGULATED_ACTION_STATE,68101,490999,771,67,0,64111,3150,187,1471
88,11/08/2026 22:37,54,REGULATED_ACTION_STATE,68457,445125,816,71,0,64451,3117,187,1471
89,11/08/2026 22:38,54,REGULATED_ACTION_STATE,68170,446655,778,70,0,64096,3223,188,1486
90,11/08/2026 22:39,54,REGULATED_ACTION_STATE,67917,497500,796,64,0,63964,3090,187,1481
91,11/08/2026 22:41,54,REGULATED_ACTION_STATE,68865,491310,772,70,0,64911,3110,187,1496
92,11/08/2026 22:42,54,REGULATED_ACTION_STATE,68170,454403,776,70,0,64257,3064,187,1486
93,11/08/2026 22:43,54,REGULATED_ACTION_STATE,68661,493704,770,68,0,64602,3219,187,1473
94,11/08/2026 22:44,54,REGULATED_ACTION_STATE,68718,473032,788,91,0,64722,3115,187,1467
95,11/08/2026 22:45,54,REGULATED_ACTION_STATE,67985,721175,788,84,0,63974,3137,187,1479
96,11/08/2026 22:46,54,REGULATED_ACTION_STATE,68455,492348,774,70,0,64573,3036,188,1488
97,11/08/2026 22:48,54,REGULATED_ACTION_STATE,68958,500975,773,70,0,65032,3081,187,1607
98,11/08/2026 22:49,54,REGULATED_ACTION_STATE,68630,493721,777,73,0,64605,3173,187,1493
99,11/08/2026 22:50,54,REGULATED_ACTION_STATE,67944,724585,803,83,0,64010,3046,187,1491
100,11/08/2026 22:51,54,REGULATED_ACTION_STATE,67549,518512,766,70,0,63692,3019,187,1459
101,11/08/2026 22:52,54,REGULATED_ACTION_STATE,67694,728156,793,68,0,63694,3137,187,1492
102,11/08/2026 22:53,54,REGULATED_ACTION_STATE,68278,498734,776,69,0,64379,3052,187,1495
103,11/08/2026 22:54,54,REGULATED_ACTION_STATE,67672,480892,767,69,0,63733,3101,187,1544
104,11/08/2026 22:55,54,REGULATED_ACTION_STATE,68212,481675,773,70,0,64221,3147,187,1477
105,11/08/2026 22:57,54,REGULATED_ACTION_STATE,68258,709568,770,67,0,64356,3062,187,1498
106,11/08/2026 22:58,54,REGULATED_ACTION_STATE,68471,728695,854,71,0,64504,3040,187,1538
107,11/08/2026 22:59,54,REGULATED_ACTION_STATE,68405,494150,792,68,0,64476,3067,187,1538
108,11/08/2026 23:00,54,REGULATED_ACTION_STATE,67859,473568,786,70,0,63960,3041,187,1469
109,11/08/2026 23:01,54,REGULATED_ACTION_STATE,67928,491617,785,79,0,63994,3068,187,1465
110,11/08/2026 23:02,54,REGULATED_ACTION_STATE,68040,494638,786,71,0,64119,3062,187,1452
111,11/08/2026 23:03,54,REGULATED_ACTION_STATE,67365,704668,771,68,0,63481,3043,187,1462
112,11/08/2026 23:05,54,REGULATED_ACTION_STATE,68076,497968,824,78,0,64014,3158,187,1450
113,11/08/2026 23:06,54,REGULATED_ACTION_STATE,68722,461276,772,67,0,64728,3152,187,1470
114,11/08/2026 23:07,54,REGULATED_ACTION_STATE,68454,493674,798,64,0,64447,3142,187,1521
115,11/08/2026 23:08,54,REGULATED_ACTION_STATE,68176,439475,833,93,0,64054,3194,187,1472
116,11/08/2026 23:09,54,REGULATED_ACTION_STATE,68193,494423,769,68,0,64247,3106,187,1562
117,11/08/2026 23:10,54,REGULATED_ACTION_STATE,67995,494471,765,59,0,64103,3065,187,1489
118,11/08/2026 23:11,54,REGULATED_ACTION_STATE,68900,702515,769,69,0,64890,3170,187,1472
119,11/08/2026 23:13,54,REGULATED_ACTION_STATE,67338,492305,769,68,0,63432,3066,187,1478
120,11/08/2026 23:14,54,REGULATED_ACTION_STATE,67008,722873,790,86,0,63006,3123,187,1463
121,11/08/2026 23:15,54,REGULATED_ACTION_STATE,67969,498102,771,77,0,64086,3033,187,1471
122,11/08/2026 23:16,54,REGULATED_ACTION_STATE,68234,576536,774,67,0,64312,3079,186,1478
123,11/08/2026 23:17,54,REGULATED_ACTION_STATE,67162,413780,779,67,0,63244,3069,187,1471
124,11/08/2026 23:18,54,REGULATED_ACTION_STATE,68250,487841,811,70,0,64327,3039,187,1491
125,11/08/2026 23:19,54,REGULATED_ACTION_STATE,68117,581586,767,68,0,64271,3009,186,1453
126,11/08/2026 23:21,54,REGULATED_ACTION_STATE,68370,453694,768,66,0,64455,3078,187,1478
127,11/08/2026 23:22,54,REGULATED_ACTION_STATE,68264,454237,767,67,0,64317,3111,187,1457
128,11/08/2026 23:23,54,REGULATED_ACTION_STATE,68232,458431,777,72,0,64228,3153,188,1489
129,11/08/2026 23:24,54,REGULATED_ACTION_STATE,68421,520595,772,69,0,64488,3089,187,1502
130,11/08/2026 23:25,54,REGULATED_ACTION_STATE,68385,480953,774,70,0,64496,3043,187,1523
131,11/08/2026 23:26,54,REGULATED_ACTION_STATE,67958,498511,795,70,0,64014,3077,187,1514
132,11/08/2026 23:27,54,REGULATED_ACTION_STATE,68346,454557,818,85,0,64396,3045,187,1489
133,11/08/2026 23:28,54,REGULATED_ACTION_STATE,67237,474461,784,70,0,63291,3090,187,1445
134,11/08/2026 23:30,54,REGULATED_ACTION_STATE,68748,494302,804,70,0,64741,3131,187,1476
135,11/08/2026 23:31,54,REGULATED_ACTION_STATE,68170,726896,768,73,0,64192,3135,187,1473
136,11/08/2026 23:32,54,REGULATED_ACTION_STATE,67553,494360,781,68,0,63620,3082,187,1511
137,11/08/2026 23:33,54,REGULATED_ACTION_STATE,68410,700802,771,70,0,64425,3143,187,1438
138,11/08/2026 23:34,54,REGULATED_ACTION_STATE,68501,492661,800,87,0,64486,3126,188,1509
139,11/08/2026 23:35,54,REGULATED_ACTION_STATE,67380,479165,839,85,0,63407,3047,187,1544
140,11/08/2026 23:36,54,REGULATED_ACTION_STATE,67009,498134,776,68,0,63052,3111,187,1474
141,11/08/2026 23:38,54,REGULATED_ACTION_STATE,67234,446265,774,93,0,63205,3160,187,1471
142,11/08/2026 23:39,54,REGULATED_ACTION_STATE,67795,493858,770,70,0,63866,3087,187,1482
143,11/08/2026 23:40,54,REGULATED_ACTION_STATE,68376,461101,769,68,0,64428,3109,187,1482
144,11/08/2026 23:41,54,REGULATED_ACTION_STATE,67300,732663,772,68,0,63448,3009,187,1496
145,11/08/2026 23:42,54,REGULATED_ACTION_STATE,67466,498353,771,70,0,63582,3041,187,1504
146,11/08/2026 23:43,54,REGULATED_ACTION_STATE,68153,494099,771,63,0,64261,3056,187,1489
147,11/08/2026 23:44,54,REGULATED_ACTION_STATE,68566,709582,770,70,0,64645,3079,187,1525
148,11/08/2026 23:46,54,REGULATED_ACTION_STATE,67934,487462,772,68,0,64021,3070,187,1471
149,11/08/2026 23:47,54,REGULATED_ACTION_STATE,68042,499054,772,67,0,64153,3047,187,1477
150,11/08/2026 23:48,54,REGULATED_ACTION_STATE,68473,492571,772,68,0,64513,3119,188,1501
151,11/08/2026 23:49,54,REGULATED_ACTION_STATE,67944,461560,813,86,0,63896,3147,187,1477
152,11/08/2026 23:50,54,REGULATED_ACTION_STATE,67616,503147,769,72,0,63728,3045,188,1487
153,11/08/2026 23:51,54,REGULATED_ACTION_STATE,68453,727251,788,69,0,64514,3080,187,1495
154,11/08/2026 23:52,54,REGULATED_ACTION_STATE,67923,493602,785,67,0,64035,3035,187,1491
155,11/08/2026 23:53,54,REGULATED_ACTION_STATE,68166,733648,776,68,0,64235,3086,187,1482
156,11/08/2026 23:55,54,REGULATED_ACTION_STATE,67496,715542,767,68,0,63408,3251,187,1502
157,11/08/2026 23:56,54,REGULATED_ACTION_STATE,68423,460855,776,68,0,64481,3095,187,1486
158,11/08/2026 23:57,54,REGULATED_ACTION_STATE,68454,494162,778,68,0,64467,3138,187,1464
159,11/08/2026 23:58,54,REGULATED_ACTION_STATE,67398,591328,814,69,0,63463,3051,186,1482
160,11/08/2026 23:59,54,REGULATED_ACTION_STATE,68580,447609,769,67,0,64555,3188,187,1517
161,12/08/2026 00:00,54,REGULATED_ACTION_STATE,68218,734506,819,68,0,64217,3111,187,1489
162,12/08/2026 00:01,54,REGULATED_ACTION_STATE,67744,498339,773,69,0,63844,3056,187,1469
163,12/08/2026 00:03,54,REGULATED_ACTION_STATE,68054,729001,773,67,0,64068,3144,187,1503
164,12/08/2026 00:04,54,REGULATED_ACTION_STATE,68152,465734,831,70,0,64177,3071,187,1478
165,12/08/2026 00:05,54,REGULATED_ACTION_STATE,68112,700024,778,67,0,64096,3168,185,1486
166,12/08/2026 00:06,54,REGULATED_ACTION_STATE,68370,462607,812,93,0,64399,3063,187,1494
167,12/08/2026 00:07,54,REGULATED_ACTION_STATE,67602,733718,793,77,0,63661,3069,187,1460
168,12/08/2026 00:08,54,REGULATED_ACTION_STATE,68436,494153,768,69,0,64412,3184,187,1468
169,12/08/2026 00:09,54,REGULATED_ACTION_STATE,68192,494028,778,68,0,64218,3125,187,1473
170,12/08/2026 00:11,54,REGULATED_ACTION_STATE,68254,454381,773,71,0,64340,3068,187,1472
171,12/08/2026 00:12,54,REGULATED_ACTION_STATE,68203,487578,781,70,0,64238,3112,187,1467
172,12/08/2026 00:13,54,REGULATED_ACTION_STATE,68823,453245,769,71,0,64836,3145,188,1488
173,12/08/2026 00:14,54,REGULATED_ACTION_STATE,67958,465436,779,89,0,63960,3128,187,1476
174,12/08/2026 00:15,54,REGULATED_ACTION_STATE,68276,438191,792,70,0,64355,3056,187,1505
175,12/08/2026 00:16,54,REGULATED_ACTION_STATE,67994,501206,775,66,0,64088,3063,187,1452
176,12/08/2026 00:17,54,REGULATED_ACTION_STATE,68217,493902,773,71,0,64344,3026,187,1473
177,12/08/2026 00:19,54,REGULATED_ACTION_STATE,68649,500297,786,68,0,64625,3169,187,1485
178,12/08/2026 00:20,54,REGULATED_ACTION_STATE,68389,493936,779,68,0,64354,3185,187,1471
179,12/08/2026 00:21,54,REGULATED_ACTION_STATE,68463,493859,778,67,0,64579,3038,187,1466
180,12/08/2026 00:22,54,REGULATED_ACTION_STATE,68405,492021,778,68,0,64487,3069,187,1490
181,12/08/2026 00:23,54,REGULATED_ACTION_STATE,68543,465613,776,69,0,64665,3030,187,1460
182,12/08/2026 00:24,54,REGULATED_ACTION_STATE,68117,454529,811,76,0,64063,3164,187,1471
183,12/08/2026 00:25,54,REGULATED_ACTION_STATE,68089,734156,788,68,0,64093,3138,187,1509
184,12/08/2026 00:27,54,REGULATED_ACTION_STATE,68379,500603,824,105,0,64343,3106,187,1461
185,12/08/2026 00:28,54,REGULATED_ACTION_STATE,68447,458845,772,67,0,64554,3051,187,1473
186,12/08/2026 00:29,54,REGULATED_ACTION_STATE,67922,498044,771,62,0,64056,3030,187,1487
187,12/08/2026 00:30,54,REGULATED_ACTION_STATE,67926,471701,766,69,0,64031,3057,187,1436
188,12/08/2026 00:31,54,REGULATED_ACTION_STATE,69054,494101,799,69,0,64951,3232,187,1478
189,12/08/2026 00:32,54,REGULATED_ACTION_STATE,67833,454100,778,69,0,63807,3176,187,1468
190,12/08/2026 00:33,54,REGULATED_ACTION_STATE,68348,461466,798,94,0,64382,3071,187,1480
191,12/08/2026 00:35,54,REGULATED_ACTION_STATE,68669,459612,780,69,0,64677,3140,187,1481
192,12/08/2026 00:36,54,REGULATED_ACTION_STATE,68319,501333,773,66,0,64339,3138,187,1552
193,12/08/2026 00:37,54,REGULATED_ACTION_STATE,68720,467941,770,67,0,64726,3154,187,1479
194,12/08/2026 00:38,54,REGULATED_ACTION_STATE,67532,728350,771,67,0,63634,3057,187,1492
195,12/08/2026 00:39,54,REGULATED_ACTION_STATE,67430,571223,780,68,0,63634,2946,186,1457
196,12/08/2026 00:40,54,REGULATED_ACTION_STATE,68280,494577,769,83,0,64212,3214,187,1473
197,12/08/2026 00:41,54,REGULATED_ACTION_STATE,68026,486051,794,72,0,64120,3038,187,1469
198,12/08/2026 00:43,54,REGULATED_ACTION_STATE,67660,706385,774,68,0,63792,3024,185,1492
199,12/08/2026 00:44,54,REGULATED_ACTION_STATE,68069,461073,799,93,0,64013,3163,187,1438
200,12/08/2026 00:45,54,REGULATED_ACTION_STATE,67986,466443,778,65,0,64105,3036,187,1463
1,12/08/2026 00:50,63,REGULATED_ACTION_STATE,305124,842804,775,75,0,297863,6408,816,7782
2,12/08/2026 00:55,63,REGULATED_ACTION_STATE,311851,807939,808,75,0,304282,6683,820,7731
3,12/08/2026 01:00,63,REGULATED_ACTION_STATE,309385,608696,795,85,0,301802,6700,819,7746
4,12/08/2026 01:05,63,REGULATED_ACTION_STATE,305028,883019,771,74,0,297531,6650,819,7903
5,12/08/2026 01:11,63,REGULATED_ACTION_STATE,314232,734165,774,75,0,306781,6600,820,7733
6,12/08/2026 01:16,63,REGULATED_ACTION_STATE,304711,807619,767,74,0,297066,6803,816,7693
7,12/08/2026 01:21,63,REGULATED_ACTION_STATE,310064,807474,803,90,0,302651,6518,819,7913
8,12/08/2026 01:26,63,REGULATED_ACTION_STATE,308484,719154,769,72,0,301230,6411,817,7854
9,12/08/2026 01:31,63,REGULATED_ACTION_STATE,310657,870424,782,73,0,303238,6562,819,7771
10,12/08/2026 01:36,63,REGULATED_ACTION_STATE,309166,890360,806,78,0,301953,6327,819,7715
11,12/08/2026 01:42,63,REGULATED_ACTION_STATE,311541,833425,772,75,0,304054,6638,816,7885
12,12/08/2026 01:47,63,REGULATED_ACTION_STATE,310223,730006,770,75,0,302557,6819,820,7758
13,12/08/2026 01:52,63,REGULATED_ACTION_STATE,309348,801859,769,74,0,301848,6655,816,7794
14,12/08/2026 01:57,63,REGULATED_ACTION_STATE,309436,861808,773,72,0,301930,6659,818,7947
15,12/08/2026 02:02,63,REGULATED_ACTION_STATE,305500,807425,771,72,0,298009,6646,816,7740
16,12/08/2026 02:07,63,REGULATED_ACTION_STATE,308842,880753,816,96,0,301191,6736,819,7838
17,12/08/2026 02:12,63,REGULATED_ACTION_STATE,307588,767581,773,74,0,300233,6506,817,8116
18,12/08/2026 02:18,63,REGULATED_ACTION_STATE,309063,792983,773,73,0,301593,6622,816,7664
19,12/08/2026 02:23,63,REGULATED_ACTION_STATE,307266,795981,773,74,0,299827,6590,816,7620
20,12/08/2026 02:28,63,REGULATED_ACTION_STATE,314854,842530,774,74,0,307402,6602,816,7750
21,12/08/2026 02:33,63,REGULATED_ACTION_STATE,308683,913394,770,74,0,301223,6614,815,7877
22,12/08/2026 02:38,63,REGULATED_ACTION_STATE,312266,826649,764,66,0,304943,6491,816,8136
23,12/08/2026 02:44,63,REGULATED_ACTION_STATE,309951,797475,780,92,0,302434,6643,816,7803
24,12/08/2026 02:49,63,REGULATED_ACTION_STATE,307956,801867,769,72,0,300538,6575,816,7687
25,12/08/2026 02:54,63,REGULATED_ACTION_STATE,310223,801974,775,71,0,302560,6814,816,7803
26,12/08/2026 02:59,63,REGULATED_ACTION_STATE,311516,795733,780,74,0,303956,6703,816,7705
27,12/08/2026 03:04,63,REGULATED_ACTION_STATE,303877,877333,781,72,0,296257,6765,815,7611
28,12/08/2026 03:09,63,REGULATED_ACTION_STATE,310528,711155,774,73,0,303287,6393,818,7483
29,12/08/2026 03:14,63,REGULATED_ACTION_STATE,310938,776781,776,79,0,303433,6647,817,8057
30,12/08/2026 03:20,63,REGULATED_ACTION_STATE,308832,802332,773,75,0,301373,6609,816,7677
31,12/08/2026 03:25,63,REGULATED_ACTION_STATE,312254,809574,769,72,0,304811,6599,816,7868
32,12/08/2026 03:30,63,REGULATED_ACTION_STATE,307839,707904,774,75,0,300302,6686,817,7781
33,12/08/2026 03:35,63,REGULATED_ACTION_STATE,312679,795120,830,75,0,305091,6680,816,7856
34,12/08/2026 03:40,63,REGULATED_ACTION_STATE,307785,615620,777,72,0,300485,6448,819,8166
35,12/08/2026 03:45,63,REGULATED_ACTION_STATE,305489,796413,772,76,0,297984,6655,816,7839
36,12/08/2026 03:51,63,REGULATED_ACTION_STATE,305673,814059,776,73,0,298268,6553,816,7803
37,12/08/2026 03:56,63,REGULATED_ACTION_STATE,308098,878748,776,75,0,300592,6653,818,7833
38,12/08/2026 04:01,63,REGULATED_ACTION_STATE,309657,783120,777,66,0,302162,6649,816,7794
39,12/08/2026 04:06,63,REGULATED_ACTION_STATE,311838,703031,772,75,0,304304,6685,817,7840
40,12/08/2026 04:11,63,REGULATED_ACTION_STATE,315543,781590,772,72,0,308093,6605,816,7823
41,12/08/2026 04:16,63,REGULATED_ACTION_STATE,310032,616900,776,75,0,302557,6621,819,7876
42,12/08/2026 04:22,63,REGULATED_ACTION_STATE,311464,889695,805,75,0,304016,6566,819,7693
43,12/08/2026 04:27,63,REGULATED_ACTION_STATE,310814,814032,780,106,0,303342,6583,818,7919
44,12/08/2026 04:32,63,REGULATED_ACTION_STATE,312523,827708,836,97,0,304934,6654,816,7713
45,12/08/2026 04:37,63,REGULATED_ACTION_STATE,309181,894693,785,104,0,301539,6750,819,7957
46,12/08/2026 04:42,63,REGULATED_ACTION_STATE,309155,802852,774,74,0,301541,6763,816,7613
47,12/08/2026 04:47,63,REGULATED_ACTION_STATE,308135,903819,778,72,0,300844,6439,816,7814
48,12/08/2026 04:53,63,REGULATED_ACTION_STATE,311353,885586,772,66,0,303875,6638,819,7948
49,12/08/2026 04:58,63,REGULATED_ACTION_STATE,308821,891126,778,75,0,301264,6702,819,7857
50,12/08/2026 05:03,63,REGULATED_ACTION_STATE,306815,790413,776,75,0,299388,6574,812,7745
51,12/08/2026 05:08,63,REGULATED_ACTION_STATE,309115,674204,773,75,0,301775,6489,816,7677
52,12/08/2026 05:13,63,REGULATED_ACTION_STATE,305264,848099,774,74,0,297856,6557,816,8056
53,12/08/2026 05:18,63,REGULATED_ACTION_STATE,307559,717835,780,75,0,300309,6393,817,8103
54,12/08/2026 05:24,63,REGULATED_ACTION_STATE,310432,877853,770,73,0,303215,6372,819,8105
55,12/08/2026 05:29,63,REGULATED_ACTION_STATE,306688,801540,777,73,0,299198,6637,816,8048
56,12/08/2026 05:34,63,REGULATED_ACTION_STATE,310319,630142,779,69,0,302804,6665,819,7456
57,12/08/2026 05:39,63,REGULATED_ACTION_STATE,309238,796191,777,76,0,301731,6652,816,7732
58,12/08/2026 05:44,63,REGULATED_ACTION_STATE,306798,776674,779,74,0,299409,6534,817,7724
59,12/08/2026 05:49,63,REGULATED_ACTION_STATE,302311,826985,795,97,0,295094,6323,818,7775
60,12/08/2026 05:54,63,REGULATED_ACTION_STATE,308808,795758,771,75,0,301488,6472,816,7608
61,12/08/2026 05:59,63,REGULATED_ACTION_STATE,307655,878331,776,73,0,300213,6591,819,8287
62,12/08/2026 06:05,63,REGULATED_ACTION_STATE,310168,727048,796,74,0,302845,6450,820,7722
63,12/08/2026 06:10,63,REGULATED_ACTION_STATE,312772,894696,803,73,0,305131,6763,819,7807
64,12/08/2026 06:15,63,REGULATED_ACTION_STATE,309962,815570,772,73,0,302623,6491,816,7655
65,12/08/2026 06:20,63,REGULATED_ACTION_STATE,312706,881068,765,74,0,305228,6637,819,8063
66,12/08/2026 06:25,63,REGULATED_ACTION_STATE,306304,802353,808,84,0,298914,6496,816,7856
67,12/08/2026 06:30,63,REGULATED_ACTION_STATE,308935,801312,787,82,0,301451,6612,816,7826
68,12/08/2026 06:36,63,REGULATED_ACTION_STATE,309451,632002,799,88,0,302083,6479,819,7895
69,12/08/2026 06:41,63,REGULATED_ACTION_STATE,309900,730786,780,72,0,302364,6681,816,7564
70,12/08/2026 06:46,63,REGULATED_ACTION_STATE,312942,800182,774,75,0,305389,6702,818,7737
71,12/08/2026 06:51,63,REGULATED_ACTION_STATE,306092,833588,771,72,0,298466,6780,816,7824
72,12/08/2026 06:56,63,REGULATED_ACTION_STATE,309809,801734,773,75,0,302203,6755,816,7925
73,12/08/2026 07:01,63,REGULATED_ACTION_STATE,305821,795927,772,72,0,298297,6678,816,7746
74,12/08/2026 07:06,63,REGULATED_ACTION_STATE,305789,807490,784,73,0,298231,6700,816,7634
75,12/08/2026 07:12,63,REGULATED_ACTION_STATE,307326,794931,771,72,0,299841,6639,816,7751
76,12/08/2026 07:17,63,REGULATED_ACTION_STATE,307170,609960,808,100,0,299641,6619,816,7860
77,12/08/2026 07:22,63,REGULATED_ACTION_STATE,310617,800757,775,75,0,303074,6692,816,7679
78,12/08/2026 07:27,63,REGULATED_ACTION_STATE,308467,783490,771,75,0,300952,6667,816,7929
79,12/08/2026 07:32,63,REGULATED_ACTION_STATE,304444,814113,779,77,0,296910,6677,816,7864
80,12/08/2026 07:37,63,REGULATED_ACTION_STATE,305087,671153,770,74,0,297647,6593,817,7629
81,12/08/2026 07:42,63,REGULATED_ACTION_STATE,307722,874645,785,76,0,300309,6550,818,7739
82,12/08/2026 07:48,63,REGULATED_ACTION_STATE,311669,650284,772,72,0,304315,6509,819,7696
83,12/08/2026 07:53,63,REGULATED_ACTION_STATE,313715,688234,786,74,0,306225,6627,820,7728
84,12/08/2026 07:58,63,REGULATED_ACTION_STATE,309608,788355,769,75,0,302304,6459,816,7783
85,12/08/2026 08:03,63,REGULATED_ACTION_STATE,309735,782748,780,75,0,302187,6691,816,7800
86,12/08/2026 08:08,63,REGULATED_ACTION_STATE,308205,794063,773,74,0,300818,6538,816,7633
87,12/08/2026 08:13,63,REGULATED_ACTION_STATE,306518,788872,772,72,0,298997,6676,818,7849
88,12/08/2026 08:18,63,REGULATED_ACTION_STATE,302741,801398,787,87,0,295239,6624,816,7674
89,12/08/2026 08:24,63,REGULATED_ACTION_STATE,309148,806775,773,72,0,301816,6485,816,7745
90,12/08/2026 08:29,63,REGULATED_ACTION_STATE,311537,732306,777,74,0,304034,6650,820,7760
91,12/08/2026 08:34,63,REGULATED_ACTION_STATE,306961,806232,774,74,0,299367,6744,816,7893
92,12/08/2026 08:39,63,REGULATED_ACTION_STATE,308295,812686,775,74,0,300808,6636,816,7881
93,12/08/2026 08:44,63,REGULATED_ACTION_STATE,310666,895972,771,74,0,303332,6488,819,7848
94,12/08/2026 08:49,63,REGULATED_ACTION_STATE,308479,801637,815,84,0,300951,6628,816,7694
95,12/08/2026 08:55,63,REGULATED_ACTION_STATE,311142,712780,801,72,0,303610,6656,820,7883
96,12/08/2026 09:00,63,REGULATED_ACTION_STATE,308053,809502,775,73,0,300626,6577,815,7647
97,12/08/2026 09:05,63,REGULATED_ACTION_STATE,309686,879807,775,75,0,302178,6656,815,7854
98,12/08/2026 09:10,63,REGULATED_ACTION_STATE,311125,796422,768,73,0,303844,6437,816,7765
99,12/08/2026 09:15,63,REGULATED_ACTION_STATE,311380,795994,765,73,0,303904,6636,816,7893
100,12/08/2026 09:20,63,REGULATED_ACTION_STATE,310821,885665,777,76,0,303299,6666,818,7671
101,12/08/2026 09:26,63,REGULATED_ACTION_STATE,310881,719742,825,101,0,303364,6589,819,7871
102,12/08/2026 09:31,63,REGULATED_ACTION_STATE,305832,820312,771,72,0,298357,6629,816,7864
103,12/08/2026 09:36,63,REGULATED_ACTION_STATE,312442,784764,813,90,0,304905,6632,816,7916
104,12/08/2026 09:41,63,REGULATED_ACTION_STATE,310547,606691,780,113,0,303001,6651,822,7678
105,12/08/2026 09:46,63,REGULATED_ACTION_STATE,309199,597502,807,72,0,301670,6648,817,7649
106,12/08/2026 09:51,63,REGULATED_ACTION_STATE,309081,709356,785,75,0,301531,6687,811,7610
107,12/08/2026 09:57,63,REGULATED_ACTION_STATE,310293,678448,774,72,0,302845,6599,815,8072
108,12/08/2026 10:02,63,REGULATED_ACTION_STATE,306436,770113,775,74,0,299009,6575,816,7743
109,12/08/2026 10:07,63,REGULATED_ACTION_STATE,305710,812671,774,75,0,298195,6664,816,7667
110,12/08/2026 10:12,63,REGULATED_ACTION_STATE,311435,849180,768,73,0,303912,6680,816,7809
111,12/08/2026 10:17,63,REGULATED_ACTION_STATE,308747,812872,772,72,0,301219,6682,816,7832
112,12/08/2026 10:22,63,REGULATED_ACTION_STATE,311543,803277,775,75,0,304230,6461,816,7851
113,12/08/2026 10:28,63,REGULATED_ACTION_STATE,311322,814396,837,80,0,303725,6677,816,7849
114,12/08/2026 10:33,63,REGULATED_ACTION_STATE,311362,796170,775,75,0,303842,6666,816,7927
115,12/08/2026 10:38,63,REGULATED_ACTION_STATE,309853,701281,851,74,0,302410,6515,818,7708
116,12/08/2026 10:43,63,REGULATED_ACTION_STATE,313645,744518,784,85,0,306177,6597,820,7660
117,12/08/2026 10:48,63,REGULATED_ACTION_STATE,310688,809413,839,100,0,303077,6670,816,7764
118,12/08/2026 10:53,63,REGULATED_ACTION_STATE,309399,721170,773,73,0,301948,6603,817,8209
119,12/08/2026 10:59,63,REGULATED_ACTION_STATE,309365,670845,770,73,0,301872,6647,817,7851
120,12/08/2026 11:04,63,REGULATED_ACTION_STATE,309456,762551,775,69,0,301907,6704,817,7710
121,12/08/2026 11:09,63,REGULATED_ACTION_STATE,308952,848672,781,75,0,301638,6457,816,7795
122,12/08/2026 11:14,63,REGULATED_ACTION_STATE,309477,807337,771,72,0,301948,6684,816,7846
123,12/08/2026 11:19,63,REGULATED_ACTION_STATE,305966,793554,808,71,0,298453,6631,816,7665
124,12/08/2026 11:24,63,REGULATED_ACTION_STATE,310765,849011,776,73,0,303409,6505,816,7666
125,12/08/2026 11:30,63,REGULATED_ACTION_STATE,310316,896702,766,72,0,302921,6554,819,7852
126,12/08/2026 11:35,63,REGULATED_ACTION_STATE,308577,756034,772,74,0,301252,6476,816,7755
127,12/08/2026 11:40,63,REGULATED_ACTION_STATE,311814,876538,813,73,0,304415,6512,819,7908
128,12/08/2026 11:45,63,REGULATED_ACTION_STATE,310805,820543,771,75,0,303374,6583,818,7648
129,12/08/2026 11:50,63,REGULATED_ACTION_STATE,309307,826563,772,75,0,301649,6807,816,7734
130,12/08/2026 11:55,63,REGULATED_ACTION_STATE,307883,672063,772,93,0,300525,6491,816,7587
131,12/08/2026 12:01,63,REGULATED_ACTION_STATE,310552,875353,772,91,0,302979,6708,818,7760
132,12/08/2026 12:06,63,REGULATED_ACTION_STATE,309302,796048,809,91,0,301898,6501,818,7660
133,12/08/2026 12:11,63,REGULATED_ACTION_STATE,305301,807569,782,74,0,297784,6660,816,7648
134,12/08/2026 12:16,63,REGULATED_ACTION_STATE,306484,811715,773,73,0,299060,6577,816,7718
135,12/08/2026 12:21,63,REGULATED_ACTION_STATE,309786,787947,767,73,0,302309,6634,816,7838
136,12/08/2026 12:26,63,REGULATED_ACTION_STATE,311136,619630,776,76,0,303481,6800,819,8219
137,12/08/2026 12:31,63,REGULATED_ACTION_STATE,306222,867060,818,89,0,298648,6664,816,7911
138,12/08/2026 12:37,63,REGULATED_ACTION_STATE,311129,634038,771,74,0,303724,6558,819,8345
139,12/08/2026 12:42,63,REGULATED_ACTION_STATE,311012,891690,795,91,0,303443,6680,819,7689
140,12/08/2026 12:47,63,REGULATED_ACTION_STATE,309918,679996,830,95,0,302387,6605,819,7951
141,12/08/2026 12:52,63,REGULATED_ACTION_STATE,310749,694417,819,78,0,303185,6665,817,7911
142,12/08/2026 12:57,63,REGULATED_ACTION_STATE,313654,782354,781,73,0,306033,6765,818,7805
143,12/08/2026 13:03,63,REGULATED_ACTION_STATE,311437,875913,769,72,0,303940,6654,819,7744
144,12/08/2026 13:08,63,REGULATED_ACTION_STATE,307909,783939,776,73,0,300643,6415,817,7624
145,12/08/2026 13:13,63,REGULATED_ACTION_STATE,311911,717607,777,72,0,304364,6695,817,7895
146,12/08/2026 13:18,63,REGULATED_ACTION_STATE,306344,644593,782,74,0,299074,6412,817,8057
147,12/08/2026 13:23,63,REGULATED_ACTION_STATE,311121,813790,777,72,0,303579,6691,816,7679
148,12/08/2026 13:28,63,REGULATED_ACTION_STATE,310380,835314,810,89,0,303068,6410,816,7776
149,12/08/2026 13:34,63,REGULATED_ACTION_STATE,307990,812965,781,73,0,300493,6642,816,7642
150,12/08/2026 13:39,63,REGULATED_ACTION_STATE,310054,782102,768,73,0,302588,6623,818,7717
151,12/08/2026 13:44,63,REGULATED_ACTION_STATE,308702,796476,827,89,0,301096,6688,818,7880
152,12/08/2026 13:49,63,REGULATED_ACTION_STATE,309884,802280,815,91,0,302351,6625,816,7997
153,12/08/2026 13:54,63,REGULATED_ACTION_STATE,312818,869173,771,75,0,305296,6674,820,7860
154,12/08/2026 13:59,63,REGULATED_ACTION_STATE,313576,806142,834,91,0,305970,6678,816,7781
155,12/08/2026 14:05,63,REGULATED_ACTION_STATE,309433,801964,767,76,0,301946,6642,816,7640
156,12/08/2026 14:10,63,REGULATED_ACTION_STATE,311882,751212,781,106,0,304423,6571,811,7654
157,12/08/2026 14:15,63,REGULATED_ACTION_STATE,308836,801200,795,72,0,301439,6528,816,7669
158,12/08/2026 14:20,63,REGULATED_ACTION_STATE,310022,773123,773,72,0,302737,6437,815,7924
159,12/08/2026 14:25,63,REGULATED_ACTION_STATE,309417,796603,772,67,0,302173,6403,816,8040
160,12/08/2026 14:30,63,REGULATED_ACTION_STATE,307742,854229,777,72,0,300433,6458,816,7920
161,12/08/2026 14:35,63,REGULATED_ACTION_STATE,302076,637124,769,72,0,294599,6633,817,7933
162,12/08/2026 14:41,63,REGULATED_ACTION_STATE,306932,795589,836,91,0,299373,6630,816,7688
163,12/08/2026 14:46,63,REGULATED_ACTION_STATE,314017,697316,771,68,0,306624,6553,817,7697
164,12/08/2026 14:51,63,REGULATED_ACTION_STATE,309024,789733,775,73,0,301514,6659,816,7705
165,12/08/2026 14:56,63,REGULATED_ACTION_STATE,308979,801411,776,79,0,301432,6689,816,7817
166,12/08/2026 15:01,63,REGULATED_ACTION_STATE,313452,801881,777,66,0,305893,6713,816,7795
167,12/08/2026 15:07,63,REGULATED_ACTION_STATE,311546,795693,774,75,0,304040,6655,816,8363
168,12/08/2026 15:12,63,REGULATED_ACTION_STATE,307485,871483,780,73,0,299908,6722,816,7816
169,12/08/2026 15:17,63,REGULATED_ACTION_STATE,305357,796672,777,73,0,298009,6495,816,7300
170,12/08/2026 15:22,63,REGULATED_ACTION_STATE,311360,801874,814,84,0,303839,6620,816,7694
171,12/08/2026 15:27,63,REGULATED_ACTION_STATE,306832,796854,807,92,0,299233,6698,816,7850
172,12/08/2026 15:32,63,REGULATED_ACTION_STATE,309569,839168,802,74,0,302195,6496,819,7998
173,12/08/2026 15:37,63,REGULATED_ACTION_STATE,305192,779069,792,97,0,297739,6562,811,7787
174,12/08/2026 15:42,63,REGULATED_ACTION_STATE,305735,841704,765,73,0,298270,6624,819,7729
175,12/08/2026 15:48,63,REGULATED_ACTION_STATE,307711,854315,773,66,0,300179,6691,816,7690
176,12/08/2026 15:53,63,REGULATED_ACTION_STATE,309797,860179,770,72,0,302287,6666,816,7748
177,12/08/2026 15:58,63,REGULATED_ACTION_STATE,307985,686492,767,74,0,300479,6664,817,7645
178,12/08/2026 16:03,63,REGULATED_ACTION_STATE,307903,881549,772,74,0,300436,6618,819,7931
179,12/08/2026 16:08,63,REGULATED_ACTION_STATE,312043,810198,781,75,0,304496,6689,816,7781
180,12/08/2026 16:13,63,REGULATED_ACTION_STATE,302651,807521,826,79,0,295099,6645,816,7851
181,12/08/2026 16:18,63,REGULATED_ACTION_STATE,309417,793691,773,72,0,301843,6727,816,7962
182,12/08/2026 16:24,63,REGULATED_ACTION_STATE,310529,678535,778,86,0,302992,6671,819,7857
183,12/08/2026 16:29,63,REGULATED_ACTION_STATE,304393,670061,769,75,0,296917,6630,817,7814
184,12/08/2026 16:34,63,REGULATED_ACTION_STATE,306520,828942,767,73,0,299075,6603,816,7888
185,12/08/2026 16:39,63,REGULATED_ACTION_STATE,309974,632403,777,75,0,302424,6695,819,7665
186,12/08/2026 16:44,63,REGULATED_ACTION_STATE,314290,629100,770,72,0,307098,6347,811,7617
187,12/08/2026 16:49,63,REGULATED_ACTION_STATE,305177,796356,785,94,0,297942,6353,816,7816
188,12/08/2026 16:54,63,REGULATED_ACTION_STATE,309064,803004,830,76,0,301702,6454,816,7803
189,12/08/2026 17:00,63,REGULATED_ACTION_STATE,302949,820987,824,94,0,295259,6768,816,7742
190,12/08/2026 17:05,63,REGULATED_ACTION_STATE,311297,847479,826,89,0,303701,6679,815,7714
191,12/08/2026 17:10,63,REGULATED_ACTION_STATE,308246,884433,780,92,0,300732,6640,815,7699
192,12/08/2026 17:15,63,REGULATED_ACTION_STATE,311212,823533,776,72,0,303575,6788,820,7681
193,12/08/2026 17:20,63,REGULATED_ACTION_STATE,307238,814164,773,71,0,299783,6609,816,7636
194,12/08/2026 17:25,63,REGULATED_ACTION_STATE,307771,800932,774,72,0,300255,6667,816,7610
195,12/08/2026 17:30,63,REGULATED_ACTION_STATE,306408,783458,779,73,0,298983,6571,816,7679
196,12/08/2026 17:36,63,REGULATED_ACTION_STATE,305091,842893,779,76,0,297832,6401,816,7584
197,12/08/2026 17:41,63,REGULATED_ACTION_STATE,307016,809621,772,91,0,299482,6668,816,7764
198,12/08/2026 17:46,63,REGULATED_ACTION_STATE,311432,661640,840,81,0,304114,6394,819,7909
199,12/08/2026 17:51,63,REGULATED_ACTION_STATE,311335,809467,770,75,0,304025,6463,816,7688
200,12/08/2026 17:56,63,REGULATED_ACTION_STATE,307974,782831,774,74,0,300363,6761,816,7874
1,12/08/2026 18:12,72,REGULATED_ACTION_STATE,960342,438376,769,78,0,948001,11493,2752,26731
2,12/08/2026 18:28,72,REGULATED_ACTION_STATE,960474,559285,782,80,0,947563,12047,2751,26889
3,12/08/2026 18:44,72,REGULATED_ACTION_STATE,965105,809528,767,80,0,952473,11783,2751,26897
4,12/08/2026 19:00,72,REGULATED_ACTION_STATE,952883,741992,778,79,0,940567,11456,2751,26957
5,12/08/2026 19:16,72,REGULATED_ACTION_STATE,968943,446225,774,74,0,956594,11499,2752,27033
6,12/08/2026 19:32,72,REGULATED_ACTION_STATE,961592,483746,770,78,0,948839,11902,2748,26882
7,12/08/2026 19:48,72,REGULATED_ACTION_STATE,941256,586602,825,118,0,928777,11533,2752,26799
8,12/08/2026 20:04,72,REGULATED_ACTION_STATE,962351,732990,806,80,0,949934,11530,2749,26992
9,12/08/2026 20:20,72,REGULATED_ACTION_STATE,971762,668830,798,81,0,959106,11774,2771,26679
10,12/08/2026 20:36,72,REGULATED_ACTION_STATE,957512,553640,782,78,0,944820,11830,2751,26858
11,12/08/2026 20:52,72,REGULATED_ACTION_STATE,948702,674569,770,79,0,936018,11832,2752,26759
12,12/08/2026 21:08,72,REGULATED_ACTION_STATE,959883,495232,768,81,0,946995,12036,2751,26944
13,12/08/2026 21:24,72,REGULATED_ACTION_STATE,957088,671333,785,78,0,944646,11576,2751,26858
14,12/08/2026 21:40,72,REGULATED_ACTION_STATE,963733,808640,770,80,0,951069,11811,2753,27057
15,12/08/2026 21:56,72,REGULATED_ACTION_STATE,963324,704913,831,77,0,950888,11525,2748,26707
16,12/08/2026 22:12,72,REGULATED_ACTION_STATE,969685,669806,773,80,0,956788,12042,2752,26737
17,12/08/2026 22:28,72,REGULATED_ACTION_STATE,960109,492706,778,78,0,947380,11872,2752,27060
18,12/08/2026 22:44,72,REGULATED_ACTION_STATE,963229,454146,782,78,0,950549,11819,2753,27008
19,12/08/2026 23:00,72,REGULATED_ACTION_STATE,954009,835379,772,73,0,941680,11482,2752,27108
20,12/08/2026 23:16,72,REGULATED_ACTION_STATE,964469,712578,772,79,0,951836,11780,2750,26941
21,12/08/2026 23:32,72,REGULATED_ACTION_STATE,959812,482345,834,121,0,947252,11603,2752,26854
22,12/08/2026 23:48,72,REGULATED_ACTION_STATE,951591,615404,815,108,0,938794,11873,2770,26982
23,13/08/2026 00:04,72,REGULATED_ACTION_STATE,961685,714169,824,90,0,948798,11970,2752,26581
24,13/08/2026 00:20,72,REGULATED_ACTION_STATE,968737,546613,784,73,0,956082,11795,2752,26979
25,13/08/2026 00:37,72,REGULATED_ACTION_STATE,965081,748984,770,77,0,952408,11824,2752,27050
26,13/08/2026 00:53,72,REGULATED_ACTION_STATE,964939,657607,791,71,0,952546,11529,2752,26971
27,13/08/2026 01:09,72,REGULATED_ACTION_STATE,964543,453775,772,83,0,951675,12011,2752,26831
28,13/08/2026 01:25,72,REGULATED_ACTION_STATE,964854,494088,776,78,0,952413,11584,2753,26943
29,13/08/2026 01:41,72,REGULATED_ACTION_STATE,966628,407344,781,81,0,954036,11728,2752,27413
30,13/08/2026 01:57,72,REGULATED_ACTION_STATE,961904,670824,781,79,0,949506,11535,2751,27062
31,13/08/2026 02:13,72,REGULATED_ACTION_STATE,964746,426200,785,119,0,952132,11709,2753,27117
32,13/08/2026 02:29,72,REGULATED_ACTION_STATE,961743,726141,774,80,0,949326,11561,2751,27093
33,13/08/2026 02:45,72,REGULATED_ACTION_STATE,955682,536962,774,78,0,943225,11602,2752,26833
34,13/08/2026 03:01,72,REGULATED_ACTION_STATE,959430,414411,772,79,0,947050,11528,2753,26927
35,13/08/2026 03:17,72,REGULATED_ACTION_STATE,966219,536553,833,78,0,953343,11963,2753,26884
36,13/08/2026 03:33,72,REGULATED_ACTION_STATE,959026,419649,822,97,0,946245,11860,2753,26897
37,13/08/2026 03:49,72,REGULATED_ACTION_STATE,971554,442417,780,80,0,958959,11733,2751,27320
38,13/08/2026 04:05,72,REGULATED_ACTION_STATE,963478,536400,779,82,0,950733,11882,2751,26813
39,13/08/2026 04:21,72,REGULATED_ACTION_STATE,954735,692089,773,81,0,942014,11864,2737,26635
40,13/08/2026 04:37,72,REGULATED_ACTION_STATE,951510,416500,789,90,0,939128,11501,2752,27267
41,13/08/2026 04:53,72,REGULATED_ACTION_STATE,962798,528507,777,80,0,950326,11611,2752,27112
42,13/08/2026 05:09,72,REGULATED_ACTION_STATE,965878,426725,762,65,0,953297,11751,2751,27105
43,13/08/2026 05:25,72,REGULATED_ACTION_STATE,955413,752936,769,78,0,942931,11633,2747,27060
44,13/08/2026 05:41,72,REGULATED_ACTION_STATE,965443,742090,772,81,0,953034,11554,2766,27054
45,13/08/2026 05:57,72,REGULATED_ACTION_STATE,955703,425647,771,78,0,942981,11871,2752,26990
46,13/08/2026 06:13,72,REGULATED_ACTION_STATE,964926,436812,771,80,0,951959,12114,2753,26934
47,13/08/2026 06:29,72,REGULATED_ACTION_STATE,965783,498219,771,78,0,953099,11834,2752,26763
48,13/08/2026 06:46,72,REGULATED_ACTION_STATE,965064,689454,774,78,0,952462,11748,2748,27271
49,13/08/2026 07:02,72,REGULATED_ACTION_STATE,964785,638268,773,78,0,952213,11719,2771,26814
50,13/08/2026 07:17,72,REGULATED_ACTION_STATE,939670,587507,799,90,0,927133,11645,2751,26819
51,13/08/2026 07:33,72,REGULATED_ACTION_STATE,952816,446056,782,78,0,940023,11931,2753,26881
52,13/08/2026 07:49,72,REGULATED_ACTION_STATE,968594,738107,771,77,0,955924,11820,2748,27105
53,13/08/2026 08:05,72,REGULATED_ACTION_STATE,968615,537568,777,81,0,955647,12108,2752,26681
54,13/08/2026 08:22,72,REGULATED_ACTION_STATE,965478,570019,775,79,0,952546,12075,2756,26852
55,13/08/2026 08:38,72,REGULATED_ACTION_STATE,961730,697968,777,80,0,949012,11860,2751,26684
56,13/08/2026 08:54,72,REGULATED_ACTION_STATE,968129,676432,767,80,0,955353,11926,2748,26817
57,13/08/2026 09:10,72,REGULATED_ACTION_STATE,965613,717546,773,78,0,952970,11790,2752,26941
58,13/08/2026 09:26,72,REGULATED_ACTION_STATE,965115,417194,773,73,0,952769,11498,2752,26791
59,13/08/2026 09:42,72,REGULATED_ACTION_STATE,957692,426792,776,81,0,945262,11570,2752,26964
60,13/08/2026 09:58,72,REGULATED_ACTION_STATE,957349,467670,786,89,0,944839,11633,2752,26842
61,13/08/2026 10:14,72,REGULATED_ACTION_STATE,974689,443123,803,80,0,961774,12030,2752,26789
62,13/08/2026 10:30,72,REGULATED_ACTION_STATE,961178,532788,780,78,0,948815,11503,2752,26705
63,13/08/2026 10:46,72,REGULATED_ACTION_STATE,961113,443736,829,100,0,948331,11851,2752,27198
64,13/08/2026 11:02,72,REGULATED_ACTION_STATE,963681,646173,769,78,0,951260,11571,2752,26640
65,13/08/2026 11:18,72,REGULATED_ACTION_STATE,956577,573463,784,83,0,944071,11636,2751,26753
66,13/08/2026 11:34,72,REGULATED_ACTION_STATE,962377,594148,775,80,0,950056,11463,2752,26947
67,13/08/2026 11:50,72,REGULATED_ACTION_STATE,967130,712876,785,81,0,954488,11774,2771,26822
68,13/08/2026 12:06,72,REGULATED_ACTION_STATE,964463,512047,834,80,0,951744,11803,2752,27006
69,13/08/2026 12:22,72,REGULATED_ACTION_STATE,954848,513111,769,78,0,942455,11544,2752,26790
70,13/08/2026 12:38,72,REGULATED_ACTION_STATE,963551,556800,767,77,0,951179,11527,2752,26748
71,13/08/2026 12:54,72,REGULATED_ACTION_STATE,957006,422208,786,81,0,944567,11570,2752,26824
72,13/08/2026 13:10,72,REGULATED_ACTION_STATE,962890,442967,771,79,0,950298,11741,2751,27054
73,13/08/2026 13:27,72,REGULATED_ACTION_STATE,968014,743277,790,79,0,955049,12095,2748,26994
74,13/08/2026 13:43,72,REGULATED_ACTION_STATE,966537,581317,767,80,0,953943,11745,2752,26993
75,13/08/2026 13:58,72,REGULATED_ACTION_STATE,951245,527768,769,71,0,938904,11499,2752,26709
76,13/08/2026 14:15,72,REGULATED_ACTION_STATE,971968,540952,806,99,0,959264,11796,2751,26933
77,13/08/2026 14:31,72,REGULATED_ACTION_STATE,961907,555609,768,78,0,949136,11923,2752,26690
78,13/08/2026 14:47,72,REGULATED_ACTION_STATE,964948,521097,772,82,0,952424,11667,2752,26916
79,13/08/2026 15:03,72,REGULATED_ACTION_STATE,953290,405449,776,78,0,940965,11469,2752,26913
80,13/08/2026 15:19,72,REGULATED_ACTION_STATE,966079,493610,773,80,0,953633,11591,2752,27015
81,13/08/2026 15:35,72,REGULATED_ACTION_STATE,965474,758383,769,79,0,953103,11521,2751,26928
82,13/08/2026 15:51,72,REGULATED_ACTION_STATE,978408,690659,780,80,0,965632,11912,2752,26793
83,13/08/2026 16:07,72,REGULATED_ACTION_STATE,964941,759240,772,73,0,952637,11456,2752,26909
84,13/08/2026 16:23,72,REGULATED_ACTION_STATE,961428,478193,770,79,0,949047,11530,2748,26923
85,13/08/2026 16:39,72,REGULATED_ACTION_STATE,969434,545718,777,78,0,956484,12093,2752,26978
86,13/08/2026 16:56,72,REGULATED_ACTION_STATE,964433,434515,781,98,0,951501,12051,2751,26962
87,13/08/2026 17:12,72,REGULATED_ACTION_STATE,962168,589848,783,80,0,949777,11525,2751,27129
88,13/08/2026 17:28,72,REGULATED_ACTION_STATE,985217,589677,778,85,0,972762,11589,2752,26884
89,13/08/2026 17:44,72,REGULATED_ACTION_STATE,958938,569891,778,88,0,946150,11920,2752,26909
90,13/08/2026 18:00,72,REGULATED_ACTION_STATE,967615,471691,851,89,0,954820,11851,2752,26813
91,13/08/2026 18:16,72,REGULATED_ACTION_STATE,964504,655429,769,78,0,951840,11814,2751,26972
92,13/08/2026 18:32,72,REGULATED_ACTION_STATE,945057,513758,780,73,0,932717,11484,2752,26989
93,13/08/2026 18:48,72,REGULATED_ACTION_STATE,961489,691985,774,85,0,948794,11834,2752,26951
94,13/08/2026 19:04,72,REGULATED_ACTION_STATE,962365,490392,776,97,0,949686,11804,2752,26988
95,13/08/2026 19:20,72,REGULATED_ACTION_STATE,954546,579735,786,100,0,942094,11564,2751,26831
96,13/08/2026 19:36,72,REGULATED_ACTION_STATE,960049,667341,821,118,0,947498,11609,2771,26928
97,13/08/2026 19:52,72,REGULATED_ACTION_STATE,969641,461229,833,89,0,956850,11867,2753,27084
98,13/08/2026 20:08,72,REGULATED_ACTION_STATE,964273,714049,790,72,0,951642,11767,2752,26780
99,13/08/2026 20:24,72,REGULATED_ACTION_STATE,964962,625148,789,80,0,952256,11834,2752,26805
100,13/08/2026 20:40,72,REGULATED_ACTION_STATE,967018,543925,768,77,0,954344,11827,2751,26958
101,13/08/2026 20:57,72,REGULATED_ACTION_STATE,970977,469727,779,73,0,958201,11923,2752,26701
102,13/08/2026 21:13,72,REGULATED_ACTION_STATE,957022,677097,772,78,0,944385,11785,2744,26900
103,13/08/2026 21:29,72,REGULATED_ACTION_STATE,965314,439607,790,105,0,952591,11826,2752,26901
104,13/08/2026 21:45,72,REGULATED_ACTION_STATE,966172,561690,776,81,0,953524,11789,2752,26875
105,13/08/2026 22:01,72,REGULATED_ACTION_STATE,966277,685705,775,79,0,953541,11881,2770,26924
106,13/08/2026 22:17,72,REGULATED_ACTION_STATE,956218,541834,784,81,0,943647,11704,2752,26758
107,13/08/2026 22:33,72,REGULATED_ACTION_STATE,974772,435496,773,80,0,962073,11843,2752,27045
108,13/08/2026 22:49,72,REGULATED_ACTION_STATE,965391,436503,782,78,0,952933,11597,2752,26888
109,13/08/2026 23:05,72,REGULATED_ACTION_STATE,964921,592066,776,79,0,952218,11845,2752,26805
110,13/08/2026 23:21,72,REGULATED_ACTION_STATE,963041,493102,776,78,0,950616,11569,2753,26865
111,13/08/2026 23:37,72,REGULATED_ACTION_STATE,961425,606895,775,81,0,948719,11847,2752,26531
112,13/08/2026 23:53,72,REGULATED_ACTION_STATE,963584,683736,782,80,0,951094,11625,2751,26943
113,14/08/2026 00:09,72,REGULATED_ACTION_STATE,962142,425641,775,78,0,949527,11759,2752,26879
114,14/08/2026 00:23,72,REGULATED_ACTION_STATE,833784,367305,779,81,0,821024,11899,2493,22811
115,14/08/2026 00:39,72,REGULATED_ACTION_STATE,962580,564950,788,105,0,950115,11570,2733,26870
116,14/08/2026 00:56,72,REGULATED_ACTION_STATE,969085,495275,781,79,0,956384,11839,2752,26732
117,14/08/2026 01:12,72,REGULATED_ACTION_STATE,958538,818424,779,81,0,946147,11529,2769,27019
118,14/08/2026 01:28,72,REGULATED_ACTION_STATE,960088,481327,773,77,0,947388,11847,2753,26884
119,14/08/2026 01:44,72,REGULATED_ACTION_STATE,967790,579995,771,80,0,955389,11547,2753,26878
120,14/08/2026 02:00,72,REGULATED_ACTION_STATE,955962,731221,767,78,0,943376,11738,2751,26463
121,14/08/2026 02:16,72,REGULATED_ACTION_STATE,969154,542734,793,91,0,956460,11807,2751,26920
122,14/08/2026 02:32,72,REGULATED_ACTION_STATE,956385,682391,826,105,0,943745,11706,2751,26915
123,14/08/2026 02:48,72,REGULATED_ACTION_STATE,968303,448977,778,80,0,955821,11623,2753,26838
124,14/08/2026 03:04,72,REGULATED_ACTION_STATE,966301,775906,796,83,0,953955,11466,2752,26734
125,14/08/2026 03:20,72,REGULATED_ACTION_STATE,960196,660884,779,80,0,947874,11461,2733,26874
126,14/08/2026 03:36,72,REGULATED_ACTION_STATE,970339,719454,791,95,0,957420,12032,2747,27095
127,14/08/2026 03:52,72,REGULATED_ACTION_STATE,971906,531573,794,78,0,959221,11811,2752,26923
128,14/08/2026 04:08,72,REGULATED_ACTION_STATE,961912,547199,772,78,0,949384,11675,2752,26785
129,14/08/2026 04:25,72,REGULATED_ACTION_STATE,969579,670321,767,78,0,956942,11790,2771,27022
130,14/08/2026 04:40,72,REGULATED_ACTION_STATE,951631,919462,783,81,0,939255,11510,2752,26602
131,14/08/2026 04:56,72,REGULATED_ACTION_STATE,962878,745974,787,81,0,950257,11750,2748,27047
132,14/08/2026 05:13,72,REGULATED_ACTION_STATE,966470,843327,775,76,0,953832,11784,2751,26603
133,14/08/2026 05:29,72,REGULATED_ACTION_STATE,959763,583055,808,104,0,947556,11293,2732,26757
134,14/08/2026 05:45,72,REGULATED_ACTION_STATE,971568,705912,780,80,0,958739,11967,2748,26667
135,14/08/2026 06:01,72,REGULATED_ACTION_STATE,959957,686899,800,80,0,947495,11580,2751,26782
136,14/08/2026 06:17,72,REGULATED_ACTION_STATE,964245,658525,775,81,0,951809,11578,2751,26929
137,14/08/2026 06:33,72,REGULATED_ACTION_STATE,962561,735387,844,78,0,949773,11863,2738,26830
138,14/08/2026 06:49,72,REGULATED_ACTION_STATE,956779,432446,809,82,0,944377,11509,2752,27108
139,14/08/2026 07:05,72,REGULATED_ACTION_STATE,960309,436846,780,79,0,947654,11794,2748,26941
140,14/08/2026 07:21,72,REGULATED_ACTION_STATE,957935,435989,814,81,0,945099,11940,2752,26928
141,14/08/2026 07:37,72,REGULATED_ACTION_STATE,960185,445670,812,84,0,947618,11669,2751,27020
142,14/08/2026 07:52,72,REGULATED_ACTION_STATE,939560,609448,774,78,0,927105,11601,2751,26924
143,14/08/2026 08:08,72,REGULATED_ACTION_STATE,951271,485665,785,79,0,938733,11671,2754,26784
144,14/08/2026 08:24,72,REGULATED_ACTION_STATE,962428,685835,778,81,0,949768,11799,2752,27223
145,14/08/2026 08:40,72,REGULATED_ACTION_STATE,957849,811617,778,95,0,945479,11494,2752,26831
146,14/08/2026 08:56,72,REGULATED_ACTION_STATE,956023,513724,781,80,0,943652,11507,2751,26842
147,14/08/2026 09:12,72,REGULATED_ACTION_STATE,968974,509158,789,80,0,956576,11526,2748,26599
148,14/08/2026 09:29,72,REGULATED_ACTION_STATE,968604,739585,774,80,0,955971,11776,2752,26780
149,14/08/2026 09:45,72,REGULATED_ACTION_STATE,968842,621359,769,78,0,956115,11878,2751,26839
150,14/08/2026 10:00,72,REGULATED_ACTION_STATE,936388,600207,791,100,0,923932,11563,2752,26853
151,14/08/2026 10:16,72,REGULATED_ACTION_STATE,960907,545811,774,80,0,948600,11451,2751,27285
152,14/08/2026 10:32,72,REGULATED_ACTION_STATE,949266,440918,779,81,0,936907,11497,2749,26960
153,14/08/2026 10:48,72,REGULATED_ACTION_STATE,953690,663434,783,81,0,941274,11551,2751,26661
154,14/08/2026 11:04,72,REGULATED_ACTION_STATE,964072,692141,775,78,0,951653,11565,2749,26810
155,14/08/2026 11:20,72,REGULATED_ACTION_STATE,967102,742774,780,81,0,954429,11810,2752,26803
156,14/08/2026 11:36,72,REGULATED_ACTION_STATE,953724,705982,774,81,0,941257,11610,2737,26727
157,14/08/2026 11:52,72,REGULATED_ACTION_STATE,966200,489861,796,81,0,953807,11514,2752,26942
158,14/08/2026 12:08,72,REGULATED_ACTION_STATE,951832,471363,776,72,0,939433,11549,2752,26988
159,14/08/2026 12:24,72,REGULATED_ACTION_STATE,963031,457690,766,78,0,950412,11773,2752,27149
160,14/08/2026 12:40,72,REGULATED_ACTION_STATE,969226,428349,779,79,0,956892,11474,2754,27231
161,14/08/2026 12:56,72,REGULATED_ACTION_STATE,961156,540921,773,83,0,948416,11882,2752,26676
162,14/08/2026 13:12,72,REGULATED_ACTION_STATE,943342,701349,804,78,0,930857,11602,2748,26957
163,14/08/2026 13:28,72,REGULATED_ACTION_STATE,956545,395834,776,79,0,944153,11535,2753,27071
164,14/08/2026 13:44,72,REGULATED_ACTION_STATE,959774,680960,823,100,0,946957,11892,2751,26897
165,14/08/2026 14:00,72,REGULATED_ACTION_STATE,972234,447930,774,71,0,959750,11637,2751,26887
166,14/08/2026 14:16,72,REGULATED_ACTION_STATE,961613,735113,775,80,0,948726,12030,2751,27372
167,14/08/2026 14:32,72,REGULATED_ACTION_STATE,963543,468172,774,81,0,951066,11620,2753,26840
168,14/08/2026 14:48,72,REGULATED_ACTION_STATE,964077,599603,777,79,0,951046,12172,2751,27059
169,14/08/2026 15:04,72,REGULATED_ACTION_STATE,952930,439953,820,106,0,940190,11812,2752,26979
170,14/08/2026 15:20,72,REGULATED_ACTION_STATE,962368,563916,780,81,0,949962,11544,2732,26922
171,14/08/2026 15:37,72,REGULATED_ACTION_STATE,969692,514869,776,81,0,957030,11803,2753,26681
172,14/08/2026 15:53,72,REGULATED_ACTION_STATE,966185,419321,778,81,0,953676,11648,2752,27013
173,14/08/2026 16:09,72,REGULATED_ACTION_STATE,967596,560250,774,78,0,954959,11783,2766,26889
174,14/08/2026 16:25,72,REGULATED_ACTION_STATE,961440,514101,778,79,0,948817,11764,2749,26859
175,14/08/2026 16:41,72,REGULATED_ACTION_STATE,964175,482046,780,81,0,951468,11844,2752,26768
176,14/08/2026 16:57,72,REGULATED_ACTION_STATE,969445,743722,776,81,0,956870,11716,2748,27140
177,14/08/2026 17:13,72,REGULATED_ACTION_STATE,965563,659235,770,80,0,953217,11494,2767,27074
178,14/08/2026 17:29,72,REGULATED_ACTION_STATE,941609,800734,831,91,1,928840,11843,2747,26921
179,14/08/2026 17:45,72,REGULATED_ACTION_STATE,966062,789034,777,80,0,953404,11799,2743,26755
180,14/08/2026 18:01,72,REGULATED_ACTION_STATE,968521,547769,787,82,0,955889,11761,2752,27017
181,14/08/2026 18:17,72,REGULATED_ACTION_STATE,957362,786553,772,80,0,944774,11734,2752,26780
182,14/08/2026 18:33,72,REGULATED_ACTION_STATE,975940,630465,800,77,0,963197,11863,2771,26763
183,14/08/2026 18:49,72,REGULATED_ACTION_STATE,959093,521012,769,78,0,946443,11802,2751,26637
184,14/08/2026 19:05,72,REGULATED_ACTION_STATE,961270,503918,775,73,0,948481,11939,2752,26957
185,14/08/2026 19:22,72,REGULATED_ACTION_STATE,969983,580965,784,78,0,957230,11889,2752,26743
186,14/08/2026 19:37,72,REGULATED_ACTION_STATE,957045,686040,777,85,0,944384,11796,2748,27163
187,14/08/2026 19:53,72,REGULATED_ACTION_STATE,954410,757021,792,78,0,941623,11915,2747,26922
188,14/08/2026 20:09,72,REGULATED_ACTION_STATE,962480,829027,786,82,0,949958,11652,2770,26949
189,14/08/2026 20:25,72,REGULATED_ACTION_STATE,961432,687664,771,78,0,948816,11764,2751,27022
190,14/08/2026 20:42,72,REGULATED_ACTION_STATE,970303,740888,781,81,0,957556,11884,2771,26820
191,14/08/2026 20:57,72,REGULATED_ACTION_STATE,951154,416308,770,77,0,938741,11564,2753,26800
192,14/08/2026 21:14,72,REGULATED_ACTION_STATE,964725,413866,813,94,0,951899,11917,2749,26897
193,14/08/2026 21:30,72,REGULATED_ACTION_STATE,960664,409694,773,78,0,948296,11515,2750,26757
194,14/08/2026 21:46,72,REGULATED_ACTION_STATE,960014,715199,769,78,0,947373,11793,2752,26783
195,14/08/2026 22:02,72,REGULATED_ACTION_STATE,960099,495803,772,81,0,947607,11637,2753,27133
196,14/08/2026 22:18,72,REGULATED_ACTION_STATE,970320,772120,768,79,0,957578,11893,2747,27160
197,14/08/2026 22:34,72,REGULATED_ACTION_STATE,960510,677443,769,78,0,948020,11641,2748,27069
198,14/08/2026 22:50,72,REGULATED_ACTION_STATE,966991,457894,848,95,0,954310,11736,2752,27151
199,14/08/2026 23:06,72,REGULATED_ACTION_STATE,955622,592661,770,80,0,943234,11536,2752,26685
200,14/08/2026 23:22,72,REGULATED_ACTION_STATE,966418,755513,776,80,0,953842,11718,2752,26769
1,16/08/2026 16:03,9,TEMPORAL_ACTION_STATE,1786,85605,773,33,0,976,2,1,16
2,16/08/2026 16:03,9,TEMPORAL_ACTION_STATE,1718,88289,772,34,0,907,2,1,20
3,16/08/2026 16:03,9,TEMPORAL_ACTION_STATE,1732,85651,782,43,0,902,2,1,16
4,16/08/2026 16:03,9,TEMPORAL_ACTION_STATE,1804,85693,777,35,0,988,2,1,22
5,16/08/2026 16:03,9,TEMPORAL_ACTION_STATE,1740,88998,772,32,0,931,2,1,20
6,16/08/2026 16:03,9,TEMPORAL_ACTION_STATE,1804,85689,789,42,0,967,3,1,19
7,16/08/2026 16:03,9,TEMPORAL_ACTION_STATE,1716,85733,768,35,0,909,3,1,20
8,16/08/2026 16:03,9,TEMPORAL_ACTION_STATE,1725,88328,771,35,0,915,2,1,20
9,16/08/2026 16:04,9,TEMPORAL_ACTION_STATE,1782,88330,784,34,0,959,2,1,19
10,16/08/2026 16:04,9,TEMPORAL_ACTION_STATE,1810,85664,839,40,0,928,2,1,18
11,16/08/2026 16:04,9,TEMPORAL_ACTION_STATE,1767,85706,782,33,0,947,3,1,18
12,16/08/2026 16:04,9,TEMPORAL_ACTION_STATE,1745,83043,773,35,0,932,2,1,17
13,16/08/2026 16:04,9,TEMPORAL_ACTION_STATE,1720,83745,767,40,0,909,2,1,18
14,16/08/2026 16:04,9,TEMPORAL_ACTION_STATE,1751,88264,775,41,0,930,2,1,16
15,16/08/2026 16:04,9,TEMPORAL_ACTION_STATE,1759,88346,779,33,0,943,2,1,19
16,16/08/2026 16:04,9,TEMPORAL_ACTION_STATE,1707,85711,771,33,0,898,2,1,16
17,16/08/2026 16:04,9,TEMPORAL_ACTION_STATE,1734,85722,784,36,0,909,2,1,20
18,16/08/2026 16:04,9,TEMPORAL_ACTION_STATE,1794,88310,831,39,0,919,2,1,21
19,16/08/2026 16:04,9,TEMPORAL_ACTION_STATE,1710,86374,769,35,0,902,2,1,20
20,16/08/2026 16:04,9,TEMPORAL_ACTION_STATE,1714,88278,773,35,0,901,2,1,19
21,16/08/2026 16:04,9,TEMPORAL_ACTION_STATE,1731,85733,790,33,0,903,2,1,17
22,16/08/2026 16:04,9,TEMPORAL_ACTION_STATE,1752,88351,769,32,0,947,2,1,20
23,16/08/2026 16:04,9,TEMPORAL_ACTION_STATE,1729,85703,778,35,0,912,2,1,21
24,16/08/2026 16:04,9,TEMPORAL_ACTION_STATE,1731,88353,776,34,0,916,2,1,21
25,16/08/2026 16:04,9,TEMPORAL_ACTION_STATE,1777,88977,781,33,0,959,3,1,16
26,16/08/2026 16:04,9,TEMPORAL_ACTION_STATE,1724,85609,783,33,0,903,3,1,19
27,16/08/2026 16:04,9,TEMPORAL_ACTION_STATE,1717,88326,770,35,0,907,2,1,19
28,16/08/2026 16:04,9,TEMPORAL_ACTION_STATE,1751,82991,775,36,0,936,2,1,19
29,16/08/2026 16:04,9,TEMPORAL_ACTION_STATE,1699,83091,766,32,0,896,2,1,17
30,16/08/2026 16:04,9,TEMPORAL_ACTION_STATE,1789,88337,822,39,0,924,2,1,21
31,16/08/2026 16:04,9,TEMPORAL_ACTION_STATE,1751,88295,770,33,0,944,2,1,18
32,16/08/2026 16:04,9,TEMPORAL_ACTION_STATE,1724,88326,778,33,0,908,2,1,16
33,16/08/2026 16:04,9,TEMPORAL_ACTION_STATE,1755,83059,768,32,0,950,2,1,21
34,16/08/2026 16:04,9,TEMPORAL_ACTION_STATE,1731,88254,779,33,0,915,2,1,19
35,16/08/2026 16:04,9,TEMPORAL_ACTION_STATE,1794,88381,782,48,0,960,2,1,21
36,16/08/2026 16:04,9,TEMPORAL_ACTION_STATE,1729,88239,768,35,0,921,3,1,18
37,16/08/2026 16:04,9,TEMPORAL_ACTION_STATE,1720,88256,779,32,0,904,2,1,21
38,16/08/2026 16:04,9,TEMPORAL_ACTION_STATE,1731,85703,786,33,0,907,2,1,20
39,16/08/2026 16:04,9,TEMPORAL_ACTION_STATE,1826,85727,841,42,0,938,2,1,16
40,16/08/2026 16:05,9,TEMPORAL_ACTION_STATE,1806,88311,797,38,0,967,2,1,17
41,16/08/2026 16:05,9,TEMPORAL_ACTION_STATE,1728,88362,778,35,0,910,3,1,16
42,16/08/2026 16:05,9,TEMPORAL_ACTION_STATE,1702,85586,767,34,0,896,2,1,21
43,16/08/2026 16:05,9,TEMPORAL_ACTION_STATE,1740,85677,767,35,0,934,2,1,18
44,16/08/2026 16:05,9,TEMPORAL_ACTION_STATE,1783,85749,816,44,0,919,3,1,16
45,16/08/2026 16:05,9,TEMPORAL_ACTION_STATE,1712,88324,783,33,0,892,2,1,16
46,16/08/2026 16:05,9,TEMPORAL_ACTION_STATE,1804,85733,826,42,0,931,2,1,21
47,16/08/2026 16:05,9,TEMPORAL_ACTION_STATE,1775,85761,795,42,0,934,2,1,18
48,16/08/2026 16:05,9,TEMPORAL_ACTION_STATE,1698,85757,763,32,0,899,2,1,20
49,16/08/2026 16:05,9,TEMPORAL_ACTION_STATE,1742,85711,774,38,0,925,2,1,17
50,16/08/2026 16:05,9,TEMPORAL_ACTION_STATE,1716,85764,774,35,0,903,2,1,17
51,16/08/2026 16:05,9,TEMPORAL_ACTION_STATE,1720,88339,776,36,0,904,2,1,17
52,16/08/2026 16:05,9,TEMPORAL_ACTION_STATE,1722,85532,778,33,0,907,2,1,22
53,16/08/2026 16:05,9,TEMPORAL_ACTION_STATE,1782,85751,774,40,0,965,2,1,18
54,16/08/2026 16:05,9,TEMPORAL_ACTION_STATE,1744,85660,793,35,0,911,2,1,18
55,16/08/2026 16:05,9,TEMPORAL_ACTION_STATE,1735,85716,769,35,0,927,2,1,17
56,16/08/2026 16:05,9,TEMPORAL_ACTION_STATE,1775,88294,813,43,0,914,3,1,18
57,16/08/2026 16:05,9,TEMPORAL_ACTION_STATE,1727,86439,777,35,0,910,2,1,23
58,16/08/2026 16:05,9,TEMPORAL_ACTION_STATE,1770,85695,802,36,0,927,2,1,22
59,16/08/2026 16:05,9,TEMPORAL_ACTION_STATE,1740,88363,770,35,0,930,2,1,16
60,16/08/2026 16:05,9,TEMPORAL_ACTION_STATE,1787,83106,810,35,0,937,2,1,19
61,16/08/2026 16:05,9,TEMPORAL_ACTION_STATE,1895,88327,850,43,0,997,2,1,16
62,16/08/2026 16:05,9,TEMPORAL_ACTION_STATE,1743,85739,771,34,0,932,2,1,19
63,16/08/2026 16:05,9,TEMPORAL_ACTION_STATE,1720,88240,773,35,0,907,2,1,21
64,16/08/2026 16:05,9,TEMPORAL_ACTION_STATE,1780,88273,821,34,0,921,2,1,18
65,16/08/2026 16:05,9,TEMPORAL_ACTION_STATE,1732,85641,773,35,0,919,3,1,18
66,16/08/2026 16:05,9,TEMPORAL_ACTION_STATE,1728,83109,786,35,0,903,2,1,19
67,16/08/2026 16:05,9,TEMPORAL_ACTION_STATE,1755,85735,799,48,0,903,2,1,22
68,16/08/2026 16:05,9,TEMPORAL_ACTION_STATE,1761,88891,776,32,0,948,3,1,17
69,16/08/2026 16:05,9,TEMPORAL_ACTION_STATE,1763,85749,779,33,1,946,2,1,16
70,16/08/2026 16:06,9,TEMPORAL_ACTION_STATE,1797,85717,772,33,0,987,2,1,22
71,16/08/2026 16:06,9,TEMPORAL_ACTION_STATE,1712,85682,773,34,0,900,2,1,20
72,16/08/2026 16:06,9,TEMPORAL_ACTION_STATE,1712,88288,767,34,0,906,2,1,16
73,16/08/2026 16:06,9,TEMPORAL_ACTION_STATE,1819,86383,831,41,0,943,2,1,22
74,16/08/2026 16:06,9,TEMPORAL_ACTION_STATE,1778,85698,771,35,0,968,2,1,19
75,16/08/2026 16:06,9,TEMPORAL_ACTION_STATE,1753,88315,772,33,0,944,2,1,19
76,16/08/2026 16:06,9,TEMPORAL_ACTION_STATE,1720,85774,767,33,0,915,2,1,19
77,16/08/2026 16:06,9,TEMPORAL_ACTION_STATE,1782,85754,820,38,0,919,2,1,27
78,16/08/2026 16:06,9,TEMPORAL_ACTION_STATE,1721,85750,774,34,0,908,2,1,16
79,16/08/2026 16:06,9,TEMPORAL_ACTION_STATE,1713,85724,773,33,0,903,2,1,16
80,16/08/2026 16:06,9,TEMPORAL_ACTION_STATE,1707,85656,765,32,0,906,2,1,20
81,16/08/2026 16:06,9,TEMPORAL_ACTION_STATE,1748,85735,772,33,0,939,2,1,21
82,16/08/2026 16:06,9,TEMPORAL_ACTION_STATE,1701,85583,771,32,0,893,2,1,19
83,16/08/2026 16:06,9,TEMPORAL_ACTION_STATE,1726,88283,772,34,0,916,2,1,22
84,16/08/2026 16:06,9,TEMPORAL_ACTION_STATE,1704,85685,767,33,0,900,2,1,18
85,16/08/2026 16:06,9,TEMPORAL_ACTION_STATE,1714,83081,774,33,0,903,2,1,24
86,16/08/2026 16:06,9,TEMPORAL_ACTION_STATE,1706,89049,771,35,0,895,3,1,17
87,16/08/2026 16:06,9,TEMPORAL_ACTION_STATE,1786,85778,800,47,0,934,2,1,17
88,16/08/2026 16:06,9,TEMPORAL_ACTION_STATE,1744,85750,769,32,0,938,2,1,16
89,16/08/2026 16:06,9,TEMPORAL_ACTION_STATE,1789,85601,816,46,0,922,2,1,19
90,16/08/2026 16:06,9,TEMPORAL_ACTION_STATE,1841,85701,840,45,0,951,2,1,17
91,16/08/2026 16:06,9,TEMPORAL_ACTION_STATE,1726,88324,780,35,1,907,2,1,19
92,16/08/2026 16:06,9,TEMPORAL_ACTION_STATE,1726,85752,783,33,0,906,2,1,18
93,16/08/2026 16:06,9,TEMPORAL_ACTION_STATE,1712,85686,776,33,0,899,2,1,18
94,16/08/2026 16:06,9,TEMPORAL_ACTION_STATE,1800,85762,833,51,0,911,2,1,15
95,16/08/2026 16:06,9,TEMPORAL_ACTION_STATE,1755,80722,780,34,0,937,2,1,21
96,16/08/2026 16:06,9,TEMPORAL_ACTION_STATE,1699,85702,769,33,0,893,2,1,17
97,16/08/2026 16:06,9,TEMPORAL_ACTION_STATE,1716,85714,773,34,0,904,2,1,19
98,16/08/2026 16:06,9,TEMPORAL_ACTION_STATE,1707,83033,767,34,0,902,2,1,17
99,16/08/2026 16:06,9,TEMPORAL_ACTION_STATE,1715,88348,773,33,0,905,2,1,21
100,16/08/2026 16:06,9,TEMPORAL_ACTION_STATE,1696,88443,768,32,0,891,2,1,19
101,16/08/2026 16:06,9,TEMPORAL_ACTION_STATE,1710,85701,779,33,0,894,2,1,16
102,16/08/2026 16:07,9,TEMPORAL_ACTION_STATE,1730,85730,779,33,0,913,2,1,21
103,16/08/2026 16:07,9,TEMPORAL_ACTION_STATE,1731,88368,784,32,0,910,2,1,19
104,16/08/2026 16:07,9,TEMPORAL_ACTION_STATE,1746,83711,778,35,0,928,2,1,20
105,16/08/2026 16:07,9,TEMPORAL_ACTION_STATE,1798,85706,783,32,0,979,2,1,23
106,16/08/2026 16:07,9,TEMPORAL_ACTION_STATE,1785,88286,790,32,0,959,2,1,20
107,16/08/2026 16:07,9,TEMPORAL_ACTION_STATE,1764,85694,772,33,0,955,2,1,16
108,16/08/2026 16:07,9,TEMPORAL_ACTION_STATE,1786,88324,836,33,0,912,2,1,16
109,16/08/2026 16:07,9,TEMPORAL_ACTION_STATE,1709,85656,769,35,0,901,2,1,19
110,16/08/2026 16:07,9,TEMPORAL_ACTION_STATE,1703,88976,769,33,0,896,2,1,19
111,16/08/2026 16:07,9,TEMPORAL_ACTION_STATE,1686,85657,749,32,0,900,2,1,26
112,16/08/2026 16:07,9,TEMPORAL_ACTION_STATE,1786,88269,815,34,0,932,2,1,18
113,16/08/2026 16:07,9,TEMPORAL_ACTION_STATE,1711,83315,780,33,0,894,2,1,17
114,16/08/2026 16:07,9,TEMPORAL_ACTION_STATE,1787,85703,817,52,0,913,2,1,17
115,16/08/2026 16:07,9,TEMPORAL_ACTION_STATE,1800,85722,811,50,0,935,2,1,16
116,16/08/2026 16:07,9,TEMPORAL_ACTION_STATE,1830,88255,820,42,0,962,2,1,24
117,16/08/2026 16:07,9,TEMPORAL_ACTION_STATE,1730,85765,777,34,0,914,3,1,15
118,16/08/2026 16:07,9,TEMPORAL_ACTION_STATE,1714,88340,777,32,0,899,2,1,16
119,16/08/2026 16:07,9,TEMPORAL_ACTION_STATE,1846,89014,776,37,0,1028,3,1,21
120,16/08/2026 16:07,9,TEMPORAL_ACTION_STATE,1821,85712,844,33,0,939,2,1,20
121,16/08/2026 16:07,9,TEMPORAL_ACTION_STATE,1718,85692,774,33,0,907,2,1,21
122,16/08/2026 16:07,9,TEMPORAL_ACTION_STATE,1705,83018,767,33,0,901,2,1,18
123,16/08/2026 16:07,9,TEMPORAL_ACTION_STATE,1722,85722,776,35,0,907,2,1,18
124,16/08/2026 16:07,9,TEMPORAL_ACTION_STATE,1706,88264,763,35,0,904,2,1,20
125,16/08/2026 16:07,9,TEMPORAL_ACTION_STATE,1854,85727,854,45,0,951,2,1,21
126,16/08/2026 16:07,9,TEMPORAL_ACTION_STATE,1775,78050,786,32,0,953,2,1,20
127,16/08/2026 16:07,9,TEMPORAL_ACTION_STATE,1754,85634,788,33,0,928,2,1,20
128,16/08/2026 16:07,9,TEMPORAL_ACTION_STATE,1731,85740,778,34,0,914,2,1,22
129,16/08/2026 16:07,9,TEMPORAL_ACTION_STATE,1775,85750,793,36,0,941,2,1,16
130,16/08/2026 16:07,9,TEMPORAL_ACTION_STATE,1715,85601,778,32,0,900,2,1,19
131,16/08/2026 16:07,9,TEMPORAL_ACTION_STATE,1799,83049,773,44,0,978,2,1,17
132,16/08/2026 16:08,9,TEMPORAL_ACTION_STATE,1760,85604,809,38,0,909,2,1,19
133,16/08/2026 16:08,9,TEMPORAL_ACTION_STATE,1702,85719,765,32,0,901,2,1,18
134,16/08/2026 16:08,9,TEMPORAL_ACTION_STATE,1737,85624,775,35,0,922,2,1,17
135,16/08/2026 16:08,9,TEMPORAL_ACTION_STATE,1761,85735,776,32,0,948,2,1,19
136,16/08/2026 16:08,9,TEMPORAL_ACTION_STATE,1760,85671,790,37,1,929,2,1,17
137,16/08/2026 16:08,9,TEMPORAL_ACTION_STATE,1768,85675,780,33,0,951,2,1,22
138,16/08/2026 16:08,9,TEMPORAL_ACTION_STATE,1714,83089,772,35,0,903,2,1,19
139,16/08/2026 16:08,9,TEMPORAL_ACTION_STATE,1706,88380,769,32,0,900,2,1,21
140,16/08/2026 16:08,9,TEMPORAL_ACTION_STATE,1793,83057,805,34,0,950,2,1,19
141,16/08/2026 16:08,9,TEMPORAL_ACTION_STATE,1724,83224,774,35,0,911,2,1,20
142,16/08/2026 16:08,9,TEMPORAL_ACTION_STATE,1775,88309,823,38,0,909,2,1,17
143,16/08/2026 16:08,9,TEMPORAL_ACTION_STATE,1723,85665,773,33,0,913,2,1,18
144,16/08/2026 16:08,9,TEMPORAL_ACTION_STATE,1825,83670,854,37,0,930,2,1,21
145,16/08/2026 16:08,9,TEMPORAL_ACTION_STATE,1734,83803,770,35,0,925,2,1,18
146,16/08/2026 16:08,9,TEMPORAL_ACTION_STATE,1705,83280,772,32,0,897,2,1,20
147,16/08/2026 16:08,9,TEMPORAL_ACTION_STATE,1785,88267,792,47,0,941,2,1,17
148,16/08/2026 16:08,9,TEMPORAL_ACTION_STATE,1754,86355,788,33,0,929,2,1,21
149,16/08/2026 16:08,9,TEMPORAL_ACTION_STATE,1730,88304,780,33,0,912,2,1,17
150,16/08/2026 16:08,9,TEMPORAL_ACTION_STATE,1711,86355,771,35,0,900,2,1,17
151,16/08/2026 16:08,9,TEMPORAL_ACTION_STATE,1762,85847,768,35,0,953,4,1,22
152,16/08/2026 16:08,9,TEMPORAL_ACTION_STATE,1738,88269,788,33,0,912,2,1,17
153,16/08/2026 16:08,9,TEMPORAL_ACTION_STATE,1746,85676,767,34,0,941,2,1,19
154,16/08/2026 16:08,9,TEMPORAL_ACTION_STATE,1765,85669,791,41,1,929,2,1,18
155,16/08/2026 16:08,9,TEMPORAL_ACTION_STATE,1726,85656,785,35,0,902,2,1,18
156,16/08/2026 16:08,9,TEMPORAL_ACTION_STATE,1743,85701,783,38,0,917,2,1,19
157,16/08/2026 16:08,9,TEMPORAL_ACTION_STATE,1701,85706,771,32,0,894,2,1,19
158,16/08/2026 16:08,9,TEMPORAL_ACTION_STATE,1834,88239,821,39,0,969,2,1,19
159,16/08/2026 16:08,9,TEMPORAL_ACTION_STATE,1697,88324,773,33,0,886,2,1,16
160,16/08/2026 16:08,9,TEMPORAL_ACTION_STATE,1812,85694,810,41,0,957,2,1,16
161,16/08/2026 16:08,9,TEMPORAL_ACTION_STATE,1724,85641,776,34,0,910,2,1,22
162,16/08/2026 16:08,9,TEMPORAL_ACTION_STATE,1705,85616,769,33,0,899,2,1,16
163,16/08/2026 16:09,9,TEMPORAL_ACTION_STATE,1870,85696,842,43,0,981,2,1,17
164,16/08/2026 16:09,9,TEMPORAL_ACTION_STATE,1722,85719,772,34,0,911,2,1,17
165,16/08/2026 16:09,9,TEMPORAL_ACTION_STATE,1741,85704,773,32,0,931,2,1,18
166,16/08/2026 16:09,9,TEMPORAL_ACTION_STATE,1699,88277,764,32,0,898,2,1,24
167,16/08/2026 16:09,9,TEMPORAL_ACTION_STATE,1725,88323,780,34,0,906,3,1,21
168,16/08/2026 16:09,9,TEMPORAL_ACTION_STATE,1719,85697,776,32,0,906,2,1,19
169,16/08/2026 16:09,9,TEMPORAL_ACTION_STATE,1748,88270,771,35,0,938,2,1,17
170,16/08/2026 16:09,9,TEMPORAL_ACTION_STATE,1730,85677,778,33,0,914,2,1,16
171,16/08/2026 16:09,9,TEMPORAL_ACTION_STATE,1757,85682,813,35,0,904,2,1,21
172,16/08/2026 16:09,9,TEMPORAL_ACTION_STATE,1762,86382,771,34,0,952,2,1,17
173,16/08/2026 16:09,9,TEMPORAL_ACTION_STATE,1715,86434,778,33,0,899,2,1,16
174,16/08/2026 16:09,9,TEMPORAL_ACTION_STATE,1775,88331,782,35,0,954,3,1,21
175,16/08/2026 16:09,9,TEMPORAL_ACTION_STATE,1773,85660,820,37,0,912,2,1,19
176,16/08/2026 16:09,9,TEMPORAL_ACTION_STATE,1706,85662,767,33,0,902,2,1,17
177,16/08/2026 16:09,9,TEMPORAL_ACTION_STATE,1768,85711,774,33,0,956,2,1,19
178,16/08/2026 16:09,9,TEMPORAL_ACTION_STATE,1742,88355,767,32,0,938,2,1,17
179,16/08/2026 16:09,9,TEMPORAL_ACTION_STATE,1736,85698,777,33,0,922,2,1,22
180,16/08/2026 16:09,9,TEMPORAL_ACTION_STATE,1725,85677,776,35,0,909,2,1,22
181,16/08/2026 16:09,9,TEMPORAL_ACTION_STATE,1754,85678,776,35,0,938,3,1,18
182,16/08/2026 16:09,9,TEMPORAL_ACTION_STATE,1716,88300,776,35,0,901,2,1,17
183,16/08/2026 16:09,9,TEMPORAL_ACTION_STATE,1779,85677,768,32,1,973,2,1,16
184,16/08/2026 16:09,9,TEMPORAL_ACTION_STATE,1805,85704,819,40,0,941,2,1,21
185,16/08/2026 16:09,9,TEMPORAL_ACTION_STATE,1717,85694,772,34,0,906,2,1,18
186,16/08/2026 16:09,9,TEMPORAL_ACTION_STATE,1806,89017,828,42,1,931,2,1,16
187,16/08/2026 16:09,9,TEMPORAL_ACTION_STATE,1711,85718,774,33,0,900,2,1,18
188,16/08/2026 16:09,9,TEMPORAL_ACTION_STATE,1800,85766,835,34,0,927,2,1,17
189,16/08/2026 16:09,9,TEMPORAL_ACTION_STATE,1846,85687,783,40,0,1019,2,1,22
190,16/08/2026 16:09,9,TEMPORAL_ACTION_STATE,1709,88367,769,34,0,901,2,1,21
191,16/08/2026 16:09,9,TEMPORAL_ACTION_STATE,1745,85640,768,33,0,939,3,1,19
192,16/08/2026 16:09,9,TEMPORAL_ACTION_STATE,1852,88307,806,44,0,996,4,1,17
193,16/08/2026 16:09,9,TEMPORAL_ACTION_STATE,1743,88315,770,35,0,934,3,1,20
194,16/08/2026 16:10,9,TEMPORAL_ACTION_STATE,1732,86483,772,34,0,921,3,1,19
195,16/08/2026 16:10,9,TEMPORAL_ACTION_STATE,1727,85690,778,33,0,911,2,1,20
196,16/08/2026 16:10,9,TEMPORAL_ACTION_STATE,1830,88282,832,32,0,960,2,1,22
197,16/08/2026 16:10,9,TEMPORAL_ACTION_STATE,1729,88302,768,33,0,924,2,1,20
198,16/08/2026 16:10,9,TEMPORAL_ACTION_STATE,1741,88268,765,32,0,939,2,1,17
199,16/08/2026 16:10,9,TEMPORAL_ACTION_STATE,1706,88328,773,35,0,893,2,1,17
200,16/08/2026 16:10,9,TEMPORAL_ACTION_STATE,1710,85580,776,34,0,896,2,1,17
1,16/08/2026 16:10,18,TEMPORAL_ACTION_STATE,2763,70960,772,40,0,1946,3,4,69
2,16/08/2026 16:10,18,TEMPORAL_ACTION_STATE,2721,75982,772,44,0,1901,2,4,55
3,16/08/2026 16:10,18,TEMPORAL_ACTION_STATE,2742,75801,772,41,0,1924,3,4,63
4,16/08/2026 16:10,18,TEMPORAL_ACTION_STATE,2747,75819,771,41,0,1930,2,4,67
5,16/08/2026 16:10,18,TEMPORAL_ACTION_STATE,2786,76079,773,41,0,1967,3,4,56
6,16/08/2026 16:10,18,TEMPORAL_ACTION_STATE,2735,66061,772,44,0,1914,3,4,54
7,16/08/2026 16:10,18,TEMPORAL_ACTION_STATE,2806,75835,773,41,0,1986,3,4,60
8,16/08/2026 16:10,18,TEMPORAL_ACTION_STATE,2775,75946,784,42,0,1945,3,4,65
9,16/08/2026 16:10,18,TEMPORAL_ACTION_STATE,2784,75881,772,45,0,1962,3,4,59
10,16/08/2026 16:10,18,TEMPORAL_ACTION_STATE,2770,70876,793,43,0,1929,3,4,65
11,16/08/2026 16:10,18,TEMPORAL_ACTION_STATE,2766,70747,773,41,0,1947,3,4,56
12,16/08/2026 16:10,18,TEMPORAL_ACTION_STATE,2727,76350,765,41,0,1917,3,4,55
13,16/08/2026 16:10,18,TEMPORAL_ACTION_STATE,2750,71061,772,43,0,1931,3,4,67
14,16/08/2026 16:10,18,TEMPORAL_ACTION_STATE,2797,75877,769,41,0,1982,3,4,66
15,16/08/2026 16:11,18,TEMPORAL_ACTION_STATE,2793,76129,781,45,0,1962,3,4,60
16,16/08/2026 16:11,18,TEMPORAL_ACTION_STATE,2733,71028,768,41,0,1919,3,4,58
17,16/08/2026 16:11,18,TEMPORAL_ACTION_STATE,2750,76176,782,42,0,1922,3,4,60
18,16/08/2026 16:11,18,TEMPORAL_ACTION_STATE,2741,71055,769,43,0,1923,3,4,58
19,16/08/2026 16:11,18,TEMPORAL_ACTION_STATE,2745,71199,774,41,0,1924,3,4,60
20,16/08/2026 16:11,18,TEMPORAL_ACTION_STATE,2910,75943,859,51,0,1996,2,4,60
21,16/08/2026 16:11,18,TEMPORAL_ACTION_STATE,2779,70981,768,41,0,1966,3,4,68
22,16/08/2026 16:11,18,TEMPORAL_ACTION_STATE,2766,70692,773,41,0,1948,3,4,55
23,16/08/2026 16:11,18,TEMPORAL_ACTION_STATE,2802,70975,778,54,0,1966,3,4,67
24,16/08/2026 16:11,18,TEMPORAL_ACTION_STATE,2736,75855,769,41,0,1922,3,4,64
25,16/08/2026 16:11,18,TEMPORAL_ACTION_STATE,2854,75956,823,65,0,1961,3,4,53
26,16/08/2026 16:11,18,TEMPORAL_ACTION_STATE,2790,70784,793,41,0,1951,2,4,65
27,16/08/2026 16:11,18,TEMPORAL_ACTION_STATE,2859,75927,821,54,0,1980,3,4,65
28,16/08/2026 16:11,18,TEMPORAL_ACTION_STATE,2822,71212,776,49,0,1993,3,4,56
29,16/08/2026 16:11,18,TEMPORAL_ACTION_STATE,2782,70799,784,41,0,1952,3,4,65
30,16/08/2026 16:11,18,TEMPORAL_ACTION_STATE,2738,75865,772,43,0,1918,3,4,57
31,16/08/2026 16:11,18,TEMPORAL_ACTION_STATE,2759,75800,785,43,0,1926,3,4,59
32,16/08/2026 16:11,18,TEMPORAL_ACTION_STATE,2856,75925,809,51,0,1991,3,4,66
33,16/08/2026 16:11,18,TEMPORAL_ACTION_STATE,2802,71272,827,41,0,1929,3,4,64
34,16/08/2026 16:11,18,TEMPORAL_ACTION_STATE,2787,71012,784,42,0,1955,3,4,69
35,16/08/2026 16:12,18,TEMPORAL_ACTION_STATE,2864,76017,779,45,0,2035,3,4,70
36,16/08/2026 16:12,18,TEMPORAL_ACTION_STATE,2751,76060,773,41,0,1933,3,4,55
37,16/08/2026 16:12,18,TEMPORAL_ACTION_STATE,2767,76135,779,45,0,1938,3,4,65
38,16/08/2026 16:12,18,TEMPORAL_ACTION_STATE,2765,76386,780,42,0,1938,3,4,65
39,16/08/2026 16:12,18,TEMPORAL_ACTION_STATE,2818,75716,773,41,0,1998,3,4,59
40,16/08/2026 16:12,18,TEMPORAL_ACTION_STATE,2775,71177,780,41,0,1949,2,4,69
41,16/08/2026 16:12,18,TEMPORAL_ACTION_STATE,2860,70923,806,54,0,1996,3,4,63
42,16/08/2026 16:12,18,TEMPORAL_ACTION_STATE,2785,71214,767,41,0,1970,3,4,56
43,16/08/2026 16:12,18,TEMPORAL_ACTION_STATE,2745,65708,774,43,0,1923,3,4,59
44,16/08/2026 16:12,18,TEMPORAL_ACTION_STATE,2771,75987,806,41,0,1919,3,4,64
45,16/08/2026 16:12,18,TEMPORAL_ACTION_STATE,2754,76070,773,42,0,1933,3,4,70
46,16/08/2026 16:12,18,TEMPORAL_ACTION_STATE,2758,75947,775,41,0,1937,3,4,63
47,16/08/2026 16:12,18,TEMPORAL_ACTION_STATE,2720,75771,764,42,0,1909,3,4,51
48,16/08/2026 16:12,18,TEMPORAL_ACTION_STATE,2782,75712,778,42,0,1956,3,4,55
49,16/08/2026 16:12,18,TEMPORAL_ACTION_STATE,2851,70872,826,54,0,1966,3,4,61
50,16/08/2026 16:12,18,TEMPORAL_ACTION_STATE,2787,71021,773,41,0,1968,3,4,61
51,16/08/2026 16:12,18,TEMPORAL_ACTION_STATE,2841,71145,816,50,0,1971,3,4,68
52,16/08/2026 16:12,18,TEMPORAL_ACTION_STATE,2764,76114,778,43,0,1938,2,4,70
53,16/08/2026 16:12,18,TEMPORAL_ACTION_STATE,2794,70937,768,41,0,1980,3,4,57
54,16/08/2026 16:12,18,TEMPORAL_ACTION_STATE,2778,71073,785,56,0,1933,3,4,66
55,16/08/2026 16:13,18,TEMPORAL_ACTION_STATE,2814,76022,770,41,0,1998,3,4,60
56,16/08/2026 16:13,18,TEMPORAL_ACTION_STATE,2741,70871,770,44,0,1923,3,4,64
57,16/08/2026 16:13,18,TEMPORAL_ACTION_STATE,2854,71010,806,59,0,1983,3,4,57
58,16/08/2026 16:13,18,TEMPORAL_ACTION_STATE,2801,75805,820,40,0,1935,3,4,59
59,16/08/2026 16:13,18,TEMPORAL_ACTION_STATE,2750,75991,776,43,0,1927,3,4,53
60,16/08/2026 16:13,18,TEMPORAL_ACTION_STATE,2725,75772,767,42,0,1911,3,4,68
61,16/08/2026 16:13,18,TEMPORAL_ACTION_STATE,2848,76105,795,53,0,1995,3,4,58
62,16/08/2026 16:13,18,TEMPORAL_ACTION_STATE,2859,75742,815,66,0,1973,3,4,63
63,16/08/2026 16:13,18,TEMPORAL_ACTION_STATE,2760,76266,778,43,0,1933,3,4,58
64,16/08/2026 16:13,18,TEMPORAL_ACTION_STATE,2778,76064,777,43,0,1953,3,4,68
65,16/08/2026 16:13,18,TEMPORAL_ACTION_STATE,2804,71188,779,40,0,1979,3,4,57
66,16/08/2026 16:13,18,TEMPORAL_ACTION_STATE,2801,70905,778,43,0,1975,3,4,64
67,16/08/2026 16:13,18,TEMPORAL_ACTION_STATE,2807,71007,779,42,0,1981,3,4,59
68,16/08/2026 16:13,18,TEMPORAL_ACTION_STATE,2828,70996,815,61,0,1947,3,4,56
69,16/08/2026 16:13,18,TEMPORAL_ACTION_STATE,2853,75864,767,44,0,2038,3,4,65
70,16/08/2026 16:13,18,TEMPORAL_ACTION_STATE,2824,75918,777,41,0,2001,3,4,69
71,16/08/2026 16:13,18,TEMPORAL_ACTION_STATE,2813,75857,771,42,0,1996,3,4,67
72,16/08/2026 16:13,18,TEMPORAL_ACTION_STATE,2744,71044,764,44,0,1931,3,4,62
73,16/08/2026 16:13,18,TEMPORAL_ACTION_STATE,2808,75828,772,41,0,1989,3,4,60
74,16/08/2026 16:13,18,TEMPORAL_ACTION_STATE,2797,75773,768,52,0,1972,3,4,57
75,16/08/2026 16:14,18,TEMPORAL_ACTION_STATE,2742,70921,769,44,0,1925,3,4,64
76,16/08/2026 16:14,18,TEMPORAL_ACTION_STATE,2770,75952,782,42,0,1941,3,4,67
77,16/08/2026 16:14,18,TEMPORAL_ACTION_STATE,2755,71102,769,43,0,1937,4,4,59
78,16/08/2026 16:14,18,TEMPORAL_ACTION_STATE,2751,76076,770,41,0,1935,2,4,61
79,16/08/2026 16:14,18,TEMPORAL_ACTION_STATE,2731,71084,771,43,0,1912,3,4,59
80,16/08/2026 16:14,18,TEMPORAL_ACTION_STATE,2751,75966,768,40,0,1939,3,4,62
81,16/08/2026 16:14,18,TEMPORAL_ACTION_STATE,2927,75820,809,53,0,2059,3,4,60
82,16/08/2026 16:14,18,TEMPORAL_ACTION_STATE,2746,71141,772,41,0,1929,3,4,64
83,16/08/2026 16:14,18,TEMPORAL_ACTION_STATE,2766,75714,766,42,0,1953,3,4,56
84,16/08/2026 16:14,18,TEMPORAL_ACTION_STATE,2795,70997,771,42,0,1977,3,4,67
85,16/08/2026 16:14,18,TEMPORAL_ACTION_STATE,2737,75851,773,41,0,1918,3,4,62
86,16/08/2026 16:14,18,TEMPORAL_ACTION_STATE,2734,76068,771,41,0,1917,3,4,55
87,16/08/2026 16:14,18,TEMPORAL_ACTION_STATE,2821,76038,807,51,0,1958,3,4,63
88,16/08/2026 16:14,18,TEMPORAL_ACTION_STATE,2760,71126,769,43,0,1943,3,4,65
89,16/08/2026 16:14,18,TEMPORAL_ACTION_STATE,2818,70979,806,41,0,1967,3,4,72
90,16/08/2026 16:14,18,TEMPORAL_ACTION_STATE,2770,71040,775,41,0,1949,3,4,60
91,16/08/2026 16:14,18,TEMPORAL_ACTION_STATE,2744,75828,770,43,0,1926,3,4,63
92,16/08/2026 16:14,18,TEMPORAL_ACTION_STATE,2754,71024,775,41,0,1932,3,4,68
93,16/08/2026 16:14,18,TEMPORAL_ACTION_STATE,2823,71032,812,59,0,1947,3,4,62
94,16/08/2026 16:14,18,TEMPORAL_ACTION_STATE,2744,75934,773,41,0,1925,3,4,63
95,16/08/2026 16:14,18,TEMPORAL_ACTION_STATE,2858,75793,847,56,0,1951,2,4,65
96,16/08/2026 16:15,18,TEMPORAL_ACTION_STATE,2749,71282,780,43,0,1921,3,4,64
97,16/08/2026 16:15,18,TEMPORAL_ACTION_STATE,2794,76073,773,44,0,1972,3,4,54
98,16/08/2026 16:15,18,TEMPORAL_ACTION_STATE,2876,70862,780,55,0,2036,3,4,61
99,16/08/2026 16:15,18,TEMPORAL_ACTION_STATE,2844,75803,789,51,0,1998,3,4,59
100,16/08/2026 16:15,18,TEMPORAL_ACTION_STATE,2779,70956,779,43,0,1952,3,4,64
101,16/08/2026 16:15,18,TEMPORAL_ACTION_STATE,2771,71018,786,42,0,1939,3,4,66
102,16/08/2026 16:15,18,TEMPORAL_ACTION_STATE,2790,75996,774,44,0,1967,3,4,60
103,16/08/2026 16:15,18,TEMPORAL_ACTION_STATE,2747,75925,776,41,0,1926,3,4,63
104,16/08/2026 16:15,18,TEMPORAL_ACTION_STATE,2841,71148,837,50,0,1948,3,4,69
105,16/08/2026 16:15,18,TEMPORAL_ACTION_STATE,2848,75831,771,44,0,2028,3,4,63
106,16/08/2026 16:15,18,TEMPORAL_ACTION_STATE,2932,76076,804,64,0,2057,3,4,60
107,16/08/2026 16:15,18,TEMPORAL_ACTION_STATE,2725,70943,767,41,0,1913,3,4,54
108,16/08/2026 16:15,18,TEMPORAL_ACTION_STATE,2750,71047,771,43,0,1932,3,4,58
109,16/08/2026 16:15,18,TEMPORAL_ACTION_STATE,2792,75788,769,41,0,1978,3,4,59
110,16/08/2026 16:15,18,TEMPORAL_ACTION_STATE,2858,75800,828,51,0,1974,3,4,65
111,16/08/2026 16:15,18,TEMPORAL_ACTION_STATE,2750,76094,771,42,0,1933,3,4,60
112,16/08/2026 16:15,18,TEMPORAL_ACTION_STATE,2816,75951,802,62,0,1946,3,4,60
113,16/08/2026 16:15,18,TEMPORAL_ACTION_STATE,2738,76090,771,44,0,1919,3,4,58
114,16/08/2026 16:15,18,TEMPORAL_ACTION_STATE,2784,76138,772,42,0,1965,3,4,57
115,16/08/2026 16:15,18,TEMPORAL_ACTION_STATE,2738,75814,773,44,0,1917,3,4,64
116,16/08/2026 16:16,18,TEMPORAL_ACTION_STATE,2782,76004,773,43,0,1962,3,4,65
117,16/08/2026 16:16,18,TEMPORAL_ACTION_STATE,2800,75909,772,41,0,1981,3,4,63
118,16/08/2026 16:16,18,TEMPORAL_ACTION_STATE,2767,71013,777,43,0,1943,3,4,63
119,16/08/2026 16:16,18,TEMPORAL_ACTION_STATE,2782,75938,771,43,0,1963,3,4,57
120,16/08/2026 16:16,18,TEMPORAL_ACTION_STATE,2835,71108,847,54,0,1930,3,4,57
121,16/08/2026 16:16,18,TEMPORAL_ACTION_STATE,2765,76058,775,41,0,1944,3,4,66
122,16/08/2026 16:16,18,TEMPORAL_ACTION_STATE,2777,76086,769,40,0,1963,3,4,67
123,16/08/2026 16:16,18,TEMPORAL_ACTION_STATE,2783,70982,789,44,0,1945,3,4,54
124,16/08/2026 16:16,18,TEMPORAL_ACTION_STATE,2768,76114,773,41,0,1949,3,4,57
125,16/08/2026 16:16,18,TEMPORAL_ACTION_STATE,2753,76067,773,41,0,1934,3,4,62
126,16/08/2026 16:16,18,TEMPORAL_ACTION_STATE,2910,80686,783,43,0,2079,3,4,68
127,16/08/2026 16:16,18,TEMPORAL_ACTION_STATE,2766,76086,771,41,0,1949,3,4,71
128,16/08/2026 16:16,18,TEMPORAL_ACTION_STATE,2773,71336,770,41,0,1958,3,4,71
129,16/08/2026 16:16,18,TEMPORAL_ACTION_STATE,2770,75788,778,41,0,1945,3,4,64
130,16/08/2026 16:16,18,TEMPORAL_ACTION_STATE,2746,75922,775,43,0,1922,3,4,56
131,16/08/2026 16:16,18,TEMPORAL_ACTION_STATE,2774,75913,768,41,0,1961,3,4,62
132,16/08/2026 16:16,18,TEMPORAL_ACTION_STATE,2763,75987,775,43,0,1941,3,4,53
133,16/08/2026 16:16,18,TEMPORAL_ACTION_STATE,2760,76047,776,41,0,1938,3,4,69
134,16/08/2026 16:16,18,TEMPORAL_ACTION_STATE,2802,75809,781,41,0,1976,3,4,69
135,16/08/2026 16:16,18,TEMPORAL_ACTION_STATE,2774,76108,775,41,0,1953,3,4,60
136,16/08/2026 16:17,18,TEMPORAL_ACTION_STATE,2783,75951,772,41,0,1964,4,4,59
137,16/08/2026 16:17,18,TEMPORAL_ACTION_STATE,2919,76014,781,41,0,2092,3,4,62
138,16/08/2026 16:17,18,TEMPORAL_ACTION_STATE,2772,71357,810,44,0,1913,3,4,60
139,16/08/2026 16:17,18,TEMPORAL_ACTION_STATE,2754,75939,774,41,0,1933,3,4,60
140,16/08/2026 16:17,18,TEMPORAL_ACTION_STATE,2790,75792,781,43,0,1961,3,4,56
141,16/08/2026 16:17,18,TEMPORAL_ACTION_STATE,2764,71031,786,43,0,1929,3,4,60
142,16/08/2026 16:17,18,TEMPORAL_ACTION_STATE,2779,71052,779,41,0,1954,3,4,63
143,16/08/2026 16:17,18,TEMPORAL_ACTION_STATE,2776,76010,780,41,0,1950,3,4,52
144,16/08/2026 16:17,18,TEMPORAL_ACTION_STATE,2788,75788,776,41,0,1966,3,4,65
145,16/08/2026 16:17,18,TEMPORAL_ACTION_STATE,2769,75758,780,41,0,1943,3,4,62
146,16/08/2026 16:17,18,TEMPORAL_ACTION_STATE,2734,71091,769,41,0,1919,3,4,63
147,16/08/2026 16:17,18,TEMPORAL_ACTION_STATE,2766,71179,769,41,0,1951,3,4,50
148,16/08/2026 16:17,18,TEMPORAL_ACTION_STATE,2769,71248,785,41,0,1938,3,4,59
149,16/08/2026 16:17,18,TEMPORAL_ACTION_STATE,2873,70908,814,52,0,2002,3,4,60
150,16/08/2026 16:17,18,TEMPORAL_ACTION_STATE,2758,75919,779,43,0,1931,2,4,59
151,16/08/2026 16:17,18,TEMPORAL_ACTION_STATE,2746,70973,774,43,0,1925,3,4,63
152,16/08/2026 16:17,18,TEMPORAL_ACTION_STATE,2783,75662,774,43,0,1960,3,4,64
153,16/08/2026 16:17,18,TEMPORAL_ACTION_STATE,2770,75952,773,41,0,1951,3,4,52
154,16/08/2026 16:17,18,TEMPORAL_ACTION_STATE,2734,75912,770,42,0,1917,3,4,55
155,16/08/2026 16:17,18,TEMPORAL_ACTION_STATE,2728,75860,769,40,0,1913,3,4,62
156,16/08/2026 16:18,18,TEMPORAL_ACTION_STATE,2738,70785,773,43,0,1918,2,4,57
157,16/08/2026 16:18,18,TEMPORAL_ACTION_STATE,2764,71068,774,49,0,1935,3,4,70
158,16/08/2026 16:18,18,TEMPORAL_ACTION_STATE,2770,75785,802,43,0,1921,2,4,64
159,16/08/2026 16:18,18,TEMPORAL_ACTION_STATE,2761,76048,770,41,0,1945,2,4,68
160,16/08/2026 16:18,18,TEMPORAL_ACTION_STATE,2806,71056,775,41,0,1985,3,4,70
161,16/08/2026 16:18,18,TEMPORAL_ACTION_STATE,2928,75841,821,51,0,2051,3,4,63
162,16/08/2026 16:18,18,TEMPORAL_ACTION_STATE,2869,70984,777,43,0,2044,3,4,60
163,16/08/2026 16:18,18,TEMPORAL_ACTION_STATE,2811,76020,769,40,0,1997,3,4,70
164,16/08/2026 16:18,18,TEMPORAL_ACTION_STATE,2765,71048,777,43,0,1941,2,4,60
165,16/08/2026 16:18,18,TEMPORAL_ACTION_STATE,2863,76071,822,55,0,1981,3,4,63
166,16/08/2026 16:18,18,TEMPORAL_ACTION_STATE,2760,70885,775,41,0,1939,2,4,59
167,16/08/2026 16:18,18,TEMPORAL_ACTION_STATE,2771,75856,769,43,0,1954,3,4,64
168,16/08/2026 16:18,18,TEMPORAL_ACTION_STATE,2904,76068,807,51,0,2040,3,4,66
169,16/08/2026 16:18,18,TEMPORAL_ACTION_STATE,2791,75967,814,43,0,1929,3,4,58
170,16/08/2026 16:18,18,TEMPORAL_ACTION_STATE,2757,76155,778,41,0,1933,3,4,68
171,16/08/2026 16:18,18,TEMPORAL_ACTION_STATE,2840,71120,815,43,0,1977,3,4,55
172,16/08/2026 16:18,18,TEMPORAL_ACTION_STATE,2759,75979,769,44,0,1941,3,4,63
173,16/08/2026 16:18,18,TEMPORAL_ACTION_STATE,2753,75806,762,41,0,1944,3,4,66
174,16/08/2026 16:18,18,TEMPORAL_ACTION_STATE,2764,76122,807,40,0,1911,3,4,54
175,16/08/2026 16:18,18,TEMPORAL_ACTION_STATE,2853,75926,793,55,0,2000,3,4,56
176,16/08/2026 16:19,18,TEMPORAL_ACTION_STATE,2746,80805,775,44,0,1923,3,4,60
177,16/08/2026 16:19,18,TEMPORAL_ACTION_STATE,2757,75983,774,43,0,1936,2,4,61
178,16/08/2026 16:19,18,TEMPORAL_ACTION_STATE,2742,76025,769,43,0,1923,3,4,63
179,16/08/2026 16:19,18,TEMPORAL_ACTION_STATE,2784,76038,770,42,0,1967,3,4,65
180,16/08/2026 16:19,18,TEMPORAL_ACTION_STATE,2794,75869,769,43,0,1977,3,4,62
181,16/08/2026 16:19,18,TEMPORAL_ACTION_STATE,2795,70895,770,43,0,1978,3,4,65
182,16/08/2026 16:19,18,TEMPORAL_ACTION_STATE,2777,75967,784,44,0,1945,3,4,60
183,16/08/2026 16:19,18,TEMPORAL_ACTION_STATE,2858,76011,802,51,0,2000,4,4,64
184,16/08/2026 16:19,18,TEMPORAL_ACTION_STATE,2777,76069,777,41,0,1955,3,4,57
185,16/08/2026 16:19,18,TEMPORAL_ACTION_STATE,2724,71034,766,42,0,1911,3,4,59
186,16/08/2026 16:19,18,TEMPORAL_ACTION_STATE,2758,75792,776,42,0,1936,3,4,68
187,16/08/2026 16:19,18,TEMPORAL_ACTION_STATE,2747,76051,770,41,0,1931,3,4,67
188,16/08/2026 16:19,18,TEMPORAL_ACTION_STATE,2763,71073,772,43,0,1943,3,4,63
189,16/08/2026 16:19,18,TEMPORAL_ACTION_STATE,2868,75857,829,59,0,1975,3,4,67
190,16/08/2026 16:19,18,TEMPORAL_ACTION_STATE,2778,71018,786,43,0,1944,3,4,64
191,16/08/2026 16:19,18,TEMPORAL_ACTION_STATE,2784,75840,765,41,0,1973,3,4,62
192,16/08/2026 16:19,18,TEMPORAL_ACTION_STATE,2803,71283,773,41,0,1984,3,4,68
193,16/08/2026 16:19,18,TEMPORAL_ACTION_STATE,2826,71033,773,41,0,2007,3,4,66
194,16/08/2026 16:19,18,TEMPORAL_ACTION_STATE,2760,70906,767,40,0,1948,3,4,64
195,16/08/2026 16:19,18,TEMPORAL_ACTION_STATE,2814,75873,765,41,0,2004,2,4,69
196,16/08/2026 16:20,18,TEMPORAL_ACTION_STATE,2765,80754,787,41,0,1932,3,4,64
197,16/08/2026 16:20,18,TEMPORAL_ACTION_STATE,2745,75955,771,43,0,1926,3,4,64
198,16/08/2026 16:20,18,TEMPORAL_ACTION_STATE,2831,75975,777,50,0,1999,3,4,52
199,16/08/2026 16:20,18,TEMPORAL_ACTION_STATE,2766,75749,778,41,0,1942,3,4,60
200,16/08/2026 16:20,18,TEMPORAL_ACTION_STATE,2797,76076,769,42,0,1981,3,4,59
1,16/08/2026 16:20,27,TEMPORAL_ACTION_STATE,21046,289468,832,61,0,20149,2,83,356
2,16/08/2026 16:21,27,TEMPORAL_ACTION_STATE,20904,294755,797,51,0,20051,3,83,363
3,16/08/2026 16:21,27,TEMPORAL_ACTION_STATE,20759,193712,769,49,0,19936,2,83,355
4,16/08/2026 16:21,27,TEMPORAL_ACTION_STATE,20814,203449,772,49,0,19989,2,84,353
5,16/08/2026 16:22,27,TEMPORAL_ACTION_STATE,20713,186786,775,49,0,19884,2,83,355
6,16/08/2026 16:22,27,TEMPORAL_ACTION_STATE,20920,217024,808,77,0,20030,2,84,362
7,16/08/2026 16:22,27,TEMPORAL_ACTION_STATE,20808,235550,791,60,0,19952,2,83,346
8,16/08/2026 16:23,27,TEMPORAL_ACTION_STATE,20853,287641,820,67,0,19962,2,83,356
9,16/08/2026 16:23,27,TEMPORAL_ACTION_STATE,20917,289068,786,51,0,20076,2,83,348
10,16/08/2026 16:23,27,TEMPORAL_ACTION_STATE,21073,210510,770,51,0,20248,2,84,356
11,16/08/2026 16:24,27,TEMPORAL_ACTION_STATE,20588,295500,810,51,0,19723,2,83,352
12,16/08/2026 16:24,27,TEMPORAL_ACTION_STATE,20931,216568,772,49,0,20106,2,84,341
13,16/08/2026 16:24,27,TEMPORAL_ACTION_STATE,20994,322870,770,51,0,20169,2,83,352
14,16/08/2026 16:25,27,TEMPORAL_ACTION_STATE,20824,197613,779,51,0,19990,2,84,361
15,16/08/2026 16:25,27,TEMPORAL_ACTION_STATE,20727,315828,795,49,0,19878,2,83,352
16,16/08/2026 16:25,27,TEMPORAL_ACTION_STATE,20714,194255,826,51,0,19833,2,83,351
17,16/08/2026 16:26,27,TEMPORAL_ACTION_STATE,20605,187077,768,49,0,19784,2,83,357
18,16/08/2026 16:26,27,TEMPORAL_ACTION_STATE,20609,294892,774,50,0,19780,2,83,341
19,16/08/2026 16:26,27,TEMPORAL_ACTION_STATE,20814,282608,813,49,0,19947,2,83,353
20,16/08/2026 16:27,27,TEMPORAL_ACTION_STATE,20909,288191,782,48,0,20074,2,83,353
21,16/08/2026 16:27,27,TEMPORAL_ACTION_STATE,21031,288899,777,54,0,20195,2,83,342
22,16/08/2026 16:28,27,TEMPORAL_ACTION_STATE,20665,193425,775,48,0,19838,2,83,359
23,16/08/2026 16:28,27,TEMPORAL_ACTION_STATE,21035,222522,771,49,0,20210,3,84,344
24,16/08/2026 16:28,27,TEMPORAL_ACTION_STATE,20970,288285,784,56,0,20126,2,83,354
25,16/08/2026 16:29,27,TEMPORAL_ACTION_STATE,20985,186941,841,60,0,20081,2,83,356
26,16/08/2026 16:29,27,TEMPORAL_ACTION_STATE,20682,197281,823,50,0,19805,2,84,348
27,16/08/2026 16:29,27,TEMPORAL_ACTION_STATE,20748,193868,781,51,0,19912,2,83,342
28,16/08/2026 16:30,27,TEMPORAL_ACTION_STATE,21151,343732,781,49,0,20317,2,82,358
29,16/08/2026 16:30,27,TEMPORAL_ACTION_STATE,20787,322209,774,48,0,19961,2,83,344
30,16/08/2026 16:30,27,TEMPORAL_ACTION_STATE,20974,295611,770,56,0,20143,2,83,352
31,16/08/2026 16:31,27,TEMPORAL_ACTION_STATE,20712,294813,771,49,0,19888,3,83,356
32,16/08/2026 16:31,27,TEMPORAL_ACTION_STATE,20712,173609,803,50,0,19855,3,83,362
33,16/08/2026 16:31,27,TEMPORAL_ACTION_STATE,20797,187264,801,49,0,19942,2,83,356
34,16/08/2026 16:32,27,TEMPORAL_ACTION_STATE,20976,288065,771,48,0,20152,2,83,358
35,16/08/2026 16:32,27,TEMPORAL_ACTION_STATE,20727,289049,771,49,0,19902,2,83,354
36,16/08/2026 16:32,27,TEMPORAL_ACTION_STATE,20702,186942,772,50,0,19875,2,83,355
37,16/08/2026 16:33,27,TEMPORAL_ACTION_STATE,21458,194541,780,49,0,20624,2,83,347
38,16/08/2026 16:33,27,TEMPORAL_ACTION_STATE,20845,293574,777,51,0,20013,2,83,355
39,16/08/2026 16:33,27,TEMPORAL_ACTION_STATE,20871,288425,779,51,0,20037,2,83,341
40,16/08/2026 16:34,27,TEMPORAL_ACTION_STATE,20846,289555,804,49,0,19989,2,83,356
41,16/08/2026 16:34,27,TEMPORAL_ACTION_STATE,20812,187501,777,48,0,19983,2,83,350
42,16/08/2026 16:35,27,TEMPORAL_ACTION_STATE,20827,294894,768,48,0,20007,2,83,357
43,16/08/2026 16:35,27,TEMPORAL_ACTION_STATE,20545,187529,773,47,0,19721,2,83,349
44,16/08/2026 16:35,27,TEMPORAL_ACTION_STATE,20887,216835,771,49,0,20063,2,84,346
45,16/08/2026 16:36,27,TEMPORAL_ACTION_STATE,20896,316867,773,61,0,20058,2,83,347
46,16/08/2026 16:36,27,TEMPORAL_ACTION_STATE,20837,316019,830,68,0,19935,2,83,353
47,16/08/2026 16:36,27,TEMPORAL_ACTION_STATE,21146,308708,810,66,0,20265,2,83,354
48,16/08/2026 16:37,27,TEMPORAL_ACTION_STATE,20796,288460,776,49,0,19967,2,83,368
49,16/08/2026 16:37,27,TEMPORAL_ACTION_STATE,20759,194248,769,63,0,19923,2,83,348
50,16/08/2026 16:37,27,TEMPORAL_ACTION_STATE,20681,186918,794,51,0,19832,2,83,351
51,16/08/2026 16:38,27,TEMPORAL_ACTION_STATE,21478,316320,768,49,0,20657,2,83,352
52,16/08/2026 16:38,27,TEMPORAL_ACTION_STATE,20815,187466,772,50,0,19988,2,83,352
53,16/08/2026 16:38,27,TEMPORAL_ACTION_STATE,21086,173599,812,59,0,20211,2,83,356
54,16/08/2026 16:39,27,TEMPORAL_ACTION_STATE,21001,187274,777,51,0,20169,2,83,356
55,16/08/2026 16:39,27,TEMPORAL_ACTION_STATE,21060,288900,773,49,0,20234,2,83,339
56,16/08/2026 16:39,27,TEMPORAL_ACTION_STATE,20942,288266,795,60,0,20083,2,83,360
57,16/08/2026 16:40,27,TEMPORAL_ACTION_STATE,20955,181654,836,60,0,20055,2,83,335
58,16/08/2026 16:40,27,TEMPORAL_ACTION_STATE,20815,193931,774,49,0,19988,2,83,342
59,16/08/2026 16:41,27,TEMPORAL_ACTION_STATE,20694,322479,778,48,0,19864,2,83,341
60,16/08/2026 16:41,27,TEMPORAL_ACTION_STATE,20847,294964,776,48,0,20019,2,83,353
61,16/08/2026 16:41,27,TEMPORAL_ACTION_STATE,21028,296225,773,49,0,20202,2,83,353
62,16/08/2026 16:42,27,TEMPORAL_ACTION_STATE,20746,288644,855,62,0,19825,2,83,354
63,16/08/2026 16:42,27,TEMPORAL_ACTION_STATE,20984,288478,780,49,0,20151,2,83,357
64,16/08/2026 16:42,27,TEMPORAL_ACTION_STATE,20809,204549,776,49,0,19979,3,84,356
65,16/08/2026 16:43,27,TEMPORAL_ACTION_STATE,20636,294526,779,49,0,19803,2,83,342
66,16/08/2026 16:43,27,TEMPORAL_ACTION_STATE,20726,187596,771,50,0,19900,2,83,357
67,16/08/2026 16:43,27,TEMPORAL_ACTION_STATE,20741,282157,772,50,0,19915,2,83,359
68,16/08/2026 16:44,27,TEMPORAL_ACTION_STATE,20774,187972,775,51,0,19943,3,83,352
69,16/08/2026 16:44,27,TEMPORAL_ACTION_STATE,20621,105035,806,60,0,19751,2,83,352
70,16/08/2026 16:44,27,TEMPORAL_ACTION_STATE,20799,187711,771,50,0,19974,2,83,353
71,16/08/2026 16:45,27,TEMPORAL_ACTION_STATE,20897,187841,772,58,0,20063,2,83,355
72,16/08/2026 16:45,27,TEMPORAL_ACTION_STATE,20796,316304,844,67,0,19881,3,83,352
73,16/08/2026 16:45,27,TEMPORAL_ACTION_STATE,20779,295061,787,50,0,19936,3,83,357
74,16/08/2026 16:46,27,TEMPORAL_ACTION_STATE,20796,288924,772,51,0,19969,2,83,354
75,16/08/2026 16:46,27,TEMPORAL_ACTION_STATE,20936,207506,771,51,0,20110,2,83,348
76,16/08/2026 16:46,27,TEMPORAL_ACTION_STATE,21072,289152,769,49,0,20250,2,83,348
77,16/08/2026 16:47,27,TEMPORAL_ACTION_STATE,20824,180475,770,51,0,19999,2,83,341
78,16/08/2026 16:47,27,TEMPORAL_ACTION_STATE,20817,187443,774,49,0,19990,2,83,348
79,16/08/2026 16:48,27,TEMPORAL_ACTION_STATE,21085,223176,772,51,0,20258,2,84,360
80,16/08/2026 16:48,27,TEMPORAL_ACTION_STATE,20822,217081,780,47,0,19990,2,84,360
81,16/08/2026 16:48,27,TEMPORAL_ACTION_STATE,20837,287976,769,51,0,20013,2,83,363
82,16/08/2026 16:49,27,TEMPORAL_ACTION_STATE,20767,289635,771,50,0,19942,2,83,344
83,16/08/2026 16:49,27,TEMPORAL_ACTION_STATE,20879,210397,767,48,0,20059,2,84,357
84,16/08/2026 16:49,27,TEMPORAL_ACTION_STATE,21030,227944,817,48,0,20160,3,83,358
85,16/08/2026 16:50,27,TEMPORAL_ACTION_STATE,20691,343521,773,50,0,19865,2,82,340
86,16/08/2026 16:50,27,TEMPORAL_ACTION_STATE,20777,217037,771,48,0,19953,2,84,353
87,16/08/2026 16:50,27,TEMPORAL_ACTION_STATE,20766,187575,774,49,0,19939,2,83,352
88,16/08/2026 16:51,27,TEMPORAL_ACTION_STATE,20940,210341,798,47,0,20090,2,84,344
89,16/08/2026 16:51,27,TEMPORAL_ACTION_STATE,20876,223981,781,48,0,20043,2,84,358
90,16/08/2026 16:51,27,TEMPORAL_ACTION_STATE,20565,193939,771,52,0,19738,2,83,359
91,16/08/2026 16:52,27,TEMPORAL_ACTION_STATE,21122,217027,827,61,0,20230,2,84,344
92,16/08/2026 16:52,27,TEMPORAL_ACTION_STATE,20925,328680,777,49,0,20095,2,83,350
93,16/08/2026 16:52,27,TEMPORAL_ACTION_STATE,20787,186483,780,51,0,19951,2,83,351
94,16/08/2026 16:53,27,TEMPORAL_ACTION_STATE,20942,302894,776,51,0,20111,2,83,358
95,16/08/2026 16:53,27,TEMPORAL_ACTION_STATE,21314,287464,789,63,0,20457,2,83,359
96,16/08/2026 16:53,27,TEMPORAL_ACTION_STATE,20921,186030,771,51,0,20095,2,83,356
97,16/08/2026 16:54,27,TEMPORAL_ACTION_STATE,20678,295021,772,49,0,19853,2,83,359
98,16/08/2026 16:54,27,TEMPORAL_ACTION_STATE,21027,204357,773,49,0,20201,2,84,368
99,16/08/2026 16:55,27,TEMPORAL_ACTION_STATE,20722,294534,771,48,0,19897,3,83,341
100,16/08/2026 16:55,27,TEMPORAL_ACTION_STATE,20949,194181,816,63,0,20067,2,83,349
101,16/08/2026 16:55,27,TEMPORAL_ACTION_STATE,20971,288274,769,49,0,20148,2,83,347
102,16/08/2026 16:56,27,TEMPORAL_ACTION_STATE,21395,187931,823,62,0,20505,3,83,361
103,16/08/2026 16:56,27,TEMPORAL_ACTION_STATE,21041,210670,821,61,0,20154,3,84,353
104,16/08/2026 16:56,27,TEMPORAL_ACTION_STATE,20725,288739,770,51,0,19900,2,83,347
105,16/08/2026 16:57,27,TEMPORAL_ACTION_STATE,20899,203451,834,51,0,20010,2,84,351
106,16/08/2026 16:57,27,TEMPORAL_ACTION_STATE,20663,70524,801,50,0,19807,2,84,360
107,16/08/2026 16:57,27,TEMPORAL_ACTION_STATE,20961,207049,778,51,0,20128,2,83,341
108,16/08/2026 16:58,27,TEMPORAL_ACTION_STATE,20656,235418,767,51,0,19833,2,83,360
109,16/08/2026 16:58,27,TEMPORAL_ACTION_STATE,20724,210285,775,49,0,19895,2,84,374
110,16/08/2026 16:58,27,TEMPORAL_ACTION_STATE,20728,294749,780,49,0,19895,2,83,351
111,16/08/2026 16:59,27,TEMPORAL_ACTION_STATE,20971,288141,769,49,0,20149,2,83,345
112,16/08/2026 16:59,27,TEMPORAL_ACTION_STATE,20916,187528,837,71,0,20003,2,83,358
113,16/08/2026 16:59,27,TEMPORAL_ACTION_STATE,20907,186543,775,50,0,20078,2,83,357
114,16/08/2026 17:00,27,TEMPORAL_ACTION_STATE,20718,186979,770,50,0,19893,3,83,362
115,16/08/2026 17:00,27,TEMPORAL_ACTION_STATE,20859,294322,777,51,0,20027,2,83,357
116,16/08/2026 17:00,27,TEMPORAL_ACTION_STATE,20926,186876,781,64,0,20077,2,83,358
117,16/08/2026 17:01,27,TEMPORAL_ACTION_STATE,20666,287460,775,48,0,19839,2,83,354
118,16/08/2026 17:01,27,TEMPORAL_ACTION_STATE,20667,322967,770,51,0,19840,3,83,345
119,16/08/2026 17:02,27,TEMPORAL_ACTION_STATE,20882,187084,772,48,0,20057,2,83,341
120,16/08/2026 17:02,27,TEMPORAL_ACTION_STATE,20985,322075,816,63,0,20102,2,83,344
121,16/08/2026 17:02,27,TEMPORAL_ACTION_STATE,20742,281139,778,51,0,19909,2,83,359
122,16/08/2026 17:03,27,TEMPORAL_ACTION_STATE,20702,289110,788,59,0,19850,2,83,358
123,16/08/2026 17:03,27,TEMPORAL_ACTION_STATE,20895,187511,797,65,0,20029,2,83,351
124,16/08/2026 17:03,27,TEMPORAL_ACTION_STATE,20882,301865,774,50,0,20052,3,83,342
125,16/08/2026 17:04,27,TEMPORAL_ACTION_STATE,20657,296121,786,50,0,19817,2,83,370
126,16/08/2026 17:04,27,TEMPORAL_ACTION_STATE,20906,288347,785,60,0,20057,2,83,357
127,16/08/2026 17:04,27,TEMPORAL_ACTION_STATE,20939,30990,773,49,0,20113,3,83,364
128,16/08/2026 17:05,27,TEMPORAL_ACTION_STATE,20989,295234,795,47,0,20143,2,83,352
129,16/08/2026 17:05,27,TEMPORAL_ACTION_STATE,20786,223057,768,51,0,19963,3,84,368
130,16/08/2026 17:05,27,TEMPORAL_ACTION_STATE,20865,209801,830,49,0,19981,2,84,350
131,16/08/2026 17:06,27,TEMPORAL_ACTION_STATE,21297,187155,779,64,0,20450,2,83,355
132,16/08/2026 17:06,27,TEMPORAL_ACTION_STATE,20584,146395,807,60,0,19714,2,83,363
133,16/08/2026 17:06,27,TEMPORAL_ACTION_STATE,21179,295533,807,68,0,20299,2,83,352
134,16/08/2026 17:07,27,TEMPORAL_ACTION_STATE,20842,192467,772,48,0,20017,2,83,334
135,16/08/2026 17:07,27,TEMPORAL_ACTION_STATE,21067,295804,768,51,0,20244,2,83,350
136,16/08/2026 17:08,27,TEMPORAL_ACTION_STATE,20901,180252,775,51,0,20070,2,83,343
137,16/08/2026 17:08,27,TEMPORAL_ACTION_STATE,20974,281048,778,54,0,20138,2,83,355
138,16/08/2026 17:08,27,TEMPORAL_ACTION_STATE,20622,187661,804,53,0,19761,2,83,351
139,16/08/2026 17:09,27,TEMPORAL_ACTION_STATE,20831,187141,777,65,0,19984,2,83,350
140,16/08/2026 17:09,27,TEMPORAL_ACTION_STATE,21161,193120,845,59,0,20252,2,83,343
141,16/08/2026 17:09,27,TEMPORAL_ACTION_STATE,20689,302764,776,50,0,19858,3,83,356
142,16/08/2026 17:10,27,TEMPORAL_ACTION_STATE,20945,234990,786,51,0,20104,2,83,342
143,16/08/2026 17:10,27,TEMPORAL_ACTION_STATE,20669,288788,771,49,0,19844,2,83,348
144,16/08/2026 17:10,27,TEMPORAL_ACTION_STATE,20405,343548,772,50,0,19578,2,82,351
145,16/08/2026 17:11,27,TEMPORAL_ACTION_STATE,20904,193540,773,50,0,20077,2,83,354
146,16/08/2026 17:11,27,TEMPORAL_ACTION_STATE,20862,289756,775,51,0,20031,2,83,348
147,16/08/2026 17:11,27,TEMPORAL_ACTION_STATE,21102,180455,803,51,0,20242,3,83,347
148,16/08/2026 17:12,27,TEMPORAL_ACTION_STATE,20812,181273,774,57,0,19976,2,83,354
149,16/08/2026 17:12,27,TEMPORAL_ACTION_STATE,21161,209493,837,68,0,20252,2,84,345
150,16/08/2026 17:12,27,TEMPORAL_ACTION_STATE,21027,210317,779,49,0,20195,2,84,348
151,16/08/2026 17:13,27,TEMPORAL_ACTION_STATE,20704,187511,778,52,0,19869,2,83,352
152,16/08/2026 17:13,27,TEMPORAL_ACTION_STATE,20929,282446,776,48,0,20101,2,83,365
153,16/08/2026 17:13,27,TEMPORAL_ACTION_STATE,20790,295565,778,48,0,19958,3,83,349
154,16/08/2026 17:14,27,TEMPORAL_ACTION_STATE,20948,217093,767,49,0,20128,2,84,351
155,16/08/2026 17:14,27,TEMPORAL_ACTION_STATE,20726,180324,768,51,0,19903,2,83,358
156,16/08/2026 17:15,27,TEMPORAL_ACTION_STATE,20702,210918,771,51,0,19875,2,84,363
157,16/08/2026 17:15,27,TEMPORAL_ACTION_STATE,20989,309089,769,51,0,20165,2,83,347
158,16/08/2026 17:15,27,TEMPORAL_ACTION_STATE,20979,294487,785,48,0,20141,3,83,359
159,16/08/2026 17:16,27,TEMPORAL_ACTION_STATE,20827,282232,775,48,0,20000,2,83,352
160,16/08/2026 17:16,27,TEMPORAL_ACTION_STATE,20776,223750,780,49,0,19943,3,84,347
161,16/08/2026 17:16,27,TEMPORAL_ACTION_STATE,20757,289483,815,48,0,19889,2,83,352
162,16/08/2026 17:17,27,TEMPORAL_ACTION_STATE,21006,288788,789,62,0,20151,2,83,355
163,16/08/2026 17:17,27,TEMPORAL_ACTION_STATE,21105,187035,773,48,0,20280,2,83,366
164,16/08/2026 17:17,27,TEMPORAL_ACTION_STATE,20656,295413,773,48,0,19831,2,83,359
165,16/08/2026 17:18,27,TEMPORAL_ACTION_STATE,20857,190847,771,49,0,20033,3,84,362
166,16/08/2026 17:18,27,TEMPORAL_ACTION_STATE,20926,203628,773,51,0,20097,2,84,350
167,16/08/2026 17:18,27,TEMPORAL_ACTION_STATE,21076,209905,768,48,0,20256,2,84,359
168,16/08/2026 17:19,27,TEMPORAL_ACTION_STATE,20722,58187,773,51,0,19895,2,84,354
169,16/08/2026 17:19,27,TEMPORAL_ACTION_STATE,20851,289159,769,51,0,20027,2,83,358
170,16/08/2026 17:19,27,TEMPORAL_ACTION_STATE,20650,187005,783,50,0,19814,2,83,348
171,16/08/2026 17:20,27,TEMPORAL_ACTION_STATE,20774,288267,770,49,0,19951,2,83,351
172,16/08/2026 17:20,27,TEMPORAL_ACTION_STATE,20785,289626,775,51,0,19954,2,83,355
173,16/08/2026 17:20,27,TEMPORAL_ACTION_STATE,20988,281485,825,63,0,20095,2,83,340
174,16/08/2026 17:21,27,TEMPORAL_ACTION_STATE,20671,289201,772,50,0,19844,3,83,358
175,16/08/2026 17:21,27,TEMPORAL_ACTION_STATE,20782,294775,780,51,0,19947,2,83,355
176,16/08/2026 17:22,27,TEMPORAL_ACTION_STATE,20903,301944,826,51,0,20021,2,83,348
177,16/08/2026 17:22,27,TEMPORAL_ACTION_STATE,20870,223373,774,49,0,20043,2,84,350
178,16/08/2026 17:22,27,TEMPORAL_ACTION_STATE,20608,194120,771,49,0,19783,2,83,363
179,16/08/2026 17:23,27,TEMPORAL_ACTION_STATE,20985,294958,767,48,0,20165,2,83,340
180,16/08/2026 17:23,27,TEMPORAL_ACTION_STATE,20712,235257,771,48,0,19889,2,83,360
181,16/08/2026 17:23,27,TEMPORAL_ACTION_STATE,20629,200546,776,48,0,19800,2,83,352
182,16/08/2026 17:24,27,TEMPORAL_ACTION_STATE,20972,210227,788,53,0,20127,2,84,358
183,16/08/2026 17:24,27,TEMPORAL_ACTION_STATE,20746,188203,817,70,0,19854,2,83,356
184,16/08/2026 17:24,27,TEMPORAL_ACTION_STATE,20675,288648,786,50,0,19835,2,83,341
185,16/08/2026 17:25,27,TEMPORAL_ACTION_STATE,20461,98424,781,50,0,19626,2,83,351
186,16/08/2026 17:25,27,TEMPORAL_ACTION_STATE,20745,187516,768,50,0,19923,2,83,341
187,16/08/2026 17:25,27,TEMPORAL_ACTION_STATE,21007,194047,805,58,0,20140,2,83,356
188,16/08/2026 17:26,27,TEMPORAL_ACTION_STATE,20899,281774,773,48,0,20073,2,83,349
189,16/08/2026 17:26,27,TEMPORAL_ACTION_STATE,20818,203705,796,56,0,19961,3,84,362
190,16/08/2026 17:26,27,TEMPORAL_ACTION_STATE,20754,223821,775,49,0,19924,3,84,352
191,16/08/2026 17:27,27,TEMPORAL_ACTION_STATE,20805,289061,781,51,0,19969,2,83,349
192,16/08/2026 17:27,27,TEMPORAL_ACTION_STATE,21032,228286,787,48,0,20192,2,83,362
193,16/08/2026 17:27,27,TEMPORAL_ACTION_STATE,20925,289209,824,61,0,20035,2,83,351
194,16/08/2026 17:28,27,TEMPORAL_ACTION_STATE,21046,224352,773,51,0,20218,2,84,348
195,16/08/2026 17:28,27,TEMPORAL_ACTION_STATE,20682,180340,804,49,0,19824,2,83,341
196,16/08/2026 17:29,27,TEMPORAL_ACTION_STATE,20703,241456,779,53,0,19867,2,83,351
197,16/08/2026 17:29,27,TEMPORAL_ACTION_STATE,20643,187622,784,50,0,19805,2,83,343
198,16/08/2026 17:29,27,TEMPORAL_ACTION_STATE,20821,288325,779,50,0,19987,2,83,349
199,16/08/2026 17:30,27,TEMPORAL_ACTION_STATE,20825,187536,770,48,0,20003,2,83,367
200,16/08/2026 17:30,27,TEMPORAL_ACTION_STATE,20830,193972,777,49,0,20000,2,83,359
1,16/08/2026 17:31,36,TEMPORAL_ACTION_STATE,29760,298173,809,64,0,28883,2,96,759
2,16/08/2026 17:31,36,TEMPORAL_ACTION_STATE,29540,278669,780,57,0,28699,2,95,745
3,16/08/2026 17:32,36,TEMPORAL_ACTION_STATE,29540,298082,775,68,0,28694,2,95,747
4,16/08/2026 17:32,36,TEMPORAL_ACTION_STATE,29544,291413,782,56,0,28703,2,96,758
5,16/08/2026 17:32,36,TEMPORAL_ACTION_STATE,29463,381640,770,58,0,28631,2,95,753
6,16/08/2026 17:33,36,TEMPORAL_ACTION_STATE,29502,413555,787,56,0,28655,2,95,725
7,16/08/2026 17:33,36,TEMPORAL_ACTION_STATE,29536,413884,770,56,0,28706,2,95,754
8,16/08/2026 17:34,36,TEMPORAL_ACTION_STATE,29523,284811,830,68,0,28620,2,96,735
9,16/08/2026 17:34,36,TEMPORAL_ACTION_STATE,29561,407364,805,66,0,28686,2,95,749
10,16/08/2026 17:35,36,TEMPORAL_ACTION_STATE,29601,407128,786,64,0,28746,2,95,738
11,16/08/2026 17:35,36,TEMPORAL_ACTION_STATE,29594,400836,788,58,0,28744,2,95,748
12,16/08/2026 17:36,36,TEMPORAL_ACTION_STATE,29549,271744,772,58,0,28715,2,95,738
13,16/08/2026 17:36,36,TEMPORAL_ACTION_STATE,29580,381862,774,56,0,28746,2,95,756
14,16/08/2026 17:37,36,TEMPORAL_ACTION_STATE,29702,400879,816,55,0,28827,2,95,755
15,16/08/2026 17:37,36,TEMPORAL_ACTION_STATE,29308,375644,796,73,0,28436,2,95,738
16,16/08/2026 17:38,36,TEMPORAL_ACTION_STATE,29714,394442,778,57,0,28874,2,95,753
17,16/08/2026 17:38,36,TEMPORAL_ACTION_STATE,29628,413709,756,56,0,28812,3,95,760
18,16/08/2026 17:39,36,TEMPORAL_ACTION_STATE,29549,291891,780,58,0,28706,2,95,745
19,16/08/2026 17:39,36,TEMPORAL_ACTION_STATE,29758,258904,836,70,0,28848,2,95,747
20,16/08/2026 17:40,36,TEMPORAL_ACTION_STATE,29753,426032,815,77,0,28857,2,95,748
21,16/08/2026 17:40,36,TEMPORAL_ACTION_STATE,29419,375522,770,58,0,28587,2,95,728
22,16/08/2026 17:41,36,TEMPORAL_ACTION_STATE,29507,400983,770,57,0,28676,2,95,759
23,16/08/2026 17:41,36,TEMPORAL_ACTION_STATE,29531,420324,779,58,0,28689,2,95,747
24,16/08/2026 17:42,36,TEMPORAL_ACTION_STATE,29614,413817,769,58,0,28783,2,95,751
25,16/08/2026 17:42,36,TEMPORAL_ACTION_STATE,29406,426222,782,56,0,28563,2,95,738
26,16/08/2026 17:43,36,TEMPORAL_ACTION_STATE,29534,265429,766,57,0,28707,2,95,741
27,16/08/2026 17:43,36,TEMPORAL_ACTION_STATE,29578,401076,811,73,0,28689,2,95,743
28,16/08/2026 17:44,36,TEMPORAL_ACTION_STATE,29442,278555,798,55,0,28585,2,95,762
29,16/08/2026 17:44,36,TEMPORAL_ACTION_STATE,29457,401205,772,58,0,28622,2,95,745
30,16/08/2026 17:45,36,TEMPORAL_ACTION_STATE,30053,284552,773,55,0,29221,2,96,777
31,16/08/2026 17:45,36,TEMPORAL_ACTION_STATE,29405,400922,784,56,0,28561,2,95,746
32,16/08/2026 17:46,36,TEMPORAL_ACTION_STATE,29624,419851,779,55,0,28785,2,95,739
33,16/08/2026 17:46,36,TEMPORAL_ACTION_STATE,29470,407581,768,55,0,28642,2,95,755
34,16/08/2026 17:47,36,TEMPORAL_ACTION_STATE,29289,476293,793,71,0,28420,2,94,752
35,16/08/2026 17:47,36,TEMPORAL_ACTION_STATE,29649,420157,769,58,0,28818,2,95,739
36,16/08/2026 17:48,36,TEMPORAL_ACTION_STATE,29407,419894,770,55,0,28577,2,95,739
37,16/08/2026 17:48,36,TEMPORAL_ACTION_STATE,29833,400693,773,58,0,28997,3,95,746
38,16/08/2026 17:49,36,TEMPORAL_ACTION_STATE,29842,401229,829,68,0,28941,2,95,742
39,16/08/2026 17:49,36,TEMPORAL_ACTION_STATE,29487,407294,773,58,0,28652,2,95,756
40,16/08/2026 17:50,36,TEMPORAL_ACTION_STATE,29698,285006,772,55,0,28867,2,96,745
41,16/08/2026 17:50,36,TEMPORAL_ACTION_STATE,29540,413697,778,57,0,28700,2,95,771
42,16/08/2026 17:51,36,TEMPORAL_ACTION_STATE,29424,271719,805,57,0,28558,2,95,748
43,16/08/2026 17:51,36,TEMPORAL_ACTION_STATE,29543,304479,771,57,0,28711,2,95,752
44,16/08/2026 17:52,36,TEMPORAL_ACTION_STATE,29787,387899,771,55,0,28956,2,95,746
45,16/08/2026 17:52,36,TEMPORAL_ACTION_STATE,29351,401005,770,55,0,28522,2,95,741
46,16/08/2026 17:53,36,TEMPORAL_ACTION_STATE,29736,413458,770,56,0,28906,2,95,748
47,16/08/2026 17:53,36,TEMPORAL_ACTION_STATE,29524,291429,768,55,0,28696,2,95,755
48,16/08/2026 17:54,36,TEMPORAL_ACTION_STATE,29658,400925,771,57,0,28826,2,95,742
49,16/08/2026 17:54,36,TEMPORAL_ACTION_STATE,29882,426232,781,65,0,29032,2,95,744
50,16/08/2026 17:55,36,TEMPORAL_ACTION_STATE,29513,407338,779,57,0,28674,2,95,742
51,16/08/2026 17:55,36,TEMPORAL_ACTION_STATE,29418,413848,768,55,0,28590,2,95,731
52,16/08/2026 17:56,36,TEMPORAL_ACTION_STATE,29224,419807,772,56,0,28391,2,95,755
53,16/08/2026 17:56,36,TEMPORAL_ACTION_STATE,29617,413593,769,55,0,28788,2,95,751
54,16/08/2026 17:57,36,TEMPORAL_ACTION_STATE,29792,413747,769,54,0,28966,2,95,741
55,16/08/2026 17:57,36,TEMPORAL_ACTION_STATE,29604,291650,823,68,0,28709,2,95,749
56,16/08/2026 17:58,36,TEMPORAL_ACTION_STATE,29619,278494,789,56,0,28770,2,95,751
57,16/08/2026 17:58,36,TEMPORAL_ACTION_STATE,29875,291644,786,56,0,29028,2,95,736
58,16/08/2026 17:59,36,TEMPORAL_ACTION_STATE,29779,419875,773,55,0,28946,2,95,748
59,16/08/2026 17:59,36,TEMPORAL_ACTION_STATE,29622,407427,774,71,0,28773,2,95,730
60,16/08/2026 18:00,36,TEMPORAL_ACTION_STATE,29840,401072,781,55,0,28999,2,95,758
61,16/08/2026 18:00,36,TEMPORAL_ACTION_STATE,29436,401026,776,57,0,28599,2,95,743
62,16/08/2026 18:01,36,TEMPORAL_ACTION_STATE,29363,265018,771,58,0,28530,2,95,735
63,16/08/2026 18:01,36,TEMPORAL_ACTION_STATE,29656,413520,815,73,0,28765,2,95,758
64,16/08/2026 18:02,36,TEMPORAL_ACTION_STATE,29593,381836,768,56,0,28765,2,95,740
65,16/08/2026 18:02,36,TEMPORAL_ACTION_STATE,29530,419939,774,56,0,28696,2,95,755
66,16/08/2026 18:03,36,TEMPORAL_ACTION_STATE,29759,413805,771,58,0,28927,2,95,733
67,16/08/2026 18:03,36,TEMPORAL_ACTION_STATE,29292,285210,769,56,0,28463,2,95,741
68,16/08/2026 18:04,36,TEMPORAL_ACTION_STATE,29596,381738,777,55,0,28759,2,95,746
69,16/08/2026 18:04,36,TEMPORAL_ACTION_STATE,29621,375575,777,54,0,28786,2,95,738
70,16/08/2026 18:05,36,TEMPORAL_ACTION_STATE,29616,413864,772,56,0,28784,2,95,759
71,16/08/2026 18:05,36,TEMPORAL_ACTION_STATE,29725,258877,829,78,0,28814,2,95,749
72,16/08/2026 18:06,36,TEMPORAL_ACTION_STATE,29765,394913,773,57,0,28931,2,95,752
73,16/08/2026 18:06,36,TEMPORAL_ACTION_STATE,29675,278778,826,57,0,28788,2,95,747
74,16/08/2026 18:07,36,TEMPORAL_ACTION_STATE,29762,278874,842,75,0,28841,2,95,756
75,16/08/2026 18:07,36,TEMPORAL_ACTION_STATE,29520,278503,807,69,0,28640,2,95,736
76,16/08/2026 18:08,36,TEMPORAL_ACTION_STATE,29568,271709,773,58,0,28733,2,95,757
77,16/08/2026 18:08,36,TEMPORAL_ACTION_STATE,29726,413720,772,58,0,28892,2,95,747
78,16/08/2026 18:09,36,TEMPORAL_ACTION_STATE,29865,400919,804,71,0,28987,2,95,749
79,16/08/2026 18:09,36,TEMPORAL_ACTION_STATE,29649,413669,821,70,0,28754,2,95,744
80,16/08/2026 18:10,36,TEMPORAL_ACTION_STATE,29739,369424,789,67,0,28879,2,95,760
81,16/08/2026 18:10,36,TEMPORAL_ACTION_STATE,29960,375496,774,59,0,29122,2,95,750
82,16/08/2026 18:11,36,TEMPORAL_ACTION_STATE,29417,369037,827,75,0,28511,2,95,758
83,16/08/2026 18:11,36,TEMPORAL_ACTION_STATE,29788,291735,773,56,0,28955,2,95,742
84,16/08/2026 18:12,36,TEMPORAL_ACTION_STATE,29553,400814,771,58,0,28720,2,95,750
85,16/08/2026 18:12,36,TEMPORAL_ACTION_STATE,29701,420030,776,67,0,28855,2,95,751
86,16/08/2026 18:13,36,TEMPORAL_ACTION_STATE,29619,265116,766,56,0,28792,2,95,749
87,16/08/2026 18:13,36,TEMPORAL_ACTION_STATE,29735,298160,776,56,0,28899,2,95,736
88,16/08/2026 18:14,36,TEMPORAL_ACTION_STATE,29635,388124,770,56,0,28805,2,95,753
89,16/08/2026 18:14,36,TEMPORAL_ACTION_STATE,29713,381304,778,56,0,28875,2,95,764
90,16/08/2026 18:15,36,TEMPORAL_ACTION_STATE,29706,271738,767,57,0,28877,2,95,736
91,16/08/2026 18:15,36,TEMPORAL_ACTION_STATE,30060,407458,769,57,0,29230,2,95,729
92,16/08/2026 18:16,36,TEMPORAL_ACTION_STATE,29311,369145,771,55,0,28480,2,95,734
93,16/08/2026 18:16,36,TEMPORAL_ACTION_STATE,29705,291435,773,58,0,28870,2,96,736
94,16/08/2026 18:17,36,TEMPORAL_ACTION_STATE,29554,394405,771,55,0,28724,2,95,738
95,16/08/2026 18:17,36,TEMPORAL_ACTION_STATE,29934,278276,768,55,0,29106,2,96,740
96,16/08/2026 18:18,36,TEMPORAL_ACTION_STATE,29771,291653,835,56,0,28875,2,95,731
97,16/08/2026 18:18,36,TEMPORAL_ACTION_STATE,29613,368893,794,55,0,28760,2,95,753
98,16/08/2026 18:19,36,TEMPORAL_ACTION_STATE,29860,413637,800,56,0,29000,2,95,761
99,16/08/2026 18:19,36,TEMPORAL_ACTION_STATE,29943,400688,771,56,0,29112,2,95,750
100,16/08/2026 18:20,36,TEMPORAL_ACTION_STATE,29775,407339,807,55,0,28909,2,95,740
101,16/08/2026 18:20,36,TEMPORAL_ACTION_STATE,29504,291657,767,56,0,28677,2,95,749
102,16/08/2026 18:21,36,TEMPORAL_ACTION_STATE,30298,278824,821,73,0,29399,2,95,749
103,16/08/2026 18:21,36,TEMPORAL_ACTION_STATE,29301,413439,781,57,0,28459,2,95,751
104,16/08/2026 18:22,36,TEMPORAL_ACTION_STATE,29901,419807,775,56,0,29066,2,95,741
105,16/08/2026 18:22,36,TEMPORAL_ACTION_STATE,29724,381758,769,57,0,28894,2,95,735
106,16/08/2026 18:23,36,TEMPORAL_ACTION_STATE,29418,375626,777,58,0,28579,2,95,743
107,16/08/2026 18:23,36,TEMPORAL_ACTION_STATE,29718,426390,772,58,0,28884,2,95,739
108,16/08/2026 18:24,36,TEMPORAL_ACTION_STATE,29286,413788,772,56,0,28454,2,95,757
109,16/08/2026 18:24,36,TEMPORAL_ACTION_STATE,29495,413563,773,58,0,28660,2,95,737
110,16/08/2026 18:25,36,TEMPORAL_ACTION_STATE,29407,381904,775,49,0,28578,2,95,745
111,16/08/2026 18:25,36,TEMPORAL_ACTION_STATE,29580,407213,771,58,0,28748,2,95,747
112,16/08/2026 18:26,36,TEMPORAL_ACTION_STATE,30091,400966,803,56,0,29227,2,95,760
113,16/08/2026 18:26,36,TEMPORAL_ACTION_STATE,29406,407615,770,57,0,28575,2,95,736
114,16/08/2026 18:27,36,TEMPORAL_ACTION_STATE,29957,420063,810,81,0,29062,2,95,755
115,16/08/2026 18:27,36,TEMPORAL_ACTION_STATE,29658,285181,842,77,0,28735,2,95,728
116,16/08/2026 18:28,36,TEMPORAL_ACTION_STATE,30069,413724,771,56,0,29238,2,95,749
117,16/08/2026 18:28,36,TEMPORAL_ACTION_STATE,29707,400825,773,56,0,28874,2,95,740
118,16/08/2026 18:29,36,TEMPORAL_ACTION_STATE,29626,413691,807,73,0,28741,2,95,739
119,16/08/2026 18:29,36,TEMPORAL_ACTION_STATE,29577,413647,775,55,0,28743,2,95,738
120,16/08/2026 18:30,36,TEMPORAL_ACTION_STATE,29598,388118,771,55,0,28768,2,95,736
121,16/08/2026 18:30,36,TEMPORAL_ACTION_STATE,29764,401009,769,56,0,28935,2,95,731
122,16/08/2026 18:31,36,TEMPORAL_ACTION_STATE,29829,400940,768,57,0,29000,2,95,737
123,16/08/2026 18:31,36,TEMPORAL_ACTION_STATE,29673,400851,771,55,0,28842,2,95,722
124,16/08/2026 18:32,36,TEMPORAL_ACTION_STATE,29736,426423,768,56,0,28908,2,95,745
125,16/08/2026 18:32,36,TEMPORAL_ACTION_STATE,29795,413849,774,56,0,28961,2,95,751
126,16/08/2026 18:33,36,TEMPORAL_ACTION_STATE,29372,413663,781,62,0,28525,2,95,753
127,16/08/2026 18:33,36,TEMPORAL_ACTION_STATE,29610,413734,769,55,0,28781,2,95,743
128,16/08/2026 18:34,36,TEMPORAL_ACTION_STATE,29937,413815,795,54,0,29084,2,95,749
129,16/08/2026 18:34,36,TEMPORAL_ACTION_STATE,29799,401277,771,56,0,28968,2,95,757
130,16/08/2026 18:35,36,TEMPORAL_ACTION_STATE,29634,407331,771,57,0,28802,2,95,755
131,16/08/2026 18:35,36,TEMPORAL_ACTION_STATE,29686,401036,770,55,0,28856,2,95,758
132,16/08/2026 18:36,36,TEMPORAL_ACTION_STATE,29429,413767,769,59,0,28598,2,95,738
133,16/08/2026 18:36,36,TEMPORAL_ACTION_STATE,29253,426351,782,57,0,28410,2,95,751
134,16/08/2026 18:37,36,TEMPORAL_ACTION_STATE,29940,381520,840,91,0,29005,2,95,740
135,16/08/2026 18:37,36,TEMPORAL_ACTION_STATE,29466,419986,779,58,0,28624,2,95,741
136,16/08/2026 18:38,36,TEMPORAL_ACTION_STATE,29711,413490,770,57,0,28879,2,95,756
137,16/08/2026 18:38,36,TEMPORAL_ACTION_STATE,30643,565371,769,80,1,29789,2,94,739
138,16/08/2026 18:39,36,TEMPORAL_ACTION_STATE,29393,394574,783,58,0,28548,2,95,748
139,16/08/2026 18:39,36,TEMPORAL_ACTION_STATE,29503,381517,769,56,0,28674,2,95,743
140,16/08/2026 18:40,36,TEMPORAL_ACTION_STATE,29685,375460,768,58,0,28854,2,95,738
141,16/08/2026 18:40,36,TEMPORAL_ACTION_STATE,29367,298066,770,58,0,28534,2,95,746
142,16/08/2026 18:41,36,TEMPORAL_ACTION_STATE,29805,258927,805,62,0,28934,2,95,741
143,16/08/2026 18:41,36,TEMPORAL_ACTION_STATE,30106,419968,768,56,0,29278,2,95,747
144,16/08/2026 18:42,36,TEMPORAL_ACTION_STATE,29496,413799,774,55,0,28662,2,95,740
145,16/08/2026 18:42,36,TEMPORAL_ACTION_STATE,29500,414009,825,56,0,28615,2,95,758
146,16/08/2026 18:43,36,TEMPORAL_ACTION_STATE,29863,420203,774,58,0,29027,2,95,741
147,16/08/2026 18:43,36,TEMPORAL_ACTION_STATE,29564,413581,780,56,0,28723,2,95,748
148,16/08/2026 18:44,36,TEMPORAL_ACTION_STATE,29962,413861,775,59,0,29124,2,95,745
149,16/08/2026 18:44,36,TEMPORAL_ACTION_STATE,30212,265718,783,58,0,29367,2,96,744
150,16/08/2026 18:45,36,TEMPORAL_ACTION_STATE,29432,375574,770,56,0,28602,2,95,748
151,16/08/2026 18:45,36,TEMPORAL_ACTION_STATE,29523,285198,757,56,0,28705,2,95,751
152,16/08/2026 18:46,36,TEMPORAL_ACTION_STATE,29538,420001,769,53,0,28711,2,95,753
153,16/08/2026 18:46,36,TEMPORAL_ACTION_STATE,29836,400891,772,55,0,29005,2,95,755
154,16/08/2026 18:47,36,TEMPORAL_ACTION_STATE,29603,401058,771,58,0,28770,2,95,746
155,16/08/2026 18:47,36,TEMPORAL_ACTION_STATE,29930,381864,773,56,0,29097,2,95,754
156,16/08/2026 18:48,36,TEMPORAL_ACTION_STATE,29969,400954,773,56,0,29135,2,95,725
157,16/08/2026 18:48,36,TEMPORAL_ACTION_STATE,29981,413880,798,88,0,29091,2,95,746
158,16/08/2026 18:49,36,TEMPORAL_ACTION_STATE,29786,387908,771,58,0,28952,2,95,742
159,16/08/2026 18:49,36,TEMPORAL_ACTION_STATE,29723,400609,773,59,1,28886,2,95,775
160,16/08/2026 18:50,36,TEMPORAL_ACTION_STATE,29875,413872,768,55,0,29048,2,95,757
161,16/08/2026 18:50,36,TEMPORAL_ACTION_STATE,29591,413741,775,57,0,28754,2,95,737
162,16/08/2026 18:51,36,TEMPORAL_ACTION_STATE,29681,413558,780,58,0,28839,2,95,747
163,16/08/2026 18:51,36,TEMPORAL_ACTION_STATE,29232,401001,774,56,0,28398,2,95,749
164,16/08/2026 18:52,36,TEMPORAL_ACTION_STATE,29868,406993,771,56,0,29037,2,95,733
165,16/08/2026 18:52,36,TEMPORAL_ACTION_STATE,29583,291850,822,58,0,28699,2,96,738
166,16/08/2026 18:53,36,TEMPORAL_ACTION_STATE,29666,388053,778,58,0,28826,2,95,755
167,16/08/2026 18:53,36,TEMPORAL_ACTION_STATE,29817,291439,788,55,0,28969,2,95,747
168,16/08/2026 18:54,36,TEMPORAL_ACTION_STATE,29366,413405,769,57,0,28536,2,95,765
169,16/08/2026 18:54,36,TEMPORAL_ACTION_STATE,29801,381778,808,64,0,28924,2,95,731
170,16/08/2026 18:55,36,TEMPORAL_ACTION_STATE,29512,413871,774,56,0,28677,2,95,740
171,16/08/2026 18:55,36,TEMPORAL_ACTION_STATE,29772,284903,784,57,0,28927,2,96,752
172,16/08/2026 18:56,36,TEMPORAL_ACTION_STATE,29621,413644,792,75,0,28750,2,95,746
173,16/08/2026 18:56,36,TEMPORAL_ACTION_STATE,29277,420001,770,56,0,28448,2,95,748
174,16/08/2026 18:57,36,TEMPORAL_ACTION_STATE,29700,401309,769,56,0,28871,2,95,748
175,16/08/2026 18:57,36,TEMPORAL_ACTION_STATE,29641,298429,780,58,0,28800,2,96,764
176,16/08/2026 18:58,36,TEMPORAL_ACTION_STATE,29404,407294,818,55,0,28526,2,95,744
177,16/08/2026 18:58,36,TEMPORAL_ACTION_STATE,29693,407632,800,64,0,28825,2,95,739
178,16/08/2026 18:59,36,TEMPORAL_ACTION_STATE,29540,265038,808,77,0,28650,2,95,751
179,16/08/2026 18:59,36,TEMPORAL_ACTION_STATE,29447,413642,823,70,0,28551,2,95,738
180,16/08/2026 19:00,36,TEMPORAL_ACTION_STATE,29666,413420,773,57,0,28832,2,95,748
181,16/08/2026 19:00,36,TEMPORAL_ACTION_STATE,29263,381664,769,55,0,28434,2,95,742
182,16/08/2026 19:01,36,TEMPORAL_ACTION_STATE,29533,394468,778,88,0,28664,2,95,728
183,16/08/2026 19:01,36,TEMPORAL_ACTION_STATE,29760,285013,768,56,0,28931,2,95,750
184,16/08/2026 19:02,36,TEMPORAL_ACTION_STATE,29528,381839,808,67,0,28649,2,95,772
185,16/08/2026 19:02,36,TEMPORAL_ACTION_STATE,29672,407230,778,55,0,28835,2,95,757
186,16/08/2026 19:03,36,TEMPORAL_ACTION_STATE,30118,271791,783,63,0,29268,2,95,740
187,16/08/2026 19:03,36,TEMPORAL_ACTION_STATE,29780,401043,840,58,0,28877,2,95,744
188,16/08/2026 19:04,36,TEMPORAL_ACTION_STATE,29680,413808,766,55,0,28855,2,95,743
189,16/08/2026 19:04,36,TEMPORAL_ACTION_STATE,29871,400803,769,55,0,29043,2,95,758
190,16/08/2026 19:05,36,TEMPORAL_ACTION_STATE,29837,387940,814,55,0,28964,2,95,731
191,16/08/2026 19:05,36,TEMPORAL_ACTION_STATE,29590,291657,797,57,0,28731,2,95,752
192,16/08/2026 19:06,36,TEMPORAL_ACTION_STATE,29589,413990,771,55,0,28759,2,95,741
193,16/08/2026 19:06,36,TEMPORAL_ACTION_STATE,29414,420011,820,78,0,28512,2,95,729
194,16/08/2026 19:07,36,TEMPORAL_ACTION_STATE,29764,291486,802,67,0,28890,2,96,736
195,16/08/2026 19:07,36,TEMPORAL_ACTION_STATE,30023,271961,804,68,0,29146,2,95,746
196,16/08/2026 19:08,36,TEMPORAL_ACTION_STATE,30032,407610,765,56,0,29207,2,95,751
197,16/08/2026 19:08,36,TEMPORAL_ACTION_STATE,29583,413590,774,58,0,28747,2,95,744
198,16/08/2026 19:09,36,TEMPORAL_ACTION_STATE,30177,264938,824,67,0,29282,2,95,737
199,16/08/2026 19:09,36,TEMPORAL_ACTION_STATE,29524,413801,769,55,0,28696,2,95,749
200,16/08/2026 19:10,36,TEMPORAL_ACTION_STATE,29802,407362,779,56,0,28963,2,95,737
1,16/08/2026 19:11,45,TEMPORAL_ACTION_STATE,78333,322519,778,65,0,77486,2,213,2272
2,16/08/2026 19:12,45,TEMPORAL_ACTION_STATE,78898,333568,767,62,0,78064,2,213,2229
3,16/08/2026 19:14,45,TEMPORAL_ACTION_STATE,77362,219012,775,62,0,76520,2,215,2269
4,16/08/2026 19:15,45,TEMPORAL_ACTION_STATE,77355,429352,791,62,0,76497,2,213,2231
5,16/08/2026 19:16,45,TEMPORAL_ACTION_STATE,78775,458451,778,63,0,77930,2,213,2284
6,16/08/2026 19:17,45,TEMPORAL_ACTION_STATE,77608,326824,775,62,0,76766,2,213,2251
7,16/08/2026 19:19,45,TEMPORAL_ACTION_STATE,77777,470517,767,59,0,76947,2,213,2279
8,16/08/2026 19:20,45,TEMPORAL_ACTION_STATE,78411,257270,769,62,0,77576,2,215,2234
9,16/08/2026 19:21,45,TEMPORAL_ACTION_STATE,78858,294513,786,65,0,78003,2,213,2220
10,16/08/2026 19:23,45,TEMPORAL_ACTION_STATE,77119,447820,841,62,0,76211,2,213,2218
11,16/08/2026 19:24,45,TEMPORAL_ACTION_STATE,78963,471642,770,65,0,78124,2,213,2287
12,16/08/2026 19:25,45,TEMPORAL_ACTION_STATE,78361,361212,773,62,0,77522,2,213,2233
13,16/08/2026 19:27,45,TEMPORAL_ACTION_STATE,78699,322519,770,64,0,77860,2,213,2269
14,16/08/2026 19:28,45,TEMPORAL_ACTION_STATE,77810,521651,824,72,0,76910,2,214,2244
15,16/08/2026 19:29,45,TEMPORAL_ACTION_STATE,78079,359265,771,62,0,77240,2,213,2222
16,16/08/2026 19:31,45,TEMPORAL_ACTION_STATE,77323,301845,799,96,0,76423,2,213,2267
17,16/08/2026 19:32,45,TEMPORAL_ACTION_STATE,80268,495893,777,63,0,79424,2,213,2268
18,16/08/2026 19:33,45,TEMPORAL_ACTION_STATE,77721,328945,772,62,0,76883,2,213,2215
19,16/08/2026 19:35,45,TEMPORAL_ACTION_STATE,79012,522294,778,62,0,78168,2,214,2233
20,16/08/2026 19:36,45,TEMPORAL_ACTION_STATE,79496,509878,773,65,0,78653,3,212,2246
21,16/08/2026 19:37,45,TEMPORAL_ACTION_STATE,79746,333011,777,60,0,78905,2,213,2279
22,16/08/2026 19:38,45,TEMPORAL_ACTION_STATE,77253,322565,767,62,0,76419,2,213,2216
23,16/08/2026 19:40,45,TEMPORAL_ACTION_STATE,77993,483016,770,63,0,77155,2,213,2205
24,16/08/2026 19:41,45,TEMPORAL_ACTION_STATE,79952,367225,778,62,0,79108,2,213,2222
25,16/08/2026 19:42,45,TEMPORAL_ACTION_STATE,79011,416271,778,64,0,78164,3,213,2232
26,16/08/2026 19:44,45,TEMPORAL_ACTION_STATE,77472,458612,772,62,0,76632,3,213,2261
27,16/08/2026 19:45,45,TEMPORAL_ACTION_STATE,78493,410004,787,78,0,77622,2,212,2219
28,16/08/2026 19:46,45,TEMPORAL_ACTION_STATE,79151,516554,778,70,0,78298,3,212,2217
29,16/08/2026 19:48,45,TEMPORAL_ACTION_STATE,77239,522206,802,79,0,76353,2,212,2226
30,16/08/2026 19:49,45,TEMPORAL_ACTION_STATE,79802,510054,803,65,0,78930,2,214,2247
31,16/08/2026 19:50,45,TEMPORAL_ACTION_STATE,80149,373843,771,62,0,79311,2,213,2236
32,16/08/2026 19:52,45,TEMPORAL_ACTION_STATE,78500,322328,776,65,0,77655,2,213,2244
33,16/08/2026 19:53,45,TEMPORAL_ACTION_STATE,78151,263460,781,62,0,77303,2,215,2227
34,16/08/2026 19:54,45,TEMPORAL_ACTION_STATE,76857,416175,816,66,0,75971,2,212,2226
35,16/08/2026 19:56,45,TEMPORAL_ACTION_STATE,77843,219391,813,58,0,76967,2,215,2264
36,16/08/2026 19:57,45,TEMPORAL_ACTION_STATE,78356,509552,819,74,0,77458,2,212,2255
37,16/08/2026 19:58,45,TEMPORAL_ACTION_STATE,78913,326717,771,65,0,78073,2,213,2279
38,16/08/2026 19:59,45,TEMPORAL_ACTION_STATE,78558,294682,771,63,0,77719,2,213,2230
39,16/08/2026 20:01,45,TEMPORAL_ACTION_STATE,78278,367300,772,63,0,77440,2,213,2238
40,16/08/2026 20:02,45,TEMPORAL_ACTION_STATE,78800,466174,771,62,0,77962,2,213,2215
41,16/08/2026 20:03,45,TEMPORAL_ACTION_STATE,78305,250684,772,62,0,77467,2,215,2245
42,16/08/2026 20:05,45,TEMPORAL_ACTION_STATE,76922,465663,771,61,0,76086,2,213,2216
43,16/08/2026 20:06,45,TEMPORAL_ACTION_STATE,77019,302640,771,65,0,76179,2,213,2252
44,16/08/2026 20:07,45,TEMPORAL_ACTION_STATE,76874,326911,776,65,0,76030,2,213,2206
45,16/08/2026 20:09,45,TEMPORAL_ACTION_STATE,78727,339568,775,65,0,77883,2,213,2225
46,16/08/2026 20:10,45,TEMPORAL_ACTION_STATE,77956,495877,772,64,0,77115,2,213,2242
47,16/08/2026 20:11,45,TEMPORAL_ACTION_STATE,78349,360824,787,62,0,77495,3,213,2251
48,16/08/2026 20:13,45,TEMPORAL_ACTION_STATE,78730,458878,768,61,0,77896,3,213,2229
49,16/08/2026 20:14,45,TEMPORAL_ACTION_STATE,78161,367598,771,64,0,77321,2,213,2231
50,16/08/2026 20:15,45,TEMPORAL_ACTION_STATE,79353,458896,773,65,0,78511,2,213,2246
51,16/08/2026 20:16,45,TEMPORAL_ACTION_STATE,78303,300821,775,64,0,77459,2,213,2264
52,16/08/2026 20:18,45,TEMPORAL_ACTION_STATE,78470,269780,780,65,0,77621,2,215,2261
53,16/08/2026 20:19,45,TEMPORAL_ACTION_STATE,78653,347575,773,63,0,77812,2,214,2257
54,16/08/2026 20:20,45,TEMPORAL_ACTION_STATE,79043,435388,827,72,0,78139,2,213,2262
55,16/08/2026 20:22,45,TEMPORAL_ACTION_STATE,78228,359292,778,81,0,77366,2,213,2252
56,16/08/2026 20:23,45,TEMPORAL_ACTION_STATE,78756,329341,773,63,0,77915,2,213,2238
57,16/08/2026 20:24,45,TEMPORAL_ACTION_STATE,78767,326736,767,65,0,77930,2,213,2241
58,16/08/2026 20:26,45,TEMPORAL_ACTION_STATE,79580,477865,803,78,0,78696,2,212,2219
59,16/08/2026 20:27,45,TEMPORAL_ACTION_STATE,77389,302400,771,63,0,76551,2,213,2206
60,16/08/2026 20:28,45,TEMPORAL_ACTION_STATE,77285,490594,768,64,0,76449,2,212,2237
61,16/08/2026 20:30,45,TEMPORAL_ACTION_STATE,80351,483080,807,81,0,79458,3,213,2258
62,16/08/2026 20:31,45,TEMPORAL_ACTION_STATE,77612,496524,837,73,0,76698,2,212,2241
63,16/08/2026 20:32,45,TEMPORAL_ACTION_STATE,80076,333150,860,81,0,79131,2,213,2266
64,16/08/2026 20:34,45,TEMPORAL_ACTION_STATE,78463,288138,769,63,0,77627,2,213,2294
65,16/08/2026 20:35,45,TEMPORAL_ACTION_STATE,78685,397375,815,80,0,77786,2,213,2244
66,16/08/2026 20:36,45,TEMPORAL_ACTION_STATE,77660,421994,782,82,0,76792,2,212,2292
67,16/08/2026 20:37,45,TEMPORAL_ACTION_STATE,78703,341956,781,63,0,77855,2,213,2270
68,16/08/2026 20:39,45,TEMPORAL_ACTION_STATE,77163,384651,769,63,0,76326,2,212,2229
69,16/08/2026 20:40,45,TEMPORAL_ACTION_STATE,78754,391176,773,65,0,77912,2,213,2247
70,16/08/2026 20:41,45,TEMPORAL_ACTION_STATE,77346,354046,803,66,0,76472,2,213,2235
71,16/08/2026 20:43,45,TEMPORAL_ACTION_STATE,77905,509462,767,65,0,77068,3,212,2220
72,16/08/2026 20:44,45,TEMPORAL_ACTION_STATE,77310,465515,793,77,0,76435,3,213,2255
73,16/08/2026 20:45,45,TEMPORAL_ACTION_STATE,77001,219474,778,62,0,76157,2,215,2262
74,16/08/2026 20:47,45,TEMPORAL_ACTION_STATE,78820,397484,770,62,0,77983,2,213,2272
75,16/08/2026 20:48,45,TEMPORAL_ACTION_STATE,80125,309178,774,63,0,79284,2,212,2219
76,16/08/2026 20:49,45,TEMPORAL_ACTION_STATE,79927,328491,792,63,0,79067,2,215,2247
77,16/08/2026 20:51,45,TEMPORAL_ACTION_STATE,80159,347073,768,62,0,79324,2,213,2237
78,16/08/2026 20:52,45,TEMPORAL_ACTION_STATE,78087,504097,770,63,0,77248,2,212,2240
79,16/08/2026 20:53,45,TEMPORAL_ACTION_STATE,79161,504040,774,63,0,78320,2,212,2263
80,16/08/2026 20:55,45,TEMPORAL_ACTION_STATE,77693,397585,772,62,0,76854,2,213,2289
81,16/08/2026 20:56,45,TEMPORAL_ACTION_STATE,79979,219051,781,75,0,79119,2,215,2261
82,16/08/2026 20:57,45,TEMPORAL_ACTION_STATE,80024,397653,768,62,0,79189,2,213,2267
83,16/08/2026 20:59,45,TEMPORAL_ACTION_STATE,79680,320410,828,83,0,78764,2,213,2277
84,16/08/2026 21:00,45,TEMPORAL_ACTION_STATE,78699,262455,770,60,0,77864,2,213,2284
85,16/08/2026 21:01,45,TEMPORAL_ACTION_STATE,78255,294751,837,83,0,77331,3,213,2257
86,16/08/2026 21:02,45,TEMPORAL_ACTION_STATE,80545,302329,809,86,0,79646,2,213,2212
87,16/08/2026 21:04,45,TEMPORAL_ACTION_STATE,80686,334999,778,62,0,79841,2,213,2247
88,16/08/2026 21:05,45,TEMPORAL_ACTION_STATE,78480,212522,816,70,0,77589,2,213,2205
89,16/08/2026 21:06,45,TEMPORAL_ACTION_STATE,78409,288808,772,62,0,77571,2,215,2245
90,16/08/2026 21:08,45,TEMPORAL_ACTION_STATE,79902,326962,769,63,0,79066,2,213,2260
91,16/08/2026 21:09,45,TEMPORAL_ACTION_STATE,77435,489346,768,62,0,76600,2,213,2203
92,16/08/2026 21:10,45,TEMPORAL_ACTION_STATE,77329,250505,770,69,0,76485,2,215,2226
93,16/08/2026 21:12,45,TEMPORAL_ACTION_STATE,80345,522710,766,63,0,79511,2,212,2189
94,16/08/2026 21:13,45,TEMPORAL_ACTION_STATE,79824,371835,788,63,0,78969,2,212,2256
95,16/08/2026 21:14,45,TEMPORAL_ACTION_STATE,77965,326906,770,64,0,77126,2,213,2254
96,16/08/2026 21:16,45,TEMPORAL_ACTION_STATE,76902,257052,771,61,0,76066,2,215,2218
97,16/08/2026 21:17,45,TEMPORAL_ACTION_STATE,78445,366117,777,64,0,77600,2,213,2261
98,16/08/2026 21:18,45,TEMPORAL_ACTION_STATE,78444,392413,773,64,0,77603,2,213,2197
99,16/08/2026 21:20,45,TEMPORAL_ACTION_STATE,79709,334824,772,62,0,78871,2,213,2228
100,16/08/2026 21:21,45,TEMPORAL_ACTION_STATE,80772,353072,787,64,0,79916,2,213,2269
101,16/08/2026 21:22,45,TEMPORAL_ACTION_STATE,77897,434979,774,63,0,77056,2,213,2233
102,16/08/2026 21:24,45,TEMPORAL_ACTION_STATE,79477,322980,759,59,0,78655,2,213,2241
103,16/08/2026 21:25,45,TEMPORAL_ACTION_STATE,80450,384091,773,61,0,79611,3,212,2278
104,16/08/2026 21:26,45,TEMPORAL_ACTION_STATE,79093,483149,775,63,0,78251,2,213,2248
105,16/08/2026 21:28,45,TEMPORAL_ACTION_STATE,77318,333334,772,62,0,76480,2,213,2240
106,16/08/2026 21:29,45,TEMPORAL_ACTION_STATE,79911,339994,779,64,0,79064,2,213,2277
107,16/08/2026 21:30,45,TEMPORAL_ACTION_STATE,79611,335593,768,62,0,78777,2,213,2284
108,16/08/2026 21:32,45,TEMPORAL_ACTION_STATE,78130,326777,776,61,0,77288,2,213,2242
109,16/08/2026 21:33,45,TEMPORAL_ACTION_STATE,76808,458670,766,62,0,75975,2,213,2248
110,16/08/2026 21:34,45,TEMPORAL_ACTION_STATE,80093,326864,774,62,0,79253,2,213,2237
111,16/08/2026 21:35,45,TEMPORAL_ACTION_STATE,76666,335088,770,61,0,75830,2,213,2236
112,16/08/2026 21:37,45,TEMPORAL_ACTION_STATE,77034,339897,772,64,0,76193,2,213,2247
113,16/08/2026 21:38,45,TEMPORAL_ACTION_STATE,77541,522220,768,63,0,76706,2,214,2228
114,16/08/2026 21:39,45,TEMPORAL_ACTION_STATE,78495,359148,777,65,0,77649,2,213,2241
115,16/08/2026 21:41,45,TEMPORAL_ACTION_STATE,79027,373649,804,86,0,78132,2,213,2222
116,16/08/2026 21:42,45,TEMPORAL_ACTION_STATE,77085,415750,771,64,0,76245,2,213,2242
117,16/08/2026 21:43,45,TEMPORAL_ACTION_STATE,78124,296253,774,62,0,77284,2,213,2247
118,16/08/2026 21:45,45,TEMPORAL_ACTION_STATE,79049,386300,807,97,0,78137,5,213,2211
119,16/08/2026 21:46,45,TEMPORAL_ACTION_STATE,77088,409563,770,62,0,76252,2,212,2232
120,16/08/2026 21:47,45,TEMPORAL_ACTION_STATE,79793,326937,776,62,0,78952,2,213,2215
121,16/08/2026 21:48,45,TEMPORAL_ACTION_STATE,77583,345850,769,62,0,76747,2,215,2220
122,16/08/2026 21:50,45,TEMPORAL_ACTION_STATE,79983,510049,769,64,0,79146,2,212,2182
123,16/08/2026 21:51,45,TEMPORAL_ACTION_STATE,79194,354249,784,77,0,78329,2,213,2236
124,16/08/2026 21:52,45,TEMPORAL_ACTION_STATE,78598,434923,770,63,0,77760,2,213,2242
125,16/08/2026 21:54,45,TEMPORAL_ACTION_STATE,78245,339582,770,65,0,77405,2,213,2278
126,16/08/2026 21:55,45,TEMPORAL_ACTION_STATE,77830,495701,776,62,0,76987,2,213,2231
127,16/08/2026 21:56,45,TEMPORAL_ACTION_STATE,78745,341217,808,64,0,77869,2,213,2246
128,16/08/2026 21:58,45,TEMPORAL_ACTION_STATE,78374,328897,767,62,0,77541,2,213,2259
129,16/08/2026 21:59,45,TEMPORAL_ACTION_STATE,78444,296132,773,66,0,77602,2,213,2227
130,16/08/2026 22:00,45,TEMPORAL_ACTION_STATE,78718,212730,807,59,0,77848,2,213,2225
131,16/08/2026 22:02,45,TEMPORAL_ACTION_STATE,77817,333152,802,77,0,76933,2,213,2223
132,16/08/2026 22:03,45,TEMPORAL_ACTION_STATE,77471,352747,812,82,0,76572,2,213,2275
133,16/08/2026 22:04,45,TEMPORAL_ACTION_STATE,77837,516314,777,63,0,76992,2,212,2297
134,16/08/2026 22:06,45,TEMPORAL_ACTION_STATE,77917,307561,815,64,0,77034,3,213,2287
135,16/08/2026 22:07,45,TEMPORAL_ACTION_STATE,78187,263512,783,66,0,77333,2,215,2236
136,16/08/2026 22:08,45,TEMPORAL_ACTION_STATE,78405,409944,771,65,0,77564,2,212,2206
137,16/08/2026 22:09,45,TEMPORAL_ACTION_STATE,77252,352959,783,80,0,76385,2,213,2220
138,16/08/2026 22:11,45,TEMPORAL_ACTION_STATE,78888,509232,846,79,0,77958,2,212,2250
139,16/08/2026 22:12,45,TEMPORAL_ACTION_STATE,78323,435001,767,61,0,77491,2,213,2230
140,16/08/2026 22:13,45,TEMPORAL_ACTION_STATE,79111,428694,771,64,0,78271,2,213,2236
141,16/08/2026 22:15,45,TEMPORAL_ACTION_STATE,78465,522250,769,62,0,77629,3,214,2242
142,16/08/2026 22:16,45,TEMPORAL_ACTION_STATE,80448,510046,779,64,0,79601,2,214,2243
143,16/08/2026 22:17,45,TEMPORAL_ACTION_STATE,77279,347027,781,65,0,76429,2,213,2231
144,16/08/2026 22:19,45,TEMPORAL_ACTION_STATE,77669,509681,779,62,0,76823,2,212,2230
145,16/08/2026 22:20,45,TEMPORAL_ACTION_STATE,79971,339558,768,72,0,79126,2,213,2250
146,16/08/2026 22:21,45,TEMPORAL_ACTION_STATE,78784,516099,768,64,0,77947,2,212,2233
147,16/08/2026 22:23,45,TEMPORAL_ACTION_STATE,78715,360726,776,64,0,77871,2,213,2266
148,16/08/2026 22:24,45,TEMPORAL_ACTION_STATE,78731,458810,784,69,0,77874,2,213,2223
149,16/08/2026 22:25,45,TEMPORAL_ACTION_STATE,77596,359355,771,63,0,76758,2,213,2237
150,16/08/2026 22:27,45,TEMPORAL_ACTION_STATE,78240,496491,780,63,0,77392,2,212,2229
151,16/08/2026 22:28,45,TEMPORAL_ACTION_STATE,78108,523121,782,62,0,77260,2,214,2230
152,16/08/2026 22:29,45,TEMPORAL_ACTION_STATE,78915,212673,772,62,0,78076,2,215,2225
153,16/08/2026 22:30,45,TEMPORAL_ACTION_STATE,79946,465745,769,62,0,79111,2,212,2246
154,16/08/2026 22:32,45,TEMPORAL_ACTION_STATE,77805,302343,771,62,0,76967,2,213,2233
155,16/08/2026 22:33,45,TEMPORAL_ACTION_STATE,77259,367352,773,76,0,76405,2,213,2240
156,16/08/2026 22:34,45,TEMPORAL_ACTION_STATE,77968,459088,772,62,0,77129,2,213,2257
157,16/08/2026 22:36,45,TEMPORAL_ACTION_STATE,78100,327073,771,62,0,77262,2,213,2284
158,16/08/2026 22:37,45,TEMPORAL_ACTION_STATE,77603,326588,771,62,0,76765,2,215,2272
159,16/08/2026 22:38,45,TEMPORAL_ACTION_STATE,79807,522005,773,62,0,78967,2,212,2248
160,16/08/2026 22:40,45,TEMPORAL_ACTION_STATE,78983,326840,775,64,0,78139,2,213,2269
161,16/08/2026 22:41,45,TEMPORAL_ACTION_STATE,80478,289643,770,62,0,79642,2,213,2255
162,16/08/2026 22:42,45,TEMPORAL_ACTION_STATE,78623,359436,780,64,0,77776,2,213,2234
163,16/08/2026 22:44,45,TEMPORAL_ACTION_STATE,78103,282523,769,64,0,77265,2,213,2266
164,16/08/2026 22:45,45,TEMPORAL_ACTION_STATE,78707,289792,777,66,0,77860,2,213,2270
165,16/08/2026 22:46,45,TEMPORAL_ACTION_STATE,76982,262338,770,65,0,76143,2,213,2269
166,16/08/2026 22:48,45,TEMPORAL_ACTION_STATE,77578,295733,791,61,0,76722,2,213,2226
167,16/08/2026 22:49,45,TEMPORAL_ACTION_STATE,78705,333128,794,77,0,77830,2,213,2227
168,16/08/2026 22:50,45,TEMPORAL_ACTION_STATE,78375,477126,774,64,0,77532,2,213,2241
169,16/08/2026 22:51,45,TEMPORAL_ACTION_STATE,78564,454181,773,62,0,77724,2,213,2248
170,16/08/2026 22:53,45,TEMPORAL_ACTION_STATE,78555,390549,771,65,0,77715,2,212,2216
171,16/08/2026 22:54,45,TEMPORAL_ACTION_STATE,79133,296027,772,63,0,78294,2,213,2225
172,16/08/2026 22:55,45,TEMPORAL_ACTION_STATE,78912,416048,774,62,0,78072,2,213,2251
173,16/08/2026 22:57,45,TEMPORAL_ACTION_STATE,78946,371728,784,64,0,78094,2,213,2228
174,16/08/2026 22:58,45,TEMPORAL_ACTION_STATE,77954,458783,770,64,0,77115,2,213,2256
175,16/08/2026 22:59,45,TEMPORAL_ACTION_STATE,78825,294900,815,65,0,77941,2,213,2289
176,16/08/2026 23:01,45,TEMPORAL_ACTION_STATE,78290,296105,767,62,0,77455,2,213,2262
177,16/08/2026 23:02,45,TEMPORAL_ACTION_STATE,78782,296342,830,62,0,77886,2,213,2258
178,16/08/2026 23:03,45,TEMPORAL_ACTION_STATE,78872,471254,770,62,0,78035,2,213,2218
179,16/08/2026 23:05,45,TEMPORAL_ACTION_STATE,77878,448123,778,65,0,77030,2,213,2265
180,16/08/2026 23:06,45,TEMPORAL_ACTION_STATE,79133,471644,775,65,0,78288,2,212,2222
181,16/08/2026 23:07,45,TEMPORAL_ACTION_STATE,77400,458762,807,81,0,76508,2,213,2249
182,16/08/2026 23:08,45,TEMPORAL_ACTION_STATE,76487,513163,772,62,0,75649,2,211,2264
183,16/08/2026 23:10,45,TEMPORAL_ACTION_STATE,78963,302786,765,64,0,78130,2,213,2232
184,16/08/2026 23:11,45,TEMPORAL_ACTION_STATE,78786,295504,770,64,0,77948,2,213,2258
185,16/08/2026 23:12,45,TEMPORAL_ACTION_STATE,78950,391656,770,62,0,78114,2,213,2252
186,16/08/2026 23:14,45,TEMPORAL_ACTION_STATE,77997,289688,774,62,0,77157,2,213,2267
187,16/08/2026 23:15,45,TEMPORAL_ACTION_STATE,80757,326867,849,78,0,79825,2,213,2263
188,16/08/2026 23:16,45,TEMPORAL_ACTION_STATE,79849,295837,774,60,0,79010,2,213,2264
189,16/08/2026 23:18,45,TEMPORAL_ACTION_STATE,79562,416055,768,62,0,78727,2,213,2247
190,16/08/2026 23:19,45,TEMPORAL_ACTION_STATE,77339,335253,783,55,0,76497,2,213,2275
191,16/08/2026 23:20,45,TEMPORAL_ACTION_STATE,80747,333261,791,88,0,79862,2,213,2244
192,16/08/2026 23:22,45,TEMPORAL_ACTION_STATE,78404,522248,805,76,0,77518,2,214,2281
193,16/08/2026 23:23,45,TEMPORAL_ACTION_STATE,79189,422152,790,64,0,78330,2,213,2233
194,16/08/2026 23:24,45,TEMPORAL_ACTION_STATE,77583,385919,787,65,0,76726,2,213,2190
195,16/08/2026 23:26,45,TEMPORAL_ACTION_STATE,79378,429595,824,80,0,78470,2,213,2266
196,16/08/2026 23:27,45,TEMPORAL_ACTION_STATE,78590,302250,809,65,0,77712,2,213,2257
197,16/08/2026 23:28,45,TEMPORAL_ACTION_STATE,77351,282999,771,64,0,76512,2,213,2216
198,16/08/2026 23:30,45,TEMPORAL_ACTION_STATE,79672,329369,777,64,0,78827,2,213,2253
199,16/08/2026 23:31,45,TEMPORAL_ACTION_STATE,77695,328961,773,63,0,76854,2,213,2255
200,16/08/2026 23:32,45,TEMPORAL_ACTION_STATE,79921,441375,772,65,0,79080,2,213,2252
1,16/08/2026 23:33,54,TEMPORAL_ACTION_STATE,65807,451576,836,92,0,64874,2,185,1470
2,16/08/2026 23:35,54,TEMPORAL_ACTION_STATE,64528,405391,772,67,0,63674,12,185,1453
3,16/08/2026 23:36,54,TEMPORAL_ACTION_STATE,64681,412040,771,71,0,63834,2,185,1472
4,16/08/2026 23:37,54,TEMPORAL_ACTION_STATE,64889,412098,772,69,0,64043,2,185,1466
5,16/08/2026 23:38,54,TEMPORAL_ACTION_STATE,64651,629497,794,73,0,63780,2,185,1484
6,16/08/2026 23:39,54,TEMPORAL_ACTION_STATE,65240,451756,772,67,0,64397,2,185,1470
7,16/08/2026 23:40,54,TEMPORAL_ACTION_STATE,64805,438772,772,69,0,63960,2,185,1480
8,16/08/2026 23:41,54,TEMPORAL_ACTION_STATE,65698,425611,771,71,0,64851,2,185,1481
9,16/08/2026 23:42,54,TEMPORAL_ACTION_STATE,65917,709858,771,70,0,65072,2,184,1451
10,16/08/2026 23:43,54,TEMPORAL_ACTION_STATE,64666,405366,775,76,0,63811,2,185,1468
11,16/08/2026 23:44,54,TEMPORAL_ACTION_STATE,64580,661153,769,68,0,63739,2,183,1452
12,16/08/2026 23:45,54,TEMPORAL_ACTION_STATE,64814,412308,781,69,0,63960,2,185,1496
13,16/08/2026 23:46,54,TEMPORAL_ACTION_STATE,65116,710787,770,70,0,64271,2,184,1451
14,16/08/2026 23:48,54,TEMPORAL_ACTION_STATE,65268,716185,785,81,0,64398,2,184,1442
15,16/08/2026 23:49,54,TEMPORAL_ACTION_STATE,65021,425240,772,68,0,64176,2,185,1449
16,16/08/2026 23:50,54,TEMPORAL_ACTION_STATE,65463,431729,778,67,0,64613,2,185,1542
17,16/08/2026 23:51,54,TEMPORAL_ACTION_STATE,64914,405439,771,68,0,64071,2,185,1474
18,16/08/2026 23:52,54,TEMPORAL_ACTION_STATE,64626,425247,782,86,0,63754,2,185,1478
19,16/08/2026 23:53,54,TEMPORAL_ACTION_STATE,65146,710055,774,69,0,64299,2,184,1462
20,16/08/2026 23:54,54,TEMPORAL_ACTION_STATE,65209,654641,821,67,0,64317,2,185,1470
21,16/08/2026 23:55,54,TEMPORAL_ACTION_STATE,65567,424986,778,70,0,64715,2,185,1454
22,16/08/2026 23:56,54,TEMPORAL_ACTION_STATE,65474,438496,769,67,0,64634,2,185,1482
23,16/08/2026 23:57,54,TEMPORAL_ACTION_STATE,64499,656584,766,70,0,63658,2,186,1462
24,16/08/2026 23:58,54,TEMPORAL_ACTION_STATE,64724,701104,772,67,0,63880,2,184,1482
25,17/08/2026 00:00,54,TEMPORAL_ACTION_STATE,64961,418402,814,67,0,64076,3,186,1485
26,17/08/2026 00:01,54,TEMPORAL_ACTION_STATE,64542,425022,771,69,0,63698,2,185,1470
27,17/08/2026 00:02,54,TEMPORAL_ACTION_STATE,65462,722931,776,63,0,64618,2,184,1444
28,17/08/2026 00:03,54,TEMPORAL_ACTION_STATE,64810,709430,776,71,0,63958,2,184,1462
29,17/08/2026 00:04,54,TEMPORAL_ACTION_STATE,65359,722949,789,68,0,64497,2,184,1454
30,17/08/2026 00:05,54,TEMPORAL_ACTION_STATE,65185,411945,774,67,0,64340,2,185,1479
31,17/08/2026 00:06,54,TEMPORAL_ACTION_STATE,65027,418669,777,68,0,64178,2,185,1465
32,17/08/2026 00:07,54,TEMPORAL_ACTION_STATE,64313,418778,767,70,0,63472,2,185,1466
33,17/08/2026 00:08,54,TEMPORAL_ACTION_STATE,64726,710405,795,75,0,63852,2,184,1454
34,17/08/2026 00:09,54,TEMPORAL_ACTION_STATE,64912,660784,773,68,0,64066,2,183,1436
35,17/08/2026 00:10,54,TEMPORAL_ACTION_STATE,65451,425108,840,97,0,64509,2,185,1461
36,17/08/2026 00:11,54,TEMPORAL_ACTION_STATE,64770,716083,809,93,0,63864,2,184,1463
37,17/08/2026 00:13,54,TEMPORAL_ACTION_STATE,64817,716727,774,62,0,63977,2,184,1474
38,17/08/2026 00:14,54,TEMPORAL_ACTION_STATE,65415,404530,772,70,0,64569,3,186,1561
39,17/08/2026 00:15,54,TEMPORAL_ACTION_STATE,65081,425037,775,85,0,64217,2,185,1478
40,17/08/2026 00:16,54,TEMPORAL_ACTION_STATE,65395,405804,776,69,0,64546,2,185,1452
41,17/08/2026 00:17,54,TEMPORAL_ACTION_STATE,65293,405362,771,69,0,64449,2,185,1442
42,17/08/2026 00:18,54,TEMPORAL_ACTION_STATE,64525,432035,768,69,0,63684,2,185,1468
43,17/08/2026 00:19,54,TEMPORAL_ACTION_STATE,65112,635365,768,70,0,64270,2,185,1460
44,17/08/2026 00:20,54,TEMPORAL_ACTION_STATE,64959,424991,788,85,0,64081,2,185,1431
45,17/08/2026 00:21,54,TEMPORAL_ACTION_STATE,64421,425082,766,70,0,63581,2,185,1479
46,17/08/2026 00:22,54,TEMPORAL_ACTION_STATE,64745,722755,774,67,0,63900,2,184,1482
47,17/08/2026 00:23,54,TEMPORAL_ACTION_STATE,64951,729514,778,68,0,64101,2,184,1463
48,17/08/2026 00:25,54,TEMPORAL_ACTION_STATE,65527,721880,770,67,0,64686,2,185,1448
49,17/08/2026 00:26,54,TEMPORAL_ACTION_STATE,64928,716782,779,68,0,64076,2,184,1452
50,17/08/2026 00:27,54,TEMPORAL_ACTION_STATE,65082,425282,792,68,0,64218,2,185,1489
51,17/08/2026 00:28,54,TEMPORAL_ACTION_STATE,65253,655326,772,70,0,64406,2,185,1526
52,17/08/2026 00:29,54,TEMPORAL_ACTION_STATE,65179,716098,816,67,0,64291,2,184,1533
53,17/08/2026 00:30,54,TEMPORAL_ACTION_STATE,65424,411790,771,67,0,64581,2,185,1448
54,17/08/2026 00:31,54,TEMPORAL_ACTION_STATE,65479,444993,802,87,0,64585,2,185,1469
55,17/08/2026 00:32,54,TEMPORAL_ACTION_STATE,64584,722986,813,79,0,63687,2,184,1437
56,17/08/2026 00:33,54,TEMPORAL_ACTION_STATE,64365,424993,770,67,0,63523,2,185,1466
57,17/08/2026 00:34,54,TEMPORAL_ACTION_STATE,64876,425410,777,83,0,64012,2,185,1469
58,17/08/2026 00:35,54,TEMPORAL_ACTION_STATE,64916,425517,771,68,0,64073,2,185,1472
59,17/08/2026 00:36,54,TEMPORAL_ACTION_STATE,65289,418472,773,70,0,64443,2,185,1468
60,17/08/2026 00:38,54,TEMPORAL_ACTION_STATE,64991,636157,772,65,0,64149,2,185,1460
61,17/08/2026 00:39,54,TEMPORAL_ACTION_STATE,64592,412177,773,69,0,63746,2,185,1478
62,17/08/2026 00:40,54,TEMPORAL_ACTION_STATE,64989,431545,782,72,0,64130,2,185,1494
63,17/08/2026 00:41,54,TEMPORAL_ACTION_STATE,64785,424479,773,66,0,63941,2,185,1470
64,17/08/2026 00:42,54,TEMPORAL_ACTION_STATE,65028,424742,783,70,0,64170,2,186,1449
65,17/08/2026 00:43,54,TEMPORAL_ACTION_STATE,63843,654984,769,67,0,63003,2,185,1437
66,17/08/2026 00:44,54,TEMPORAL_ACTION_STATE,65021,425159,772,70,0,64175,2,185,1467
67,17/08/2026 00:45,54,TEMPORAL_ACTION_STATE,65107,425378,772,69,0,64261,2,185,1463
68,17/08/2026 00:46,54,TEMPORAL_ACTION_STATE,64622,655358,771,70,0,63776,2,185,1471
69,17/08/2026 00:47,54,TEMPORAL_ACTION_STATE,63920,675104,772,70,0,63073,2,185,1460
70,17/08/2026 00:48,54,TEMPORAL_ACTION_STATE,65343,709718,772,67,0,64499,2,184,1449
71,17/08/2026 00:49,54,TEMPORAL_ACTION_STATE,64712,425155,768,67,0,63873,2,185,1461
72,17/08/2026 00:51,54,TEMPORAL_ACTION_STATE,64676,709566,769,67,0,63836,2,184,1433
73,17/08/2026 00:52,54,TEMPORAL_ACTION_STATE,65423,425366,828,78,0,64513,3,185,1482
74,17/08/2026 00:53,54,TEMPORAL_ACTION_STATE,65119,668198,770,67,0,64278,2,185,1489
75,17/08/2026 00:54,54,TEMPORAL_ACTION_STATE,64497,412328,773,69,0,63651,2,185,1466
76,17/08/2026 00:55,54,TEMPORAL_ACTION_STATE,65194,439040,808,85,0,64296,2,185,1460
77,17/08/2026 00:56,54,TEMPORAL_ACTION_STATE,65417,674232,780,67,0,64565,2,185,1478
78,17/08/2026 00:57,54,TEMPORAL_ACTION_STATE,64047,716055,822,76,0,63145,2,184,1469
79,17/08/2026 00:58,54,TEMPORAL_ACTION_STATE,65155,655162,817,68,0,64266,2,185,1486
80,17/08/2026 00:59,54,TEMPORAL_ACTION_STATE,65315,709376,773,68,0,64469,2,184,1420
81,17/08/2026 01:00,54,TEMPORAL_ACTION_STATE,64511,418375,776,70,0,63661,2,185,1438
82,17/08/2026 01:01,54,TEMPORAL_ACTION_STATE,64906,622589,773,70,0,64059,2,185,1445
83,17/08/2026 01:03,54,TEMPORAL_ACTION_STATE,65243,439215,780,69,0,64389,2,185,1495
84,17/08/2026 01:04,54,TEMPORAL_ACTION_STATE,64498,425593,777,70,0,63646,2,185,1485
85,17/08/2026 01:05,54,TEMPORAL_ACTION_STATE,64654,432276,787,85,0,63778,2,185,1469
86,17/08/2026 01:06,54,TEMPORAL_ACTION_STATE,65965,425159,776,71,0,65114,2,185,1442
87,17/08/2026 01:07,54,TEMPORAL_ACTION_STATE,65063,661105,771,66,0,64221,2,185,1454
88,17/08/2026 01:08,54,TEMPORAL_ACTION_STATE,65013,418396,769,68,0,64171,2,185,1457
89,17/08/2026 01:09,54,TEMPORAL_ACTION_STATE,65014,431962,773,67,0,64169,2,185,1445
90,17/08/2026 01:10,54,TEMPORAL_ACTION_STATE,63767,425101,773,67,0,62922,3,185,1445
91,17/08/2026 01:11,54,TEMPORAL_ACTION_STATE,64832,424797,806,93,0,63928,2,186,1557
92,17/08/2026 01:12,54,TEMPORAL_ACTION_STATE,64604,418943,783,67,0,63749,2,185,1434
93,17/08/2026 01:13,54,TEMPORAL_ACTION_STATE,65489,425360,771,61,0,64652,2,185,1450
94,17/08/2026 01:14,54,TEMPORAL_ACTION_STATE,65443,722364,773,67,0,64599,2,184,1431
95,17/08/2026 01:16,54,TEMPORAL_ACTION_STATE,65182,709724,776,75,0,64328,2,184,1456
96,17/08/2026 01:17,54,TEMPORAL_ACTION_STATE,64529,431823,770,63,0,63692,2,185,1484
97,17/08/2026 01:18,54,TEMPORAL_ACTION_STATE,65210,654793,773,67,0,64365,2,185,1456
98,17/08/2026 01:19,54,TEMPORAL_ACTION_STATE,65667,723125,772,67,0,64823,2,184,1497
99,17/08/2026 01:20,54,TEMPORAL_ACTION_STATE,65538,424784,791,70,0,64672,2,185,1471
100,17/08/2026 01:21,54,TEMPORAL_ACTION_STATE,64559,431805,773,82,0,63699,2,185,1446
101,17/08/2026 01:22,54,TEMPORAL_ACTION_STATE,63836,418635,767,72,0,62992,2,185,1449
102,17/08/2026 01:23,54,TEMPORAL_ACTION_STATE,65295,432003,776,92,0,64422,2,185,1447
103,17/08/2026 01:24,54,TEMPORAL_ACTION_STATE,65673,405685,779,67,0,64812,13,185,1486
104,17/08/2026 01:25,54,TEMPORAL_ACTION_STATE,65019,418703,804,88,0,64123,2,185,1481
105,17/08/2026 01:26,54,TEMPORAL_ACTION_STATE,65129,722302,814,67,0,64244,2,184,1444
106,17/08/2026 01:28,54,TEMPORAL_ACTION_STATE,64704,425670,769,79,0,63852,2,185,1441
107,17/08/2026 01:29,54,TEMPORAL_ACTION_STATE,64503,405478,777,67,0,63655,2,186,1479
108,17/08/2026 01:30,54,TEMPORAL_ACTION_STATE,65260,722920,813,69,0,64373,2,184,1495
109,17/08/2026 01:31,54,TEMPORAL_ACTION_STATE,65390,431887,770,70,0,64546,2,185,1464
110,17/08/2026 01:32,54,TEMPORAL_ACTION_STATE,65292,432516,783,67,0,64437,2,185,1479
111,17/08/2026 01:33,54,TEMPORAL_ACTION_STATE,65082,425657,771,67,0,64239,2,185,1493
112,17/08/2026 01:34,54,TEMPORAL_ACTION_STATE,64295,425066,816,88,0,63386,2,185,1447
113,17/08/2026 01:35,54,TEMPORAL_ACTION_STATE,65249,425100,811,67,0,64366,2,185,1469
114,17/08/2026 01:36,54,TEMPORAL_ACTION_STATE,65086,418572,768,70,0,64243,3,186,1459
115,17/08/2026 01:37,54,TEMPORAL_ACTION_STATE,64681,418595,808,85,0,63783,2,186,1526
116,17/08/2026 01:38,54,TEMPORAL_ACTION_STATE,64957,425495,768,68,0,64117,2,185,1532
117,17/08/2026 01:39,54,TEMPORAL_ACTION_STATE,64976,432179,772,63,0,64137,2,185,1429
118,17/08/2026 01:41,54,TEMPORAL_ACTION_STATE,65315,425125,782,88,0,64440,2,186,1455
119,17/08/2026 01:42,54,TEMPORAL_ACTION_STATE,64963,729058,790,73,0,64094,2,184,1471
120,17/08/2026 01:43,54,TEMPORAL_ACTION_STATE,65012,425672,766,67,0,64174,2,185,1472
121,17/08/2026 01:44,54,TEMPORAL_ACTION_STATE,65440,729336,813,70,0,64553,2,184,1482
122,17/08/2026 01:45,54,TEMPORAL_ACTION_STATE,64903,438146,774,65,0,64059,2,185,1455
123,17/08/2026 01:46,54,TEMPORAL_ACTION_STATE,64922,674494,772,69,0,64076,2,185,1481
124,17/08/2026 01:47,54,TEMPORAL_ACTION_STATE,65146,431951,814,71,0,64257,3,185,1466
125,17/08/2026 01:48,54,TEMPORAL_ACTION_STATE,65002,411946,811,67,0,64120,2,185,1455
126,17/08/2026 01:49,54,TEMPORAL_ACTION_STATE,64207,629089,774,70,0,63359,2,185,1502
127,17/08/2026 01:50,54,TEMPORAL_ACTION_STATE,65257,694912,769,64,0,64419,2,184,1439
128,17/08/2026 01:51,54,TEMPORAL_ACTION_STATE,65162,702816,771,70,0,64317,2,183,1466
129,17/08/2026 01:53,54,TEMPORAL_ACTION_STATE,64847,425243,775,68,0,63999,2,185,1461
130,17/08/2026 01:54,54,TEMPORAL_ACTION_STATE,65132,425258,781,70,0,64277,2,185,1475
131,17/08/2026 01:55,54,TEMPORAL_ACTION_STATE,65029,451947,830,79,0,64115,2,185,1450
132,17/08/2026 01:56,54,TEMPORAL_ACTION_STATE,65403,648825,805,92,0,64501,2,185,1472
133,17/08/2026 01:57,54,TEMPORAL_ACTION_STATE,65255,424992,821,77,0,64353,2,185,1454
134,17/08/2026 01:58,54,TEMPORAL_ACTION_STATE,65336,424848,774,67,0,64491,2,185,1496
135,17/08/2026 01:59,54,TEMPORAL_ACTION_STATE,63744,418233,771,70,0,62899,2,185,1456
136,17/08/2026 02:00,54,TEMPORAL_ACTION_STATE,65364,717123,771,68,0,64520,2,184,1473
137,17/08/2026 02:01,54,TEMPORAL_ACTION_STATE,64434,715986,792,79,0,63558,2,184,1437
138,17/08/2026 02:02,54,TEMPORAL_ACTION_STATE,64631,424963,780,70,0,63777,2,185,1496
139,17/08/2026 02:03,54,TEMPORAL_ACTION_STATE,65050,425290,771,70,0,64204,2,185,1434
140,17/08/2026 02:04,54,TEMPORAL_ACTION_STATE,64945,425097,771,67,0,64102,2,185,1473
141,17/08/2026 02:06,54,TEMPORAL_ACTION_STATE,65133,654260,775,70,0,64284,2,183,1467
142,17/08/2026 02:07,54,TEMPORAL_ACTION_STATE,65594,451935,771,70,0,64748,2,185,1479
143,17/08/2026 02:08,54,TEMPORAL_ACTION_STATE,65387,715820,769,70,0,64544,2,184,1461
144,17/08/2026 02:09,54,TEMPORAL_ACTION_STATE,65096,425677,772,63,0,64256,2,185,1487
145,17/08/2026 02:10,54,TEMPORAL_ACTION_STATE,65039,452082,767,68,0,64200,3,185,1480
146,17/08/2026 02:11,54,TEMPORAL_ACTION_STATE,64398,628721,770,70,0,63554,2,185,1477
147,17/08/2026 02:12,54,TEMPORAL_ACTION_STATE,64964,425036,773,70,0,64115,2,185,1472
148,17/08/2026 02:13,54,TEMPORAL_ACTION_STATE,64379,729856,773,68,0,63533,2,184,1562
149,17/08/2026 02:14,54,TEMPORAL_ACTION_STATE,65118,701340,773,67,0,64274,2,184,1456
150,17/08/2026 02:15,54,TEMPORAL_ACTION_STATE,65146,628644,806,85,0,64250,2,185,1491
151,17/08/2026 02:16,54,TEMPORAL_ACTION_STATE,65278,425159,769,67,0,64437,2,185,1472
152,17/08/2026 02:18,54,TEMPORAL_ACTION_STATE,65123,424605,798,68,0,64252,2,186,1455
153,17/08/2026 02:19,54,TEMPORAL_ACTION_STATE,64178,695276,771,70,0,63333,2,186,1458
154,17/08/2026 02:20,54,TEMPORAL_ACTION_STATE,65346,655103,770,62,0,64510,2,185,1455
155,17/08/2026 02:21,54,TEMPORAL_ACTION_STATE,64917,425192,774,68,0,64071,2,185,1442
156,17/08/2026 02:22,54,TEMPORAL_ACTION_STATE,65778,729133,769,70,0,64935,2,184,1467
157,17/08/2026 02:23,54,TEMPORAL_ACTION_STATE,64937,729578,795,91,0,64047,2,184,1428
158,17/08/2026 02:24,54,TEMPORAL_ACTION_STATE,65431,722295,772,68,0,64587,2,184,1450
159,17/08/2026 02:25,54,TEMPORAL_ACTION_STATE,65680,425266,830,92,0,64753,2,185,1472
160,17/08/2026 02:26,54,TEMPORAL_ACTION_STATE,64764,661510,771,68,0,63921,2,185,1466
161,17/08/2026 02:27,54,TEMPORAL_ACTION_STATE,65373,405675,768,68,0,64532,2,185,1491
162,17/08/2026 02:28,54,TEMPORAL_ACTION_STATE,64756,425262,770,70,0,63911,2,185,1455
163,17/08/2026 02:30,54,TEMPORAL_ACTION_STATE,65367,425107,767,70,0,64525,2,186,1488
164,17/08/2026 02:31,54,TEMPORAL_ACTION_STATE,65478,716124,812,69,0,64593,2,184,1448
165,17/08/2026 02:32,54,TEMPORAL_ACTION_STATE,64138,405449,769,67,0,63297,2,185,1490
166,17/08/2026 02:33,54,TEMPORAL_ACTION_STATE,65211,701175,771,67,0,64368,2,184,1448
167,17/08/2026 02:34,54,TEMPORAL_ACTION_STATE,65282,504900,775,69,0,64433,2,184,1477
168,17/08/2026 02:35,54,TEMPORAL_ACTION_STATE,65838,425348,799,70,0,64964,3,185,1515
169,17/08/2026 02:36,54,TEMPORAL_ACTION_STATE,64731,431552,771,67,0,63889,2,185,1450
170,17/08/2026 02:37,54,TEMPORAL_ACTION_STATE,64886,425256,773,68,0,64040,2,185,1463
171,17/08/2026 02:38,54,TEMPORAL_ACTION_STATE,64715,446292,790,80,0,63840,2,184,1449
172,17/08/2026 02:39,54,TEMPORAL_ACTION_STATE,65068,412365,782,68,0,64215,2,185,1462
173,17/08/2026 02:40,54,TEMPORAL_ACTION_STATE,65081,425320,771,66,0,64239,2,185,1452
174,17/08/2026 02:41,54,TEMPORAL_ACTION_STATE,63995,722721,788,89,0,63114,2,184,1454
175,17/08/2026 02:43,54,TEMPORAL_ACTION_STATE,65015,425744,794,80,0,64137,3,185,1478
176,17/08/2026 02:44,54,TEMPORAL_ACTION_STATE,64350,425165,776,75,0,63495,2,185,1452
177,17/08/2026 02:45,54,TEMPORAL_ACTION_STATE,64420,451660,811,74,0,63531,2,185,1478
178,17/08/2026 02:46,54,TEMPORAL_ACTION_STATE,65083,425116,770,66,0,64243,2,185,1484
179,17/08/2026 02:47,54,TEMPORAL_ACTION_STATE,64124,445355,799,85,0,63236,2,185,1480
180,17/08/2026 02:48,54,TEMPORAL_ACTION_STATE,65551,729722,768,72,0,64707,2,184,1445
181,17/08/2026 02:49,54,TEMPORAL_ACTION_STATE,65387,424927,783,69,0,64530,2,185,1453
182,17/08/2026 02:50,54,TEMPORAL_ACTION_STATE,65090,451657,766,68,0,64252,2,185,1487
183,17/08/2026 02:51,54,TEMPORAL_ACTION_STATE,64390,722683,774,82,0,63530,2,184,1463
184,17/08/2026 02:52,54,TEMPORAL_ACTION_STATE,65035,431876,769,70,0,64193,2,185,1459
185,17/08/2026 02:53,54,TEMPORAL_ACTION_STATE,64611,425499,812,87,0,63708,3,185,1471
186,17/08/2026 02:54,54,TEMPORAL_ACTION_STATE,65093,715999,774,66,0,64249,2,184,1438
187,17/08/2026 02:56,54,TEMPORAL_ACTION_STATE,65470,723309,770,69,0,64627,2,184,1470
188,17/08/2026 02:57,54,TEMPORAL_ACTION_STATE,64680,425477,773,70,0,63833,2,185,1453
189,17/08/2026 02:58,54,TEMPORAL_ACTION_STATE,65548,425274,774,67,0,64703,2,186,1492
190,17/08/2026 02:59,54,TEMPORAL_ACTION_STATE,64525,654772,809,82,0,63630,2,185,1483
191,17/08/2026 03:00,54,TEMPORAL_ACTION_STATE,65358,425561,773,67,0,64513,2,185,1450
192,17/08/2026 03:01,54,TEMPORAL_ACTION_STATE,64816,431444,765,68,0,63979,2,185,1461
193,17/08/2026 03:02,54,TEMPORAL_ACTION_STATE,65668,721490,772,67,0,64825,2,185,1484
194,17/08/2026 03:03,54,TEMPORAL_ACTION_STATE,64968,452330,770,68,0,64125,2,185,1445
195,17/08/2026 03:04,54,TEMPORAL_ACTION_STATE,65450,425233,771,67,0,64608,2,185,1461
196,17/08/2026 03:05,54,TEMPORAL_ACTION_STATE,64902,716496,769,67,0,64061,2,184,1460
197,17/08/2026 03:06,54,TEMPORAL_ACTION_STATE,64504,425419,817,78,0,63606,2,185,1464
198,17/08/2026 03:08,54,TEMPORAL_ACTION_STATE,64954,418452,767,67,0,64115,2,185,1495
199,17/08/2026 03:09,54,TEMPORAL_ACTION_STATE,65530,709345,781,81,0,64663,2,184,1443
200,17/08/2026 03:10,54,TEMPORAL_ACTION_STATE,65349,425179,773,69,0,64502,2,185,1513
1,17/08/2026 03:15,63,TEMPORAL_ACTION_STATE,303113,906375,819,84,0,302205,3,812,7565
2,17/08/2026 03:20,63,TEMPORAL_ACTION_STATE,305210,787227,771,74,0,304360,3,814,7849
3,17/08/2026 03:25,63,TEMPORAL_ACTION_STATE,302589,848572,770,72,0,301742,3,812,7954
4,17/08/2026 03:30,63,TEMPORAL_ACTION_STATE,302366,739625,769,73,0,301519,3,813,7610
5,17/08/2026 03:35,63,TEMPORAL_ACTION_STATE,301409,632581,840,74,0,300489,3,816,7981
6,17/08/2026 03:40,63,TEMPORAL_ACTION_STATE,305789,847317,781,76,0,304927,3,812,7954
7,17/08/2026 03:45,63,TEMPORAL_ACTION_STATE,301039,617815,772,78,0,300184,3,816,7800
8,17/08/2026 03:50,63,TEMPORAL_ACTION_STATE,304798,893025,772,72,0,303950,3,812,7771
9,17/08/2026 03:55,63,TEMPORAL_ACTION_STATE,296732,873602,772,74,0,295881,3,812,7893
10,17/08/2026 04:00,63,TEMPORAL_ACTION_STATE,300807,733779,772,67,0,299964,2,813,7656
11,17/08/2026 04:05,63,TEMPORAL_ACTION_STATE,303811,896746,832,97,0,302877,3,815,7603
12,17/08/2026 04:10,63,TEMPORAL_ACTION_STATE,299356,870904,777,75,0,298499,3,812,7629
13,17/08/2026 04:15,63,TEMPORAL_ACTION_STATE,301798,887934,811,65,0,300917,3,812,7707
14,17/08/2026 04:20,63,TEMPORAL_ACTION_STATE,303709,608565,771,73,0,302860,3,816,8216
15,17/08/2026 04:25,63,TEMPORAL_ACTION_STATE,301060,597040,771,87,0,300197,3,813,7756
16,17/08/2026 04:31,63,TEMPORAL_ACTION_STATE,304678,841851,770,75,0,303828,3,812,7865
17,17/08/2026 04:36,63,TEMPORAL_ACTION_STATE,302961,791617,772,74,0,302110,2,815,7705
18,17/08/2026 04:41,63,TEMPORAL_ACTION_STATE,303698,796084,769,75,0,302849,3,816,7913
19,17/08/2026 04:46,63,TEMPORAL_ACTION_STATE,302200,684322,770,72,0,301353,3,815,7689
20,17/08/2026 04:51,63,TEMPORAL_ACTION_STATE,303036,847863,769,72,0,302190,3,812,7771
21,17/08/2026 04:56,63,TEMPORAL_ACTION_STATE,306512,749030,767,72,0,305668,3,814,7726
22,17/08/2026 05:01,63,TEMPORAL_ACTION_STATE,300772,854297,773,75,0,299920,3,812,7935
23,17/08/2026 05:06,63,TEMPORAL_ACTION_STATE,303454,617430,811,87,0,302551,2,816,7808
24,17/08/2026 05:11,63,TEMPORAL_ACTION_STATE,301812,843143,771,74,0,300962,3,812,7858
25,17/08/2026 05:16,63,TEMPORAL_ACTION_STATE,300905,629046,778,105,0,300018,3,816,7705
26,17/08/2026 05:21,63,TEMPORAL_ACTION_STATE,304080,757114,816,72,0,303187,2,812,7687
27,17/08/2026 05:26,63,TEMPORAL_ACTION_STATE,304189,883197,779,76,0,303330,3,815,7847
28,17/08/2026 05:31,63,TEMPORAL_ACTION_STATE,302053,604535,812,80,0,301156,3,814,7587
29,17/08/2026 05:36,63,TEMPORAL_ACTION_STATE,302590,860572,767,73,0,301746,3,812,7788
30,17/08/2026 05:41,63,TEMPORAL_ACTION_STATE,299917,841303,771,71,0,299071,2,812,7711
31,17/08/2026 05:46,63,TEMPORAL_ACTION_STATE,302356,588586,771,75,0,301506,3,813,7653
32,17/08/2026 05:51,63,TEMPORAL_ACTION_STATE,300453,873676,844,105,0,299499,3,812,8198
33,17/08/2026 05:56,63,TEMPORAL_ACTION_STATE,303344,848255,771,73,0,302495,3,812,7872
34,17/08/2026 06:01,63,TEMPORAL_ACTION_STATE,302820,738810,793,91,0,301931,3,812,7715
35,17/08/2026 06:06,63,TEMPORAL_ACTION_STATE,303889,865110,777,74,0,303033,2,812,7687
36,17/08/2026 06:12,63,TEMPORAL_ACTION_STATE,303217,841145,767,72,0,302372,3,812,7822
37,17/08/2026 06:17,63,TEMPORAL_ACTION_STATE,302583,859365,770,72,0,301736,3,812,7919
38,17/08/2026 06:22,63,TEMPORAL_ACTION_STATE,301555,848194,780,76,0,300694,3,812,7750
39,17/08/2026 06:27,63,TEMPORAL_ACTION_STATE,302940,859603,776,73,0,302086,3,812,7785
40,17/08/2026 06:32,63,TEMPORAL_ACTION_STATE,302714,595367,776,73,0,301860,3,816,8123
41,17/08/2026 06:37,63,TEMPORAL_ACTION_STATE,302626,849246,767,71,0,301784,3,812,8141
42,17/08/2026 06:42,63,TEMPORAL_ACTION_STATE,300142,872601,770,72,0,299294,3,812,7638
43,17/08/2026 06:47,63,TEMPORAL_ACTION_STATE,300028,880988,775,73,0,299175,3,812,7622
44,17/08/2026 06:52,63,TEMPORAL_ACTION_STATE,305269,632621,770,72,0,304420,5,816,7712
45,17/08/2026 06:57,63,TEMPORAL_ACTION_STATE,305163,756576,771,75,0,304312,3,814,7694
46,17/08/2026 07:02,63,TEMPORAL_ACTION_STATE,301501,836866,771,75,0,300651,3,811,7788
47,17/08/2026 07:07,63,TEMPORAL_ACTION_STATE,300154,873694,775,73,0,299301,3,812,7754
48,17/08/2026 07:12,63,TEMPORAL_ACTION_STATE,301789,848874,793,72,0,300920,3,812,7741
49,17/08/2026 07:17,63,TEMPORAL_ACTION_STATE,305753,618065,770,72,0,304906,3,816,7735
50,17/08/2026 07:22,63,TEMPORAL_ACTION_STATE,302918,605953,778,74,0,302061,3,813,7770
51,17/08/2026 07:27,63,TEMPORAL_ACTION_STATE,299468,580668,769,72,0,298621,3,813,7637
52,17/08/2026 07:32,63,TEMPORAL_ACTION_STATE,299479,852023,771,72,0,298631,3,812,7311
53,17/08/2026 07:37,63,TEMPORAL_ACTION_STATE,300376,894768,774,75,0,299522,3,812,7722
54,17/08/2026 07:42,63,TEMPORAL_ACTION_STATE,302820,587207,804,87,0,301923,4,813,7871
55,17/08/2026 07:47,63,TEMPORAL_ACTION_STATE,303643,900343,769,72,0,302797,3,812,7859
56,17/08/2026 07:52,63,TEMPORAL_ACTION_STATE,302689,860389,770,74,0,301839,3,812,7906
57,17/08/2026 07:57,63,TEMPORAL_ACTION_STATE,301118,853339,769,72,0,300272,3,812,7940
58,17/08/2026 08:02,63,TEMPORAL_ACTION_STATE,303055,859186,782,92,0,302176,3,812,7667
59,17/08/2026 08:07,63,TEMPORAL_ACTION_STATE,300942,854314,778,87,0,300073,3,812,7878
60,17/08/2026 08:13,63,TEMPORAL_ACTION_STATE,305646,631037,775,75,0,304792,3,812,7878
61,17/08/2026 08:18,63,TEMPORAL_ACTION_STATE,303288,847178,803,95,0,302385,2,812,7619
62,17/08/2026 08:23,63,TEMPORAL_ACTION_STATE,301328,831102,773,75,0,300474,3,813,7710
63,17/08/2026 08:28,63,TEMPORAL_ACTION_STATE,303322,900524,772,73,0,302472,3,812,8218
64,17/08/2026 08:33,63,TEMPORAL_ACTION_STATE,295596,858730,770,73,0,294748,3,812,7917
65,17/08/2026 08:38,63,TEMPORAL_ACTION_STATE,302933,868018,774,74,0,302080,3,812,7784
66,17/08/2026 08:43,63,TEMPORAL_ACTION_STATE,300126,598475,797,73,0,299251,3,813,7805
67,17/08/2026 08:48,63,TEMPORAL_ACTION_STATE,305869,887543,806,105,0,304954,3,814,7619
68,17/08/2026 08:53,63,TEMPORAL_ACTION_STATE,302735,847323,814,73,0,301842,3,812,7679
69,17/08/2026 08:58,63,TEMPORAL_ACTION_STATE,304913,892766,771,73,0,304063,3,812,7775
70,17/08/2026 09:03,63,TEMPORAL_ACTION_STATE,298263,872882,837,88,0,297333,3,812,7561
71,17/08/2026 09:08,63,TEMPORAL_ACTION_STATE,300185,861394,769,74,0,299337,3,812,7823
72,17/08/2026 09:13,63,TEMPORAL_ACTION_STATE,303505,598973,774,75,0,302650,4,814,7697
73,17/08/2026 09:18,63,TEMPORAL_ACTION_STATE,293860,685150,772,72,0,293010,3,815,7804
74,17/08/2026 09:23,63,TEMPORAL_ACTION_STATE,299975,861428,774,69,0,299127,3,812,7630
75,17/08/2026 09:28,63,TEMPORAL_ACTION_STATE,296212,854973,776,89,0,295342,3,812,7753
76,17/08/2026 09:33,63,TEMPORAL_ACTION_STATE,302181,664467,776,75,0,301325,3,815,7693
77,17/08/2026 09:38,63,TEMPORAL_ACTION_STATE,301791,879586,767,74,0,300945,3,812,7661
78,17/08/2026 09:43,63,TEMPORAL_ACTION_STATE,301395,854019,768,73,0,300550,3,812,7603
79,17/08/2026 09:48,63,TEMPORAL_ACTION_STATE,301562,860827,793,98,0,300666,3,812,7734
80,17/08/2026 09:53,63,TEMPORAL_ACTION_STATE,302280,861189,769,73,0,301433,3,812,7650
81,17/08/2026 09:58,63,TEMPORAL_ACTION_STATE,304537,853581,770,72,0,303690,3,812,7905
82,17/08/2026 10:03,63,TEMPORAL_ACTION_STATE,304784,712147,787,75,0,303917,3,815,7620
83,17/08/2026 10:08,63,TEMPORAL_ACTION_STATE,304414,735701,809,85,0,303515,3,813,7923
84,17/08/2026 10:13,63,TEMPORAL_ACTION_STATE,302647,853998,764,75,0,301803,3,812,7797
85,17/08/2026 10:18,63,TEMPORAL_ACTION_STATE,301721,875123,780,76,0,300861,3,812,7762
86,17/08/2026 10:23,63,TEMPORAL_ACTION_STATE,302960,904918,771,74,0,302110,3,812,8187
87,17/08/2026 10:28,63,TEMPORAL_ACTION_STATE,304702,618697,771,73,0,303852,3,817,7856
88,17/08/2026 10:33,63,TEMPORAL_ACTION_STATE,301744,779928,818,86,0,300835,3,814,8085
89,17/08/2026 10:38,63,TEMPORAL_ACTION_STATE,302531,854483,829,85,0,301612,3,812,7263
90,17/08/2026 10:43,63,TEMPORAL_ACTION_STATE,295613,854486,791,75,0,294743,3,812,7637
91,17/08/2026 10:48,63,TEMPORAL_ACTION_STATE,300050,760060,828,72,0,299145,3,813,7909
92,17/08/2026 10:53,63,TEMPORAL_ACTION_STATE,301691,709665,778,72,0,300836,3,807,7634
93,17/08/2026 10:59,63,TEMPORAL_ACTION_STATE,303045,770155,770,73,0,302196,3,816,7775
94,17/08/2026 11:04,63,TEMPORAL_ACTION_STATE,303388,798473,782,73,0,302529,3,815,7686
95,17/08/2026 11:09,63,TEMPORAL_ACTION_STATE,301518,847791,776,71,0,300666,3,812,7843
96,17/08/2026 11:14,63,TEMPORAL_ACTION_STATE,300538,853971,774,72,0,299687,3,812,7805
97,17/08/2026 11:19,63,TEMPORAL_ACTION_STATE,298968,709846,773,73,0,298117,2,807,7813
98,17/08/2026 11:24,63,TEMPORAL_ACTION_STATE,300725,867731,785,73,0,299863,2,812,7747
99,17/08/2026 11:29,63,TEMPORAL_ACTION_STATE,303086,760853,770,68,0,302244,3,813,8130
100,17/08/2026 11:34,63,TEMPORAL_ACTION_STATE,302042,867342,769,72,0,301196,3,808,7778
101,17/08/2026 11:39,63,TEMPORAL_ACTION_STATE,301886,852509,772,72,0,301037,3,812,7878
102,17/08/2026 11:44,63,TEMPORAL_ACTION_STATE,302496,873544,856,90,0,301545,3,812,7654
103,17/08/2026 11:49,63,TEMPORAL_ACTION_STATE,296067,886664,783,95,0,295184,3,812,7669
104,17/08/2026 11:54,63,TEMPORAL_ACTION_STATE,302859,614087,769,72,0,302012,3,816,7958
105,17/08/2026 11:59,63,TEMPORAL_ACTION_STATE,299235,582502,775,74,0,298367,17,813,7756
106,17/08/2026 12:04,63,TEMPORAL_ACTION_STATE,304791,873229,805,86,0,303895,3,814,7890
107,17/08/2026 12:09,63,TEMPORAL_ACTION_STATE,299259,864565,802,74,0,298379,3,812,7690
108,17/08/2026 12:14,63,TEMPORAL_ACTION_STATE,302180,632504,771,72,0,301332,3,816,7865
109,17/08/2026 12:19,63,TEMPORAL_ACTION_STATE,293880,867601,803,82,0,292991,3,812,7631
110,17/08/2026 12:24,63,TEMPORAL_ACTION_STATE,301959,846195,776,77,0,301102,3,812,7598
111,17/08/2026 12:29,63,TEMPORAL_ACTION_STATE,305292,631789,806,91,0,304389,3,816,7700
112,17/08/2026 12:34,63,TEMPORAL_ACTION_STATE,294471,847811,797,75,0,293593,3,812,8235
113,17/08/2026 12:39,63,TEMPORAL_ACTION_STATE,301207,602933,777,70,0,300355,3,812,7677
114,17/08/2026 12:44,63,TEMPORAL_ACTION_STATE,303937,881661,776,73,0,303083,3,816,7913
115,17/08/2026 12:49,63,TEMPORAL_ACTION_STATE,301146,848107,775,67,0,300298,4,812,7633
116,17/08/2026 12:54,63,TEMPORAL_ACTION_STATE,300199,859941,775,72,0,299347,3,812,8246
117,17/08/2026 12:59,63,TEMPORAL_ACTION_STATE,303645,801465,782,98,0,302760,3,812,7810
118,17/08/2026 13:04,63,TEMPORAL_ACTION_STATE,303915,881044,801,75,0,303034,3,815,7881
119,17/08/2026 13:09,63,TEMPORAL_ACTION_STATE,299741,874633,769,68,0,298900,3,812,7653
120,17/08/2026 13:14,63,TEMPORAL_ACTION_STATE,301811,873192,836,88,0,300882,2,814,7733
121,17/08/2026 13:19,63,TEMPORAL_ACTION_STATE,300418,847726,798,100,0,299515,3,812,7617
122,17/08/2026 13:24,63,TEMPORAL_ACTION_STATE,303988,909462,773,73,0,303138,3,815,7656
123,17/08/2026 13:29,63,TEMPORAL_ACTION_STATE,304292,631151,772,73,0,303442,3,816,7806
124,17/08/2026 13:34,63,TEMPORAL_ACTION_STATE,303922,822535,768,72,0,303077,3,813,7819
125,17/08/2026 13:39,63,TEMPORAL_ACTION_STATE,302793,840494,810,91,0,301887,4,812,7964
126,17/08/2026 13:44,63,TEMPORAL_ACTION_STATE,298210,848963,771,72,0,297362,3,812,7838
127,17/08/2026 13:49,63,TEMPORAL_ACTION_STATE,295511,919606,837,96,0,294572,4,812,7886
128,17/08/2026 13:54,63,TEMPORAL_ACTION_STATE,304180,686170,774,72,0,303329,3,815,7931
129,17/08/2026 13:59,63,TEMPORAL_ACTION_STATE,301563,829744,768,79,0,300710,3,812,7627
130,17/08/2026 14:05,63,TEMPORAL_ACTION_STATE,305764,796722,774,72,0,304913,3,816,7936
131,17/08/2026 14:10,63,TEMPORAL_ACTION_STATE,304567,716319,769,74,0,303719,3,810,7654
132,17/08/2026 14:15,63,TEMPORAL_ACTION_STATE,303742,849857,776,95,0,302866,3,812,7674
133,17/08/2026 14:20,63,TEMPORAL_ACTION_STATE,301116,711424,771,72,0,300269,3,807,7682
134,17/08/2026 14:25,63,TEMPORAL_ACTION_STATE,303903,881210,772,73,0,303054,2,816,7796
135,17/08/2026 14:30,63,TEMPORAL_ACTION_STATE,293480,866507,765,74,0,292636,3,812,7625
136,17/08/2026 14:35,63,TEMPORAL_ACTION_STATE,302380,611927,777,69,0,301529,3,816,7700
137,17/08/2026 14:40,63,TEMPORAL_ACTION_STATE,302171,854555,813,75,0,301277,3,812,7737
138,17/08/2026 14:45,63,TEMPORAL_ACTION_STATE,296987,806795,770,76,0,296137,2,812,7823
139,17/08/2026 14:50,63,TEMPORAL_ACTION_STATE,305172,796292,771,95,0,304300,2,816,7721
140,17/08/2026 14:55,63,TEMPORAL_ACTION_STATE,303636,847467,776,73,0,302781,3,812,7710
141,17/08/2026 15:00,63,TEMPORAL_ACTION_STATE,301058,834890,765,74,0,300214,3,812,7719
142,17/08/2026 15:05,63,TEMPORAL_ACTION_STATE,303972,794950,773,74,0,303120,3,816,7718
143,17/08/2026 15:10,63,TEMPORAL_ACTION_STATE,302667,848123,769,74,0,301819,3,812,7663
144,17/08/2026 15:15,63,TEMPORAL_ACTION_STATE,302089,874113,778,72,0,301234,2,812,7849
145,17/08/2026 15:20,63,TEMPORAL_ACTION_STATE,302608,617782,770,67,0,301766,3,816,7666
146,17/08/2026 15:25,63,TEMPORAL_ACTION_STATE,300550,848980,772,75,0,299698,3,812,7706
147,17/08/2026 15:30,63,TEMPORAL_ACTION_STATE,294955,606517,782,90,0,294077,4,812,7751
148,17/08/2026 15:35,63,TEMPORAL_ACTION_STATE,302105,849042,774,75,0,301252,3,812,7576
149,17/08/2026 15:40,63,TEMPORAL_ACTION_STATE,301263,776641,788,75,0,300396,3,815,7738
150,17/08/2026 15:45,63,TEMPORAL_ACTION_STATE,301860,892762,765,75,0,301015,3,816,7778
151,17/08/2026 15:50,63,TEMPORAL_ACTION_STATE,298256,887636,774,72,0,297404,3,812,7804
152,17/08/2026 15:55,63,TEMPORAL_ACTION_STATE,301730,854025,811,84,0,300830,3,812,7670
153,17/08/2026 16:00,63,TEMPORAL_ACTION_STATE,302436,880445,773,73,0,301585,3,812,7560
154,17/08/2026 16:05,63,TEMPORAL_ACTION_STATE,304232,841863,774,74,0,303379,3,812,7679
155,17/08/2026 16:10,63,TEMPORAL_ACTION_STATE,298400,867270,774,74,0,297547,3,812,7758
156,17/08/2026 16:15,63,TEMPORAL_ACTION_STATE,304144,869372,805,72,0,303261,3,816,7715
157,17/08/2026 16:20,63,TEMPORAL_ACTION_STATE,304026,745649,774,73,0,303175,3,813,7786
158,17/08/2026 16:25,63,TEMPORAL_ACTION_STATE,303235,598285,778,75,0,302376,3,816,7983
159,17/08/2026 16:30,63,TEMPORAL_ACTION_STATE,300086,912429,776,75,0,299231,3,812,7584
160,17/08/2026 16:35,63,TEMPORAL_ACTION_STATE,302964,887278,780,75,0,302104,3,812,7795
161,17/08/2026 16:41,63,TEMPORAL_ACTION_STATE,301826,860967,825,94,0,300902,2,812,7694
162,17/08/2026 16:45,63,TEMPORAL_ACTION_STATE,296361,834956,769,73,0,295514,3,807,7564
163,17/08/2026 16:51,63,TEMPORAL_ACTION_STATE,302423,871814,770,76,0,301572,3,812,8019
164,17/08/2026 16:56,63,TEMPORAL_ACTION_STATE,305286,802121,790,73,0,304418,3,816,8084
165,17/08/2026 17:01,63,TEMPORAL_ACTION_STATE,298576,849201,775,74,0,297722,3,812,7619
166,17/08/2026 17:06,63,TEMPORAL_ACTION_STATE,303995,598278,771,74,0,303144,3,813,7773
167,17/08/2026 17:11,63,TEMPORAL_ACTION_STATE,296270,873913,771,75,0,295420,3,812,7635
168,17/08/2026 17:16,63,TEMPORAL_ACTION_STATE,298631,872121,813,91,0,297722,3,812,7660
169,17/08/2026 17:21,63,TEMPORAL_ACTION_STATE,299921,612856,770,75,0,299072,3,815,7941
170,17/08/2026 17:26,63,TEMPORAL_ACTION_STATE,304187,854259,772,73,0,303337,3,812,7715
171,17/08/2026 17:31,63,TEMPORAL_ACTION_STATE,302188,924374,770,73,0,301341,3,812,7620
172,17/08/2026 17:36,63,TEMPORAL_ACTION_STATE,300486,880445,774,74,0,299633,3,812,7742
173,17/08/2026 17:41,63,TEMPORAL_ACTION_STATE,302389,796543,771,72,0,301541,3,816,7645
174,17/08/2026 17:46,63,TEMPORAL_ACTION_STATE,305821,787227,771,75,0,304970,3,814,7877
175,17/08/2026 17:51,63,TEMPORAL_ACTION_STATE,304297,679866,812,75,0,303404,3,815,7787
176,17/08/2026 17:56,63,TEMPORAL_ACTION_STATE,304073,678985,770,73,0,303224,3,815,7642
177,17/08/2026 18:01,63,TEMPORAL_ACTION_STATE,302417,849936,770,73,0,301569,3,812,7837
178,17/08/2026 18:06,63,TEMPORAL_ACTION_STATE,293419,859559,837,87,0,292490,2,812,7831
179,17/08/2026 18:11,63,TEMPORAL_ACTION_STATE,304895,631971,770,72,0,304049,3,816,7664
180,17/08/2026 18:16,63,TEMPORAL_ACTION_STATE,302232,629236,784,75,0,301369,2,816,7882
181,17/08/2026 18:21,63,TEMPORAL_ACTION_STATE,309807,766311,776,74,0,308952,3,814,7847
182,17/08/2026 18:26,63,TEMPORAL_ACTION_STATE,303044,853555,830,75,0,302134,3,812,7706
183,17/08/2026 18:31,63,TEMPORAL_ACTION_STATE,300933,848045,771,72,0,300085,3,812,7628
184,17/08/2026 18:36,63,TEMPORAL_ACTION_STATE,301321,893585,765,72,0,300479,3,812,7593
185,17/08/2026 18:41,63,TEMPORAL_ACTION_STATE,304602,880223,855,94,0,303649,3,815,7748
186,17/08/2026 18:46,63,TEMPORAL_ACTION_STATE,302621,730408,771,69,0,301776,3,812,7598
187,17/08/2026 18:51,63,TEMPORAL_ACTION_STATE,293984,854420,775,88,0,293116,3,812,7771
188,17/08/2026 18:56,63,TEMPORAL_ACTION_STATE,301949,856886,771,72,0,301101,3,812,8238
189,17/08/2026 19:01,63,TEMPORAL_ACTION_STATE,302679,859470,771,73,0,301830,3,812,7799
190,17/08/2026 19:06,63,TEMPORAL_ACTION_STATE,302495,865671,779,90,0,301620,3,812,7631
191,17/08/2026 19:12,63,TEMPORAL_ACTION_STATE,302095,914265,768,71,0,301250,3,812,7634
192,17/08/2026 19:16,63,TEMPORAL_ACTION_STATE,297355,844583,794,73,0,296483,3,812,7736
193,17/08/2026 19:22,63,TEMPORAL_ACTION_STATE,304016,853360,773,73,0,303165,3,812,7891
194,17/08/2026 19:27,63,TEMPORAL_ACTION_STATE,303294,734286,807,74,0,302407,3,811,8188
195,17/08/2026 19:32,63,TEMPORAL_ACTION_STATE,302679,905879,770,75,0,301829,3,812,7826
196,17/08/2026 19:37,63,TEMPORAL_ACTION_STATE,297603,846979,847,80,0,296671,3,812,8059
197,17/08/2026 19:42,63,TEMPORAL_ACTION_STATE,300800,860250,805,86,0,299904,3,812,7647
198,17/08/2026 19:47,63,TEMPORAL_ACTION_STATE,306392,841826,808,76,0,305503,3,812,7882
199,17/08/2026 19:52,63,TEMPORAL_ACTION_STATE,303534,860467,787,74,0,302668,3,812,7697
200,17/08/2026 19:57,63,TEMPORAL_ACTION_STATE,301638,865358,819,84,0,300730,3,812,7665
1,17/08/2026 20:13,72,TEMPORAL_ACTION_STATE,955688,503956,793,91,0,954800,2,2748,26756
2,17/08/2026 20:29,72,TEMPORAL_ACTION_STATE,960552,405458,785,78,0,959683,3,2749,26659
3,17/08/2026 20:44,72,TEMPORAL_ACTION_STATE,934856,497999,782,81,0,933987,3,2747,26978
4,17/08/2026 21:00,72,TEMPORAL_ACTION_STATE,947868,661156,770,79,0,947014,3,2748,26780
5,17/08/2026 21:16,72,TEMPORAL_ACTION_STATE,949437,516977,772,79,0,948581,3,2748,26810
6,17/08/2026 21:32,72,TEMPORAL_ACTION_STATE,949491,436376,775,79,0,948632,3,2748,26965
7,17/08/2026 21:48,72,TEMPORAL_ACTION_STATE,943535,566352,836,105,0,942589,3,2747,26950
8,17/08/2026 22:03,72,TEMPORAL_ACTION_STATE,947370,435077,771,78,0,946517,3,2748,26712
9,17/08/2026 22:19,72,TEMPORAL_ACTION_STATE,953612,572230,772,77,0,952758,3,2743,26648
10,17/08/2026 22:35,72,TEMPORAL_ACTION_STATE,958633,467014,774,74,0,957780,3,2748,26980
11,17/08/2026 22:51,72,TEMPORAL_ACTION_STATE,948592,386598,783,79,0,947726,3,2749,27124
12,17/08/2026 23:07,72,TEMPORAL_ACTION_STATE,950710,537954,774,81,0,949851,3,2748,26706
13,17/08/2026 23:23,72,TEMPORAL_ACTION_STATE,953097,413699,797,82,0,952213,3,2749,26981
14,17/08/2026 23:39,72,TEMPORAL_ACTION_STATE,952651,543316,766,80,0,951800,3,2749,26657
15,17/08/2026 23:55,72,TEMPORAL_ACTION_STATE,950256,676234,773,80,0,949398,3,2747,27001
16,18/08/2026 00:11,72,TEMPORAL_ACTION_STATE,955358,624509,827,100,0,954425,3,2767,27012
17,18/08/2026 00:26,72,TEMPORAL_ACTION_STATE,950234,512065,809,99,0,949321,3,2748,26984
18,18/08/2026 00:42,72,TEMPORAL_ACTION_STATE,963608,375600,765,70,0,962768,3,2748,26989
19,18/08/2026 00:58,72,TEMPORAL_ACTION_STATE,953667,390897,770,79,0,952813,3,2748,26886
20,18/08/2026 01:14,72,TEMPORAL_ACTION_STATE,949694,722087,796,78,0,948815,3,2748,26749
21,18/08/2026 01:30,72,TEMPORAL_ACTION_STATE,937060,416499,773,80,0,936202,3,2747,26894
22,18/08/2026 01:46,72,TEMPORAL_ACTION_STATE,950836,577257,774,78,0,949978,3,2748,27183
23,18/08/2026 02:02,72,TEMPORAL_ACTION_STATE,952666,407637,771,81,0,951809,3,2749,26847
24,18/08/2026 02:17,72,TEMPORAL_ACTION_STATE,950875,697199,774,71,0,950025,3,2748,26698
25,18/08/2026 02:33,72,TEMPORAL_ACTION_STATE,949822,395498,777,79,0,948961,3,2746,26728
26,18/08/2026 02:49,72,TEMPORAL_ACTION_STATE,946989,435532,780,79,0,946125,4,2747,26806
27,18/08/2026 03:05,72,TEMPORAL_ACTION_STATE,953145,628668,770,70,0,952299,3,2747,27077
28,18/08/2026 03:21,72,TEMPORAL_ACTION_STATE,950790,451473,832,101,0,949852,3,2749,27000
29,18/08/2026 03:37,72,TEMPORAL_ACTION_STATE,948347,363852,791,78,0,947473,3,2745,26993
30,18/08/2026 03:53,72,TEMPORAL_ACTION_STATE,960006,489029,773,80,0,959148,3,2748,26765
31,18/08/2026 04:09,72,TEMPORAL_ACTION_STATE,956674,400613,774,81,0,955814,3,2748,27034
32,18/08/2026 04:24,72,TEMPORAL_ACTION_STATE,955427,570606,773,78,0,954571,3,2748,26741
33,18/08/2026 04:40,72,TEMPORAL_ACTION_STATE,953132,480887,790,81,0,952256,3,2748,26930
34,18/08/2026 04:56,72,TEMPORAL_ACTION_STATE,954468,413585,802,110,0,953551,3,2748,26820
35,18/08/2026 05:12,72,TEMPORAL_ACTION_STATE,955536,357574,773,80,0,954677,4,2744,27040
36,18/08/2026 05:28,72,TEMPORAL_ACTION_STATE,950886,502175,769,79,0,950033,3,2749,27143
37,18/08/2026 05:44,72,TEMPORAL_ACTION_STATE,957047,407604,788,80,0,956174,3,2749,27426
38,18/08/2026 06:00,72,TEMPORAL_ACTION_STATE,949273,385593,824,115,0,948329,3,2748,27065
39,18/08/2026 06:16,72,TEMPORAL_ACTION_STATE,950051,451221,792,109,0,949145,3,2747,26911
40,18/08/2026 06:32,72,TEMPORAL_ACTION_STATE,953249,377817,787,99,0,952357,4,2749,26995
41,18/08/2026 06:47,72,TEMPORAL_ACTION_STATE,956578,709580,776,82,0,955715,3,2747,26716
42,18/08/2026 07:03,72,TEMPORAL_ACTION_STATE,953346,745592,770,72,0,952498,3,2767,26663
43,18/08/2026 07:19,72,TEMPORAL_ACTION_STATE,949140,473685,805,100,0,948230,3,2748,27075
44,18/08/2026 07:35,72,TEMPORAL_ACTION_STATE,953160,481291,776,80,0,952299,3,2744,26789
45,18/08/2026 07:51,72,TEMPORAL_ACTION_STATE,955651,756109,772,80,0,954794,3,2747,26808
46,18/08/2026 08:07,72,TEMPORAL_ACTION_STATE,951894,548565,780,115,0,950994,3,2749,26708
47,18/08/2026 08:23,72,TEMPORAL_ACTION_STATE,947503,401197,774,93,0,946631,3,2748,27029
48,18/08/2026 08:38,72,TEMPORAL_ACTION_STATE,932604,500692,782,89,0,931729,3,2748,26937
49,18/08/2026 08:54,72,TEMPORAL_ACTION_STATE,948640,430059,794,81,0,947760,3,2748,26887
50,18/08/2026 09:10,72,TEMPORAL_ACTION_STATE,954482,380236,770,81,0,953625,3,2744,27055
51,18/08/2026 09:26,72,TEMPORAL_ACTION_STATE,951767,723116,773,79,0,950911,3,2744,26625
52,18/08/2026 09:42,72,TEMPORAL_ACTION_STATE,956580,554394,771,81,0,955723,3,2747,26665
53,18/08/2026 09:58,72,TEMPORAL_ACTION_STATE,957973,697413,768,81,0,957120,3,2747,27098
54,18/08/2026 10:14,72,TEMPORAL_ACTION_STATE,950451,657187,774,73,0,949599,3,2739,26819
55,18/08/2026 10:29,72,TEMPORAL_ACTION_STATE,954158,608972,769,80,0,953302,4,2747,26580
56,18/08/2026 10:45,72,TEMPORAL_ACTION_STATE,928848,747951,794,104,0,927944,3,2740,26531
57,18/08/2026 11:01,72,TEMPORAL_ACTION_STATE,947996,723597,771,78,0,947143,3,2739,26840
58,18/08/2026 11:17,72,TEMPORAL_ACTION_STATE,949274,594388,770,80,0,948420,3,2747,26819
59,18/08/2026 11:32,72,TEMPORAL_ACTION_STATE,950453,417612,773,81,0,949593,3,2749,26862
60,18/08/2026 11:48,72,TEMPORAL_ACTION_STATE,941964,715575,770,78,0,941112,3,2728,26769
61,18/08/2026 12:04,72,TEMPORAL_ACTION_STATE,947562,433255,775,97,0,946685,3,2749,26793
62,18/08/2026 12:20,72,TEMPORAL_ACTION_STATE,953066,525779,775,82,0,952204,3,2748,26829
63,18/08/2026 12:36,72,TEMPORAL_ACTION_STATE,953856,619295,780,81,0,952989,3,2748,26962
64,18/08/2026 12:51,72,TEMPORAL_ACTION_STATE,944590,735930,846,84,0,943655,3,2766,26853
65,18/08/2026 13:07,72,TEMPORAL_ACTION_STATE,949032,361071,766,80,0,948180,3,2745,26885
66,18/08/2026 13:23,72,TEMPORAL_ACTION_STATE,952056,545027,771,72,0,951208,3,2748,26798
67,18/08/2026 13:39,72,TEMPORAL_ACTION_STATE,946643,507765,783,87,0,945768,3,2748,26909
68,18/08/2026 13:55,72,TEMPORAL_ACTION_STATE,953534,390375,775,101,0,952653,3,2748,26706
69,18/08/2026 14:11,72,TEMPORAL_ACTION_STATE,959402,670660,782,79,0,958536,3,2747,26867
70,18/08/2026 14:27,72,TEMPORAL_ACTION_STATE,949069,660636,776,72,0,948216,3,2748,26756
71,18/08/2026 14:43,72,TEMPORAL_ACTION_STATE,957966,658359,774,80,0,957107,3,2766,26976
72,18/08/2026 14:58,72,TEMPORAL_ACTION_STATE,946818,670639,773,77,0,945964,3,2747,26510
73,18/08/2026 15:14,72,TEMPORAL_ACTION_STATE,949715,601891,772,78,0,948860,3,2747,26581
74,18/08/2026 15:30,72,TEMPORAL_ACTION_STATE,954103,463049,774,78,0,953246,3,2747,26538
75,18/08/2026 15:46,72,TEMPORAL_ACTION_STATE,954469,441457,827,99,0,953536,4,2748,26905
76,18/08/2026 16:02,72,TEMPORAL_ACTION_STATE,932952,660867,781,73,0,932093,3,2747,26848
77,18/08/2026 16:17,72,TEMPORAL_ACTION_STATE,942800,388940,771,78,0,941946,3,2748,26721
78,18/08/2026 16:33,72,TEMPORAL_ACTION_STATE,949392,410025,773,78,0,948536,3,2748,26912
79,18/08/2026 16:49,72,TEMPORAL_ACTION_STATE,952644,652938,772,78,0,951789,3,2747,26796
80,18/08/2026 17:05,72,TEMPORAL_ACTION_STATE,955699,539209,771,78,0,954845,3,2747,26723
81,18/08/2026 17:21,72,TEMPORAL_ACTION_STATE,951253,443114,775,72,0,950402,3,2748,26888
82,18/08/2026 17:37,72,TEMPORAL_ACTION_STATE,954510,466169,769,72,0,953662,4,2749,26779
83,18/08/2026 17:53,72,TEMPORAL_ACTION_STATE,956381,469769,767,78,0,955530,3,2749,26892
84,18/08/2026 18:09,72,TEMPORAL_ACTION_STATE,961178,411692,776,70,0,960327,3,2748,26621
85,18/08/2026 18:25,72,TEMPORAL_ACTION_STATE,954157,386638,840,79,0,953232,3,2746,26653
86,18/08/2026 18:41,72,TEMPORAL_ACTION_STATE,953202,480882,794,81,0,952323,3,2748,26820
87,18/08/2026 18:56,72,TEMPORAL_ACTION_STATE,947858,665094,794,109,0,946949,4,2747,26833
88,18/08/2026 19:12,72,TEMPORAL_ACTION_STATE,955570,594876,798,98,0,954668,3,2767,26849
89,18/08/2026 19:28,72,TEMPORAL_ACTION_STATE,950080,769054,774,87,0,949212,4,2738,26603
90,18/08/2026 19:44,72,TEMPORAL_ACTION_STATE,944301,545824,769,79,0,943448,3,2747,26822
91,18/08/2026 20:00,72,TEMPORAL_ACTION_STATE,958930,635722,771,81,0,958073,3,2766,26960
92,18/08/2026 20:16,72,TEMPORAL_ACTION_STATE,954178,458147,783,79,0,953311,3,2748,26894
93,18/08/2026 20:32,72,TEMPORAL_ACTION_STATE,957119,374521,764,78,0,956272,3,2745,26899
94,18/08/2026 20:47,72,TEMPORAL_ACTION_STATE,927397,696751,816,91,0,926484,3,2767,27028
95,18/08/2026 21:03,72,TEMPORAL_ACTION_STATE,947637,724928,846,95,0,946692,3,2766,26732
96,18/08/2026 21:19,72,TEMPORAL_ACTION_STATE,955637,493082,831,77,0,954724,3,2744,26869
97,18/08/2026 21:35,72,TEMPORAL_ACTION_STATE,942588,571341,775,81,0,941726,3,2747,26608
98,18/08/2026 21:51,72,TEMPORAL_ACTION_STATE,959030,440346,770,76,0,958179,4,2749,26913
99,18/08/2026 22:06,72,TEMPORAL_ACTION_STATE,947465,620207,768,78,0,946614,3,2747,26953
100,18/08/2026 22:22,72,TEMPORAL_ACTION_STATE,945982,424344,768,81,0,945128,3,2748,26842
101,18/08/2026 22:38,72,TEMPORAL_ACTION_STATE,947203,723782,771,77,0,946349,3,2732,26694
102,18/08/2026 22:54,72,TEMPORAL_ACTION_STATE,942591,586719,781,74,0,941730,3,2747,26784
103,18/08/2026 23:10,72,TEMPORAL_ACTION_STATE,952686,716538,788,92,0,951801,3,2743,26693
104,18/08/2026 23:25,72,TEMPORAL_ACTION_STATE,948096,420235,769,79,0,947243,3,2749,26901
105,18/08/2026 23:41,72,TEMPORAL_ACTION_STATE,949754,436990,771,80,0,948898,3,2749,26773
106,18/08/2026 23:57,72,TEMPORAL_ACTION_STATE,958345,543631,775,82,0,957482,4,2748,26596
107,19/08/2026 00:13,72,TEMPORAL_ACTION_STATE,953885,598777,770,78,0,953032,4,2740,26949
108,19/08/2026 00:29,72,TEMPORAL_ACTION_STATE,929995,425692,847,105,0,929038,3,2748,26970
109,19/08/2026 00:45,72,TEMPORAL_ACTION_STATE,957160,575274,777,100,0,956278,3,2747,26693
110,19/08/2026 01:00,72,TEMPORAL_ACTION_STATE,956509,390685,821,99,0,955583,3,2749,26976
111,19/08/2026 01:17,72,TEMPORAL_ACTION_STATE,963846,408954,780,80,0,962981,3,2749,26931
112,19/08/2026 01:32,72,TEMPORAL_ACTION_STATE,948507,555735,775,81,0,947645,4,2747,26872
113,19/08/2026 01:48,72,TEMPORAL_ACTION_STATE,954294,673524,809,96,0,953384,3,2748,26757
114,19/08/2026 02:04,72,TEMPORAL_ACTION_STATE,947425,729707,799,105,0,946515,3,2748,26766
115,19/08/2026 02:20,72,TEMPORAL_ACTION_STATE,941942,720903,822,98,0,941016,3,2737,26845
116,19/08/2026 02:36,72,TEMPORAL_ACTION_STATE,952560,446691,780,72,0,951701,3,2744,26857
117,19/08/2026 02:52,72,TEMPORAL_ACTION_STATE,952157,753086,773,77,0,951302,3,2748,26652
118,19/08/2026 03:07,72,TEMPORAL_ACTION_STATE,955341,584741,770,82,0,954484,3,2767,26726
119,19/08/2026 03:23,72,TEMPORAL_ACTION_STATE,954034,751538,774,79,0,953175,3,2748,26600
120,19/08/2026 03:39,72,TEMPORAL_ACTION_STATE,953675,479383,772,79,0,952819,3,2749,26956
121,19/08/2026 03:55,72,TEMPORAL_ACTION_STATE,949916,367479,770,81,0,949060,3,2744,26982
122,19/08/2026 04:11,72,TEMPORAL_ACTION_STATE,946471,749235,774,82,0,945611,3,2747,26633
123,19/08/2026 04:27,72,TEMPORAL_ACTION_STATE,964012,375863,807,86,0,963114,3,2745,26675
124,19/08/2026 04:43,72,TEMPORAL_ACTION_STATE,951855,545223,782,80,0,950989,3,2749,26838
125,19/08/2026 04:58,72,TEMPORAL_ACTION_STATE,935443,735514,816,97,0,934525,3,2739,26983
126,19/08/2026 05:14,72,TEMPORAL_ACTION_STATE,951577,534620,769,78,0,950725,3,2747,26929
127,19/08/2026 05:30,72,TEMPORAL_ACTION_STATE,951503,384651,772,73,0,950652,3,2749,26826
128,19/08/2026 05:46,72,TEMPORAL_ACTION_STATE,956757,679449,770,81,0,955901,3,2748,26658
129,19/08/2026 06:02,72,TEMPORAL_ACTION_STATE,930885,438012,772,104,0,930004,3,2748,26833
130,19/08/2026 06:17,72,TEMPORAL_ACTION_STATE,941409,461340,770,81,0,940554,3,2749,26960
131,19/08/2026 06:33,72,TEMPORAL_ACTION_STATE,962323,480288,779,79,0,961460,3,2748,26981
132,19/08/2026 06:49,72,TEMPORAL_ACTION_STATE,955935,724738,822,125,0,954984,3,2747,27143
133,19/08/2026 07:05,72,TEMPORAL_ACTION_STATE,955881,771028,771,78,0,955027,3,2747,26895
134,19/08/2026 07:21,72,TEMPORAL_ACTION_STATE,939445,615545,774,71,0,938595,3,2766,27091
135,19/08/2026 07:37,72,TEMPORAL_ACTION_STATE,950677,614646,769,79,0,949824,3,2729,26831
136,19/08/2026 07:52,72,TEMPORAL_ACTION_STATE,942564,707529,773,79,0,941707,3,2736,26876
137,19/08/2026 08:08,72,TEMPORAL_ACTION_STATE,936042,382744,775,79,0,935183,3,2746,26921
138,19/08/2026 08:22,72,TEMPORAL_ACTION_STATE,823556,355341,770,81,0,822701,3,2489,23479
139,19/08/2026 08:38,72,TEMPORAL_ACTION_STATE,949055,434735,801,80,0,948168,3,2747,26734
140,19/08/2026 08:54,72,TEMPORAL_ACTION_STATE,957860,418952,771,71,0,957013,3,2749,26799
141,19/08/2026 09:09,72,TEMPORAL_ACTION_STATE,944585,467516,827,96,0,943656,3,2747,26907
142,19/08/2026 09:25,72,TEMPORAL_ACTION_STATE,953694,807923,771,78,0,952841,3,2747,26686
143,19/08/2026 09:41,72,TEMPORAL_ACTION_STATE,937227,682813,773,78,0,936370,3,2732,26793
144,19/08/2026 09:57,72,TEMPORAL_ACTION_STATE,951476,753186,773,82,0,950616,3,2744,26749
145,19/08/2026 10:13,72,TEMPORAL_ACTION_STATE,949434,358341,843,98,0,948487,3,2744,27142
146,19/08/2026 10:28,72,TEMPORAL_ACTION_STATE,956088,496549,774,103,0,955206,3,2749,26840
147,19/08/2026 10:42,72,TEMPORAL_ACTION_STATE,827366,594787,771,80,0,826510,3,2509,23851
148,19/08/2026 10:58,72,TEMPORAL_ACTION_STATE,950483,408432,769,79,0,949630,3,2748,26681
149,19/08/2026 11:14,72,TEMPORAL_ACTION_STATE,959346,372700,777,80,0,958480,6,2749,27170
150,19/08/2026 11:30,72,TEMPORAL_ACTION_STATE,950115,500331,778,79,0,949254,3,2748,26946
151,19/08/2026 11:46,72,TEMPORAL_ACTION_STATE,954315,520690,771,78,0,953462,3,2749,26776
152,19/08/2026 12:02,72,TEMPORAL_ACTION_STATE,955371,841852,771,82,0,954514,3,2747,26562
153,19/08/2026 12:18,72,TEMPORAL_ACTION_STATE,959624,405780,771,80,0,958768,3,2749,26923
154,19/08/2026 12:34,72,TEMPORAL_ACTION_STATE,944924,379706,774,79,0,944065,3,2747,26843
155,19/08/2026 12:49,72,TEMPORAL_ACTION_STATE,949897,624556,772,78,0,949042,3,2747,26708
156,19/08/2026 13:05,72,TEMPORAL_ACTION_STATE,953258,589774,771,70,0,952412,3,2747,26734
157,19/08/2026 13:21,72,TEMPORAL_ACTION_STATE,943086,376257,777,78,0,942225,3,2748,27001
158,19/08/2026 13:37,72,TEMPORAL_ACTION_STATE,955385,506756,775,80,0,954525,2,2747,26583
159,19/08/2026 13:53,72,TEMPORAL_ACTION_STATE,943025,419930,801,95,0,942124,3,2749,26604
160,19/08/2026 14:09,72,TEMPORAL_ACTION_STATE,956327,469261,769,81,0,955471,3,2749,26789
161,19/08/2026 14:24,72,TEMPORAL_ACTION_STATE,953622,391117,761,78,0,952779,3,2748,26889
162,19/08/2026 14:40,72,TEMPORAL_ACTION_STATE,944647,800033,771,80,0,943791,3,2766,26830
163,19/08/2026 14:56,72,TEMPORAL_ACTION_STATE,946040,398357,768,78,0,945188,4,2744,26435
164,19/08/2026 15:12,72,TEMPORAL_ACTION_STATE,947443,549732,777,78,0,946583,3,2747,26972
165,19/08/2026 15:28,72,TEMPORAL_ACTION_STATE,948730,537880,776,80,0,947868,4,2748,26692
166,19/08/2026 15:43,72,TEMPORAL_ACTION_STATE,939089,524166,775,74,0,938235,3,2748,26736
167,19/08/2026 15:59,72,TEMPORAL_ACTION_STATE,948705,528533,773,81,0,947846,3,2748,26808
168,19/08/2026 16:15,72,TEMPORAL_ACTION_STATE,949782,656700,780,80,0,948917,3,2747,27032
169,19/08/2026 16:31,72,TEMPORAL_ACTION_STATE,959763,469656,783,79,0,958897,3,2748,26755
170,19/08/2026 16:47,72,TEMPORAL_ACTION_STATE,953536,375241,771,80,0,952680,3,2748,26853
171,19/08/2026 17:02,72,TEMPORAL_ACTION_STATE,928561,593310,770,80,0,927707,2,2728,26773
172,19/08/2026 17:18,72,TEMPORAL_ACTION_STATE,941453,436617,770,81,0,940596,3,2744,26797
173,19/08/2026 17:34,72,TEMPORAL_ACTION_STATE,939269,510905,792,78,0,938395,3,2749,26871
174,19/08/2026 17:50,72,TEMPORAL_ACTION_STATE,956048,450095,775,78,0,955190,3,2747,26586
175,19/08/2026 18:05,72,TEMPORAL_ACTION_STATE,954224,429097,780,80,0,953358,3,2747,26977
176,19/08/2026 18:21,72,TEMPORAL_ACTION_STATE,948005,377206,790,98,0,947112,3,2749,26912
177,19/08/2026 18:37,72,TEMPORAL_ACTION_STATE,932250,486939,800,102,0,931342,3,2747,26956
178,19/08/2026 18:53,72,TEMPORAL_ACTION_STATE,953337,671493,772,80,0,952480,3,2767,26907
179,19/08/2026 19:09,72,TEMPORAL_ACTION_STATE,952549,438962,774,81,0,951689,3,2747,27006
180,19/08/2026 19:24,72,TEMPORAL_ACTION_STATE,945913,541932,840,94,0,944974,3,2747,26797
181,19/08/2026 19:40,72,TEMPORAL_ACTION_STATE,951524,410716,796,117,0,950605,4,2748,26725
182,19/08/2026 19:56,72,TEMPORAL_ACTION_STATE,953959,423057,773,80,0,953101,3,2749,26706
183,19/08/2026 20:12,72,TEMPORAL_ACTION_STATE,946668,718124,776,97,0,945790,3,2747,27219
184,19/08/2026 20:28,72,TEMPORAL_ACTION_STATE,946885,410289,814,98,0,945967,3,2748,26699
185,19/08/2026 20:44,72,TEMPORAL_ACTION_STATE,951755,748903,800,90,0,950859,4,2739,26971
186,19/08/2026 20:59,72,TEMPORAL_ACTION_STATE,948088,419212,797,96,0,947190,3,2747,26885
187,19/08/2026 21:15,72,TEMPORAL_ACTION_STATE,945272,515026,773,72,0,944422,3,2747,26972
188,19/08/2026 21:31,72,TEMPORAL_ACTION_STATE,958768,484406,776,72,0,957914,3,2748,26765
189,19/08/2026 21:47,72,TEMPORAL_ACTION_STATE,951678,463576,769,78,0,950827,3,2749,26867
190,19/08/2026 22:03,72,TEMPORAL_ACTION_STATE,953603,382942,770,81,0,952748,3,2747,27073
191,19/08/2026 22:19,72,TEMPORAL_ACTION_STATE,953512,676863,774,81,0,952652,3,2747,26794
192,19/08/2026 22:35,72,TEMPORAL_ACTION_STATE,949733,506867,769,78,0,948881,3,2748,26767
193,19/08/2026 22:50,72,TEMPORAL_ACTION_STATE,931769,719889,771,81,0,930913,3,2748,26898
194,19/08/2026 23:06,72,TEMPORAL_ACTION_STATE,935314,533203,772,80,0,934456,4,2748,26857
195,19/08/2026 23:21,72,TEMPORAL_ACTION_STATE,945192,487202,769,78,0,944340,3,2749,26672
196,19/08/2026 23:37,72,TEMPORAL_ACTION_STATE,947104,472983,773,82,0,946244,3,2749,26583
197,19/08/2026 23:53,72,TEMPORAL_ACTION_STATE,950370,545960,774,79,0,949512,3,2748,26591
198,20/08/2026 00:09,72,TEMPORAL_ACTION_STATE,957601,390146,775,78,0,956744,3,2744,26806
199,20/08/2026 00:25,72,TEMPORAL_ACTION_STATE,943776,723080,777,78,0,942916,3,2747,26623
200,20/08/2026 00:41,72,TEMPORAL_ACTION_STATE,946418,457940,820,90,0,945504,3,2747,26949
1,21/08/2026 16:37,9,EVENT_STATE,1811,88308,835,32,0,941,1,1,20
2,21/08/2026 16:37,9,EVENT_STATE,1729,78083,782,35,0,909,1,1,22
3,21/08/2026 16:37,9,EVENT_STATE,1819,85757,821,44,0,951,1,1,18
4,21/08/2026 16:37,9,EVENT_STATE,1857,88323,833,35,0,986,1,1,17
5,21/08/2026 16:37,9,EVENT_STATE,1704,88984,770,35,0,897,1,1,22
6,21/08/2026 16:37,9,EVENT_STATE,1802,88347,780,38,0,981,1,1,17
7,21/08/2026 16:37,9,EVENT_STATE,1715,88919,772,35,0,905,1,1,21
8,21/08/2026 16:37,9,EVENT_STATE,1723,85649,772,34,0,912,1,1,19
9,21/08/2026 16:37,9,EVENT_STATE,1759,85714,783,34,0,938,1,1,19
10,21/08/2026 16:37,9,EVENT_STATE,1752,83103,773,35,0,941,1,1,21
11,21/08/2026 16:37,9,EVENT_STATE,1786,88279,803,37,0,942,1,1,21
12,21/08/2026 16:37,9,EVENT_STATE,1784,80637,796,42,0,943,1,1,16
13,21/08/2026 16:37,9,EVENT_STATE,1832,86383,770,34,0,1024,1,1,19
14,21/08/2026 16:37,9,EVENT_STATE,1695,85674,768,33,0,891,1,1,17
15,21/08/2026 16:37,9,EVENT_STATE,1742,85783,778,49,0,911,1,1,20
16,21/08/2026 16:37,9,EVENT_STATE,1742,88321,805,32,0,902,1,1,20
17,21/08/2026 16:37,9,EVENT_STATE,1711,83086,778,33,0,896,1,1,19
18,21/08/2026 16:37,9,EVENT_STATE,1754,85681,816,32,0,902,1,1,20
19,21/08/2026 16:37,9,EVENT_STATE,1702,85735,767,35,0,896,1,1,17
20,21/08/2026 16:37,9,EVENT_STATE,1734,85735,794,34,0,903,1,1,20
21,21/08/2026 16:37,9,EVENT_STATE,1723,83033,772,35,0,913,1,1,18
22,21/08/2026 16:37,9,EVENT_STATE,1830,85637,796,50,0,981,1,1,18
23,21/08/2026 16:37,9,EVENT_STATE,1708,89074,766,35,0,904,1,1,16
24,21/08/2026 16:37,9,EVENT_STATE,1726,83118,780,34,0,908,1,1,19
25,21/08/2026 16:37,9,EVENT_STATE,1709,85630,772,33,0,900,1,1,19
26,21/08/2026 16:37,9,EVENT_STATE,1732,88305,790,33,0,905,1,1,22
27,21/08/2026 16:37,9,EVENT_STATE,1842,85746,802,38,0,998,1,1,16
28,21/08/2026 16:37,9,EVENT_STATE,1707,85734,772,35,0,897,1,1,18
29,21/08/2026 16:37,9,EVENT_STATE,1801,88290,799,47,0,952,1,1,17
30,21/08/2026 16:38,9,EVENT_STATE,1812,86372,787,45,0,977,1,1,18
31,21/08/2026 16:38,9,EVENT_STATE,1722,88323,774,33,0,913,1,1,16
32,21/08/2026 16:38,9,EVENT_STATE,1700,88348,773,32,0,891,1,1,16
33,21/08/2026 16:38,9,EVENT_STATE,1773,83073,786,34,0,950,1,1,23
34,21/08/2026 16:38,9,EVENT_STATE,1721,88329,765,34,0,918,1,1,19
35,21/08/2026 16:38,9,EVENT_STATE,1722,86260,777,35,0,907,1,1,18
36,21/08/2026 16:38,9,EVENT_STATE,1744,85726,770,36,0,935,1,1,18
37,21/08/2026 16:38,9,EVENT_STATE,1773,88333,771,35,0,964,1,1,16
38,21/08/2026 16:38,9,EVENT_STATE,1811,88371,813,41,0,954,1,1,16
39,21/08/2026 16:38,9,EVENT_STATE,1770,85748,770,33,0,964,1,1,20
40,21/08/2026 16:38,9,EVENT_STATE,1775,83069,800,33,0,939,1,1,21
41,21/08/2026 16:38,9,EVENT_STATE,1715,85730,777,33,0,902,1,1,20
42,21/08/2026 16:38,9,EVENT_STATE,1811,83145,828,41,0,939,1,1,17
43,21/08/2026 16:38,9,EVENT_STATE,1707,85701,772,34,0,897,2,1,18
44,21/08/2026 16:38,9,EVENT_STATE,1729,88362,770,34,0,921,1,1,15
45,21/08/2026 16:38,9,EVENT_STATE,1722,88276,772,34,0,912,1,1,21
46,21/08/2026 16:38,9,EVENT_STATE,1713,85698,771,33,0,905,1,1,20
47,21/08/2026 16:38,9,EVENT_STATE,1795,86401,862,34,0,895,1,1,16
48,21/08/2026 16:38,9,EVENT_STATE,1707,85742,769,33,0,901,1,1,17
49,21/08/2026 16:38,9,EVENT_STATE,1702,85608,771,34,0,894,1,1,17
50,21/08/2026 16:38,9,EVENT_STATE,1735,88278,770,33,0,930,1,1,16
51,21/08/2026 16:38,9,EVENT_STATE,1757,88289,770,32,0,952,1,1,20
52,21/08/2026 16:38,9,EVENT_STATE,1718,83077,773,35,0,907,1,1,19
53,21/08/2026 16:38,9,EVENT_STATE,1726,85641,789,33,0,901,1,1,16
54,21/08/2026 16:38,9,EVENT_STATE,1708,84549,770,33,0,901,2,1,18
55,21/08/2026 16:38,9,EVENT_STATE,1712,85654,776,36,0,897,1,1,19
56,21/08/2026 16:38,9,EVENT_STATE,1726,88312,776,35,0,911,1,1,19
57,21/08/2026 16:38,9,EVENT_STATE,1694,86395,765,33,0,892,1,1,16
58,21/08/2026 16:38,9,EVENT_STATE,1713,85639,772,33,0,904,1,1,19
59,21/08/2026 16:38,9,EVENT_STATE,1885,85765,829,44,0,1008,1,1,20
60,21/08/2026 16:38,9,EVENT_STATE,1747,88243,781,32,0,931,1,1,19
61,21/08/2026 16:39,9,EVENT_STATE,1717,88208,773,34,0,906,1,1,18
62,21/08/2026 16:39,9,EVENT_STATE,1711,85771,771,34,0,902,1,1,16
63,21/08/2026 16:39,9,EVENT_STATE,1720,85614,768,35,0,914,1,1,17
64,21/08/2026 16:39,9,EVENT_STATE,1730,88227,776,32,0,918,1,1,19
65,21/08/2026 16:39,9,EVENT_STATE,1755,85598,777,33,0,941,1,1,16
66,21/08/2026 16:39,9,EVENT_STATE,1702,88292,772,32,0,895,1,1,18
67,21/08/2026 16:39,9,EVENT_STATE,1740,86380,776,33,0,928,1,1,20
68,21/08/2026 16:39,9,EVENT_STATE,1752,86393,767,33,0,949,1,1,15
69,21/08/2026 16:39,9,EVENT_STATE,1712,88349,774,33,0,901,1,1,20
70,21/08/2026 16:39,9,EVENT_STATE,1701,86337,770,35,0,893,1,1,16
71,21/08/2026 16:39,9,EVENT_STATE,1743,88317,779,33,0,928,1,1,16
72,21/08/2026 16:39,9,EVENT_STATE,1820,89021,824,45,0,947,1,1,16
73,21/08/2026 16:39,9,EVENT_STATE,1718,85672,775,33,0,907,1,1,18
74,21/08/2026 16:39,9,EVENT_STATE,1721,85674,772,35,0,911,1,1,25
75,21/08/2026 16:39,9,EVENT_STATE,1712,85713,772,35,0,902,1,1,16
76,21/08/2026 16:39,9,EVENT_STATE,1739,88373,765,35,0,935,2,1,17
77,21/08/2026 16:39,9,EVENT_STATE,1749,85703,768,35,0,943,1,1,20
78,21/08/2026 16:39,9,EVENT_STATE,1713,86333,776,33,0,901,1,1,16
79,21/08/2026 16:39,9,EVENT_STATE,1862,85662,819,40,0,1000,1,1,21
80,21/08/2026 16:39,9,EVENT_STATE,1711,85785,769,34,0,904,1,1,20
81,21/08/2026 16:39,9,EVENT_STATE,1734,88293,775,33,0,923,1,1,17
82,21/08/2026 16:39,9,EVENT_STATE,1715,85778,771,32,0,909,1,1,19
83,21/08/2026 16:39,9,EVENT_STATE,1731,85694,789,35,0,904,1,1,18
84,21/08/2026 16:39,9,EVENT_STATE,1775,85693,777,41,0,954,1,1,16
85,21/08/2026 16:39,9,EVENT_STATE,1708,85699,774,33,0,898,1,1,19
86,21/08/2026 16:39,9,EVENT_STATE,1697,85642,769,33,0,892,1,1,16
87,21/08/2026 16:39,9,EVENT_STATE,1705,88379,773,33,0,895,1,1,16
88,21/08/2026 16:39,9,EVENT_STATE,1718,85703,768,34,0,912,1,1,18
89,21/08/2026 16:39,9,EVENT_STATE,1777,85702,788,45,0,940,1,1,19
90,21/08/2026 16:39,9,EVENT_STATE,1706,85709,773,32,0,897,1,1,17
91,21/08/2026 16:39,9,EVENT_STATE,1710,85651,770,35,0,902,1,1,21
92,21/08/2026 16:40,9,EVENT_STATE,1740,88997,777,35,0,925,1,1,21
93,21/08/2026 16:40,9,EVENT_STATE,1724,85691,770,35,0,916,1,1,17
94,21/08/2026 16:40,9,EVENT_STATE,1818,88254,828,38,0,948,1,1,19
95,21/08/2026 16:40,9,EVENT_STATE,1760,88343,775,35,0,946,1,1,21
96,21/08/2026 16:40,9,EVENT_STATE,1716,88955,781,33,0,899,1,1,24
97,21/08/2026 16:40,9,EVENT_STATE,1829,88274,799,39,0,987,1,1,19
98,21/08/2026 16:40,9,EVENT_STATE,1712,85690,770,33,0,905,1,1,21
99,21/08/2026 16:40,9,EVENT_STATE,1738,85760,774,33,0,928,1,1,17
100,21/08/2026 16:40,9,EVENT_STATE,1714,85731,770,35,0,906,1,1,21
101,21/08/2026 16:40,9,EVENT_STATE,1707,83066,768,34,0,902,1,1,19
102,21/08/2026 16:40,9,EVENT_STATE,1700,85758,766,32,0,898,1,1,19
103,21/08/2026 16:40,9,EVENT_STATE,1780,88315,796,44,0,937,1,1,16
104,21/08/2026 16:40,9,EVENT_STATE,1715,88324,781,35,0,896,1,1,17
105,21/08/2026 16:40,9,EVENT_STATE,1819,85647,823,38,0,955,1,1,16
106,21/08/2026 16:40,9,EVENT_STATE,1793,88324,774,32,0,984,1,1,16
107,21/08/2026 16:40,9,EVENT_STATE,1716,83073,778,33,0,902,1,1,20
108,21/08/2026 16:40,9,EVENT_STATE,1719,88402,777,33,0,906,1,1,17
109,21/08/2026 16:40,9,EVENT_STATE,1793,88309,793,34,0,961,1,1,19
110,21/08/2026 16:40,9,EVENT_STATE,1757,88349,770,32,0,952,1,1,20
111,21/08/2026 16:40,9,EVENT_STATE,1770,85609,830,34,0,902,1,1,22
112,21/08/2026 16:40,9,EVENT_STATE,1734,88307,769,35,0,927,1,1,17
113,21/08/2026 16:40,9,EVENT_STATE,1774,88290,768,35,0,968,1,1,20
114,21/08/2026 16:40,9,EVENT_STATE,1696,85621,766,32,0,894,1,1,17
115,21/08/2026 16:40,9,EVENT_STATE,1792,86269,784,32,0,972,1,1,16
116,21/08/2026 16:40,9,EVENT_STATE,1733,83047,780,38,0,912,1,1,17
117,21/08/2026 16:40,9,EVENT_STATE,1724,85650,774,33,0,914,1,1,20
118,21/08/2026 16:40,9,EVENT_STATE,1730,83032,774,35,0,919,1,1,20
119,21/08/2026 16:40,9,EVENT_STATE,1706,85741,772,33,0,898,1,1,16
120,21/08/2026 16:40,9,EVENT_STATE,1724,89015,767,32,0,922,1,1,21
121,21/08/2026 16:40,9,EVENT_STATE,1748,86433,775,34,0,935,1,1,20
122,21/08/2026 16:40,9,EVENT_STATE,1767,88308,777,33,0,954,1,1,22
123,21/08/2026 16:41,9,EVENT_STATE,1723,85725,777,35,0,908,1,1,17
124,21/08/2026 16:41,9,EVENT_STATE,1735,88324,777,35,0,920,1,1,19
125,21/08/2026 16:41,9,EVENT_STATE,1724,88342,775,33,0,912,1,1,21
126,21/08/2026 16:41,9,EVENT_STATE,1833,83967,773,34,0,1022,1,1,18
127,21/08/2026 16:41,9,EVENT_STATE,1695,88893,766,34,0,891,1,1,16
128,21/08/2026 16:41,9,EVENT_STATE,1779,81928,836,32,0,908,1,1,16
129,21/08/2026 16:41,9,EVENT_STATE,1741,81306,769,33,0,936,1,1,21
130,21/08/2026 16:41,9,EVENT_STATE,1772,85715,770,35,0,963,1,1,16
131,21/08/2026 16:41,9,EVENT_STATE,1785,83693,780,36,0,965,1,1,23
132,21/08/2026 16:41,9,EVENT_STATE,1848,88249,813,41,0,991,1,1,21
133,21/08/2026 16:41,9,EVENT_STATE,1699,88327,761,31,0,903,1,1,21
134,21/08/2026 16:41,9,EVENT_STATE,1706,85658,768,34,0,900,1,1,19
135,21/08/2026 16:41,9,EVENT_STATE,1698,85687,770,33,0,892,1,1,18
136,21/08/2026 16:41,9,EVENT_STATE,1810,83066,772,33,0,1002,1,1,17
137,21/08/2026 16:41,9,EVENT_STATE,1708,85671,767,32,0,905,1,1,27
138,21/08/2026 16:41,9,EVENT_STATE,1837,83141,785,49,0,1000,1,1,19
139,21/08/2026 16:41,9,EVENT_STATE,1700,83113,772,32,0,892,1,1,19
140,21/08/2026 16:41,9,EVENT_STATE,1759,88147,823,33,0,900,1,1,19
141,21/08/2026 16:41,9,EVENT_STATE,1759,85609,810,32,0,913,1,1,25
142,21/08/2026 16:41,9,EVENT_STATE,1741,85681,794,33,0,911,1,1,21
143,21/08/2026 16:41,9,EVENT_STATE,1753,85787,773,34,0,942,1,1,20
144,21/08/2026 16:41,9,EVENT_STATE,1900,86416,840,44,0,1013,1,1,19
145,21/08/2026 16:41,9,EVENT_STATE,1718,88307,771,33,0,910,1,1,17
146,21/08/2026 16:41,9,EVENT_STATE,1808,85638,769,35,0,1000,1,1,20
147,21/08/2026 16:41,9,EVENT_STATE,1714,83055,779,35,0,897,1,1,17
148,21/08/2026 16:41,9,EVENT_STATE,1735,83811,796,33,0,903,1,1,20
149,21/08/2026 16:41,9,EVENT_STATE,1714,85687,769,33,0,909,1,1,21
150,21/08/2026 16:41,9,EVENT_STATE,1754,88281,816,37,0,897,1,1,20
151,21/08/2026 16:41,9,EVENT_STATE,1757,83919,777,35,0,942,1,1,20
152,21/08/2026 16:41,9,EVENT_STATE,1717,88286,780,33,0,901,1,1,20
153,21/08/2026 16:42,9,EVENT_STATE,1725,88338,777,35,0,909,1,1,21
154,21/08/2026 16:42,9,EVENT_STATE,1789,88284,770,36,0,980,1,1,19
155,21/08/2026 16:42,9,EVENT_STATE,1739,85693,782,35,0,919,1,1,17
156,21/08/2026 16:42,9,EVENT_STATE,1872,85775,840,38,0,991,1,1,18
157,21/08/2026 16:42,9,EVENT_STATE,1755,85701,811,32,0,908,1,1,16
158,21/08/2026 16:42,9,EVENT_STATE,1699,83255,768,34,0,894,1,1,16
159,21/08/2026 16:42,9,EVENT_STATE,1726,83076,775,35,0,913,1,1,16
160,21/08/2026 16:42,9,EVENT_STATE,1812,88394,813,45,0,950,1,1,16
161,21/08/2026 16:42,9,EVENT_STATE,1743,88285,779,32,0,929,1,1,20
162,21/08/2026 16:42,9,EVENT_STATE,1704,85748,770,33,0,898,1,1,16
163,21/08/2026 16:42,9,EVENT_STATE,1727,88222,771,33,0,920,1,1,20
164,21/08/2026 16:42,9,EVENT_STATE,1710,85767,774,33,0,900,1,1,17
165,21/08/2026 16:42,9,EVENT_STATE,1765,86400,772,35,0,954,1,1,22
166,21/08/2026 16:42,9,EVENT_STATE,1732,83122,772,34,0,922,1,1,21
167,21/08/2026 16:42,9,EVENT_STATE,1702,83055,772,32,0,893,1,1,16
168,21/08/2026 16:42,9,EVENT_STATE,1714,86360,776,35,0,900,1,1,17
169,21/08/2026 16:42,9,EVENT_STATE,1699,85742,770,33,0,892,1,1,16
170,21/08/2026 16:42,9,EVENT_STATE,1732,88315,777,35,0,916,2,1,16
171,21/08/2026 16:42,9,EVENT_STATE,1750,85765,790,32,0,923,1,1,23
172,21/08/2026 16:42,9,EVENT_STATE,1723,88366,775,33,0,912,1,1,20
173,21/08/2026 16:42,9,EVENT_STATE,1788,88335,807,43,0,935,1,1,16
174,21/08/2026 16:42,9,EVENT_STATE,1723,85681,772,33,0,915,1,1,23
175,21/08/2026 16:42,9,EVENT_STATE,1752,85704,774,33,0,941,1,1,22
176,21/08/2026 16:42,9,EVENT_STATE,1761,85769,812,34,0,912,1,1,18
177,21/08/2026 16:42,9,EVENT_STATE,1786,85669,803,43,0,936,1,1,16
178,21/08/2026 16:42,9,EVENT_STATE,1711,83842,769,32,0,907,1,1,20
179,21/08/2026 16:42,9,EVENT_STATE,1712,85705,778,33,0,897,1,1,16
180,21/08/2026 16:42,9,EVENT_STATE,1711,86320,768,33,0,907,1,1,20
181,21/08/2026 16:42,9,EVENT_STATE,1744,83097,769,32,0,939,1,1,16
182,21/08/2026 16:42,9,EVENT_STATE,1768,88348,785,43,0,937,1,1,16
183,21/08/2026 16:42,9,EVENT_STATE,1751,88276,802,43,0,903,1,1,17
184,21/08/2026 16:43,9,EVENT_STATE,1741,88368,769,35,0,933,1,1,18
185,21/08/2026 16:43,9,EVENT_STATE,1786,85693,829,34,0,920,1,1,23
186,21/08/2026 16:43,9,EVENT_STATE,1766,85737,777,35,0,951,1,1,17
187,21/08/2026 16:43,9,EVENT_STATE,1710,85662,766,34,0,907,1,1,23
188,21/08/2026 16:43,9,EVENT_STATE,1705,83155,768,35,0,899,1,1,20
189,21/08/2026 16:43,9,EVENT_STATE,1707,85686,769,34,0,901,1,1,17
190,21/08/2026 16:43,9,EVENT_STATE,1718,85701,771,33,0,910,1,1,19
191,21/08/2026 16:43,9,EVENT_STATE,1716,88307,774,35,0,905,1,1,19
192,21/08/2026 16:43,9,EVENT_STATE,1783,88335,775,35,0,970,1,1,17
193,21/08/2026 16:43,9,EVENT_STATE,1736,85654,770,33,0,929,1,1,16
194,21/08/2026 16:43,9,EVENT_STATE,1744,85709,785,35,0,920,1,1,17
195,21/08/2026 16:43,9,EVENT_STATE,1707,88309,774,35,0,895,1,1,16
196,21/08/2026 16:43,9,EVENT_STATE,1715,88327,775,35,0,901,2,1,17
197,21/08/2026 16:43,9,EVENT_STATE,1708,85685,770,32,0,902,1,1,21
198,21/08/2026 16:43,9,EVENT_STATE,1780,83058,779,34,0,962,1,1,17
199,21/08/2026 16:43,9,EVENT_STATE,1746,88342,782,33,0,928,1,1,15
200,21/08/2026 16:43,9,EVENT_STATE,1719,85693,780,33,0,903,1,1,17
1,21/08/2026 16:43,18,EVENT_STATE,2774,71215,769,41,0,1960,1,4,59
2,21/08/2026 16:43,18,EVENT_STATE,2755,71036,770,44,0,1938,2,4,65
3,21/08/2026 16:43,18,EVENT_STATE,2749,71174,776,44,0,1925,2,4,62
4,21/08/2026 16:43,18,EVENT_STATE,2830,70984,770,43,0,2013,1,4,66
5,21/08/2026 16:43,18,EVENT_STATE,2871,71024,818,49,0,2000,2,4,66
6,21/08/2026 16:43,18,EVENT_STATE,2751,75877,782,43,0,1922,2,4,59
7,21/08/2026 16:43,18,EVENT_STATE,2757,75887,772,41,0,1941,1,4,52
8,21/08/2026 16:44,18,EVENT_STATE,2818,71085,786,43,0,1986,1,4,62
9,21/08/2026 16:44,18,EVENT_STATE,2770,76149,768,42,0,1957,1,4,60
10,21/08/2026 16:44,18,EVENT_STATE,2774,65618,775,41,0,1954,2,4,65
11,21/08/2026 16:44,18,EVENT_STATE,2778,70819,773,41,0,1960,2,4,64
12,21/08/2026 16:44,18,EVENT_STATE,2754,75918,775,43,0,1932,1,4,60
13,21/08/2026 16:44,18,EVENT_STATE,2844,76092,810,53,0,1977,1,4,57
14,21/08/2026 16:44,18,EVENT_STATE,2801,70952,776,40,0,1981,1,4,63
15,21/08/2026 16:44,18,EVENT_STATE,2761,70909,772,41,0,1945,1,4,60
16,21/08/2026 16:44,18,EVENT_STATE,2950,70984,846,60,0,2041,1,4,57
17,21/08/2026 16:44,18,EVENT_STATE,2738,66109,777,41,0,1917,1,4,59
18,21/08/2026 16:44,18,EVENT_STATE,2739,71100,770,43,0,1923,1,4,60
19,21/08/2026 16:44,18,EVENT_STATE,2838,75805,792,59,0,1984,1,4,61
20,21/08/2026 16:44,18,EVENT_STATE,2767,76042,782,40,0,1941,1,4,65
21,21/08/2026 16:44,18,EVENT_STATE,2776,75983,800,43,0,1930,1,4,63
22,21/08/2026 16:44,18,EVENT_STATE,2789,75953,772,43,0,1970,1,4,57
23,21/08/2026 16:44,18,EVENT_STATE,2793,75975,775,43,0,1971,2,4,58
24,21/08/2026 16:44,18,EVENT_STATE,2797,75804,770,43,0,1980,2,4,62
25,21/08/2026 16:44,18,EVENT_STATE,2869,71101,812,53,0,2001,1,4,61
26,21/08/2026 16:44,18,EVENT_STATE,2759,70933,776,41,0,1939,2,4,67
27,21/08/2026 16:44,18,EVENT_STATE,2768,75843,774,41,0,1949,2,4,60
28,21/08/2026 16:45,18,EVENT_STATE,2720,75812,768,43,0,1905,2,4,66
29,21/08/2026 16:45,18,EVENT_STATE,2767,71378,800,41,0,1921,2,4,51
30,21/08/2026 16:45,18,EVENT_STATE,2836,71122,784,53,0,1996,1,4,54
31,21/08/2026 16:45,18,EVENT_STATE,2742,75841,769,44,0,1926,2,4,62
32,21/08/2026 16:45,18,EVENT_STATE,2813,75882,821,52,0,1936,2,4,70
33,21/08/2026 16:45,18,EVENT_STATE,2812,76053,803,37,0,1969,1,4,63
34,21/08/2026 16:45,18,EVENT_STATE,2750,75925,768,43,0,1935,2,4,62
35,21/08/2026 16:45,18,EVENT_STATE,2828,75866,814,50,0,1960,1,4,57
36,21/08/2026 16:45,18,EVENT_STATE,2810,71056,814,43,0,1950,1,4,69
37,21/08/2026 16:45,18,EVENT_STATE,2808,76167,773,43,0,1989,2,4,63
38,21/08/2026 16:45,18,EVENT_STATE,2888,75716,803,52,0,2030,1,4,63
39,21/08/2026 16:45,18,EVENT_STATE,2826,71110,812,53,0,1957,1,4,60
40,21/08/2026 16:45,18,EVENT_STATE,2869,75812,798,55,0,2012,2,4,65
41,21/08/2026 16:45,18,EVENT_STATE,2751,75905,772,44,0,1932,1,4,70
42,21/08/2026 16:45,18,EVENT_STATE,2797,65901,781,44,0,1970,1,4,64
43,21/08/2026 16:45,18,EVENT_STATE,2829,75978,772,41,0,2012,2,4,63
44,21/08/2026 16:45,18,EVENT_STATE,2793,76042,786,42,0,1961,2,4,69
45,21/08/2026 16:45,18,EVENT_STATE,2775,75853,774,43,0,1954,1,4,56
46,21/08/2026 16:45,18,EVENT_STATE,2765,76153,779,43,0,1940,1,4,69
47,21/08/2026 16:45,18,EVENT_STATE,2873,71130,778,43,0,2048,1,4,69
48,21/08/2026 16:46,18,EVENT_STATE,2769,75913,773,41,0,1950,2,4,63
49,21/08/2026 16:46,18,EVENT_STATE,2730,70933,769,43,0,1914,1,4,61
50,21/08/2026 16:46,18,EVENT_STATE,2792,76030,795,50,0,1943,1,4,61
51,21/08/2026 16:46,18,EVENT_STATE,2810,65970,780,41,0,1985,2,4,70
52,21/08/2026 16:46,18,EVENT_STATE,2746,76040,767,41,0,1935,1,4,63
53,21/08/2026 16:46,18,EVENT_STATE,2880,76023,837,48,0,1992,1,4,72
54,21/08/2026 16:46,18,EVENT_STATE,2759,71016,781,43,0,1932,1,4,63
55,21/08/2026 16:46,18,EVENT_STATE,2726,65743,773,42,0,1907,1,4,59
56,21/08/2026 16:46,18,EVENT_STATE,2757,75861,776,41,0,1936,1,4,63
57,21/08/2026 16:46,18,EVENT_STATE,2763,75991,771,41,0,1948,2,4,65
58,21/08/2026 16:46,18,EVENT_STATE,2873,70925,779,41,0,2050,1,4,64
59,21/08/2026 16:46,18,EVENT_STATE,2812,80701,771,53,0,1985,1,4,56
60,21/08/2026 16:46,18,EVENT_STATE,2769,75918,770,41,0,1954,2,4,53
61,21/08/2026 16:46,18,EVENT_STATE,2765,75845,779,41,0,1942,1,4,57
62,21/08/2026 16:46,18,EVENT_STATE,2797,75911,771,41,0,1981,1,4,65
63,21/08/2026 16:46,18,EVENT_STATE,2744,70864,772,44,0,1924,1,4,56
64,21/08/2026 16:46,18,EVENT_STATE,2759,75848,773,43,0,1939,1,4,68
65,21/08/2026 16:46,18,EVENT_STATE,2773,76207,771,43,0,1956,2,4,60
66,21/08/2026 16:46,18,EVENT_STATE,2824,71024,772,43,0,2006,1,4,65
67,21/08/2026 16:46,18,EVENT_STATE,2723,71147,769,41,0,1909,1,4,63
68,21/08/2026 16:46,18,EVENT_STATE,2808,70986,795,41,0,1969,2,4,53
69,21/08/2026 16:47,18,EVENT_STATE,2803,70988,767,43,0,1989,1,4,65
70,21/08/2026 16:47,18,EVENT_STATE,2746,76106,772,41,0,1931,1,4,65
71,21/08/2026 16:47,18,EVENT_STATE,2875,75927,817,55,0,2000,1,4,67
72,21/08/2026 16:47,18,EVENT_STATE,2767,71330,774,41,0,1949,1,4,65
73,21/08/2026 16:47,18,EVENT_STATE,2750,71117,777,41,0,1929,1,4,64
74,21/08/2026 16:47,18,EVENT_STATE,2864,75801,817,51,0,1992,1,4,66
75,21/08/2026 16:47,18,EVENT_STATE,2840,71148,824,52,0,1961,1,4,53
76,21/08/2026 16:47,18,EVENT_STATE,2736,75809,771,43,0,1918,1,4,56
77,21/08/2026 16:47,18,EVENT_STATE,2732,70909,768,43,0,1918,1,4,54
78,21/08/2026 16:47,18,EVENT_STATE,2843,71032,787,49,0,2004,1,4,68
79,21/08/2026 16:47,18,EVENT_STATE,2725,71044,776,42,0,1904,1,4,59
80,21/08/2026 16:47,18,EVENT_STATE,2762,75817,769,43,0,1946,1,4,56
81,21/08/2026 16:47,18,EVENT_STATE,2740,70936,769,41,0,1927,1,4,65
82,21/08/2026 16:47,18,EVENT_STATE,2804,70932,779,43,0,1978,1,4,69
83,21/08/2026 16:47,18,EVENT_STATE,2827,76014,773,42,0,2008,1,4,67
84,21/08/2026 16:47,18,EVENT_STATE,2729,75898,768,41,0,1916,1,4,70
85,21/08/2026 16:47,18,EVENT_STATE,2729,71016,768,41,0,1917,1,4,62
86,21/08/2026 16:47,18,EVENT_STATE,2831,75975,800,44,0,1984,1,4,56
87,21/08/2026 16:47,18,EVENT_STATE,2741,71007,772,41,0,1924,1,4,57
88,21/08/2026 16:47,18,EVENT_STATE,2751,75836,785,41,0,1922,1,4,64
89,21/08/2026 16:48,18,EVENT_STATE,2872,75857,831,60,0,1978,1,4,58
90,21/08/2026 16:48,18,EVENT_STATE,2780,70817,783,41,0,1953,1,4,67
91,21/08/2026 16:48,18,EVENT_STATE,2851,70964,782,43,0,2023,2,4,68
92,21/08/2026 16:48,18,EVENT_STATE,2862,75852,771,43,0,2043,2,4,53
93,21/08/2026 16:48,18,EVENT_STATE,2816,75985,772,41,0,2000,1,4,58
94,21/08/2026 16:48,18,EVENT_STATE,2752,75911,773,43,0,1933,1,4,62
95,21/08/2026 16:48,18,EVENT_STATE,2782,71299,783,41,0,1954,1,4,59
96,21/08/2026 16:48,18,EVENT_STATE,2791,71049,820,43,0,1924,1,4,68
97,21/08/2026 16:48,18,EVENT_STATE,2740,70882,770,43,0,1924,1,4,59
98,21/08/2026 16:48,18,EVENT_STATE,2759,75906,775,43,0,1938,1,4,63
99,21/08/2026 16:48,18,EVENT_STATE,2901,75843,830,49,0,2018,2,4,61
100,21/08/2026 16:48,18,EVENT_STATE,2752,71066,781,41,0,1926,1,4,56
101,21/08/2026 16:48,18,EVENT_STATE,2807,71043,778,43,0,1982,1,4,64
102,21/08/2026 16:48,18,EVENT_STATE,2804,75809,770,41,0,1990,1,4,60
103,21/08/2026 16:48,18,EVENT_STATE,2757,71000,775,43,0,1935,1,4,66
104,21/08/2026 16:48,18,EVENT_STATE,2732,75860,770,43,0,1914,1,4,62
105,21/08/2026 16:48,18,EVENT_STATE,2805,76038,780,42,0,1981,1,4,56
106,21/08/2026 16:48,18,EVENT_STATE,2749,75935,775,44,0,1927,2,4,62
107,21/08/2026 16:48,18,EVENT_STATE,2786,70847,777,41,0,1965,1,4,64
108,21/08/2026 16:48,18,EVENT_STATE,2835,71205,795,51,0,1986,1,4,66
109,21/08/2026 16:49,18,EVENT_STATE,2757,70756,794,41,0,1919,2,4,61
110,21/08/2026 16:49,18,EVENT_STATE,2784,71201,771,41,0,1968,2,4,59
111,21/08/2026 16:49,18,EVENT_STATE,2761,71193,778,43,0,1936,2,4,64
112,21/08/2026 16:49,18,EVENT_STATE,2788,75785,769,40,0,1975,1,4,66
113,21/08/2026 16:49,18,EVENT_STATE,2761,75765,769,43,0,1946,1,4,70
114,21/08/2026 16:49,18,EVENT_STATE,2750,70994,777,41,0,1928,1,4,59
115,21/08/2026 16:49,18,EVENT_STATE,2768,75849,783,43,0,1938,2,4,64
116,21/08/2026 16:49,18,EVENT_STATE,2752,70986,783,41,0,1925,1,4,62
117,21/08/2026 16:49,18,EVENT_STATE,2780,70902,782,41,0,1954,1,4,63
118,21/08/2026 16:49,18,EVENT_STATE,2763,76041,776,43,0,1941,1,4,60
119,21/08/2026 16:49,18,EVENT_STATE,2838,76044,772,43,0,2019,1,4,69
120,21/08/2026 16:49,18,EVENT_STATE,2835,75949,774,42,0,2015,2,4,56
121,21/08/2026 16:49,18,EVENT_STATE,2810,75774,768,40,0,1998,1,4,60
122,21/08/2026 16:49,18,EVENT_STATE,2775,76076,771,43,0,1958,1,4,64
123,21/08/2026 16:49,18,EVENT_STATE,2775,71041,780,41,0,1950,1,4,67
124,21/08/2026 16:49,18,EVENT_STATE,2783,70777,783,43,0,1954,1,4,60
125,21/08/2026 16:49,18,EVENT_STATE,2789,76021,773,41,0,1971,2,4,65
126,21/08/2026 16:49,18,EVENT_STATE,2785,76005,818,43,0,1920,2,4,67
127,21/08/2026 16:49,18,EVENT_STATE,2797,75934,768,42,0,1984,1,4,57
128,21/08/2026 16:49,18,EVENT_STATE,2816,75812,773,43,0,1997,1,4,65
129,21/08/2026 16:50,18,EVENT_STATE,2765,75843,770,40,0,1951,1,4,67
130,21/08/2026 16:50,18,EVENT_STATE,2873,70847,806,52,0,2011,2,4,61
131,21/08/2026 16:50,18,EVENT_STATE,2739,71127,770,41,0,1925,1,4,55
132,21/08/2026 16:50,18,EVENT_STATE,2751,71071,775,42,0,1931,1,4,63
133,21/08/2026 16:50,18,EVENT_STATE,2768,70982,782,43,0,1939,1,4,67
134,21/08/2026 16:50,18,EVENT_STATE,2755,71041,790,43,0,1918,1,4,52
135,21/08/2026 16:50,18,EVENT_STATE,2739,76070,778,44,0,1914,1,4,53
136,21/08/2026 16:50,18,EVENT_STATE,2778,71104,772,41,0,1961,1,4,66
137,21/08/2026 16:50,18,EVENT_STATE,2793,75967,779,43,0,1968,1,4,64
138,21/08/2026 16:50,18,EVENT_STATE,2759,65777,772,43,0,1940,2,4,54
139,21/08/2026 16:50,18,EVENT_STATE,2732,75957,778,41,0,1909,1,4,60
140,21/08/2026 16:50,18,EVENT_STATE,2774,75991,776,41,0,1955,1,4,63
141,21/08/2026 16:50,18,EVENT_STATE,2817,70825,773,41,0,2000,1,4,54
142,21/08/2026 16:50,18,EVENT_STATE,2757,75881,769,42,0,1943,1,4,66
143,21/08/2026 16:50,18,EVENT_STATE,2819,71029,789,43,0,1983,1,4,61
144,21/08/2026 16:50,18,EVENT_STATE,2734,71031,771,40,0,1919,1,4,66
145,21/08/2026 16:50,18,EVENT_STATE,2757,75998,777,41,0,1936,1,4,58
146,21/08/2026 16:50,18,EVENT_STATE,2740,70907,769,40,0,1928,1,4,63
147,21/08/2026 16:50,18,EVENT_STATE,2799,76205,779,54,0,1963,1,4,66
148,21/08/2026 16:50,18,EVENT_STATE,2731,60714,774,42,0,1912,1,4,56
149,21/08/2026 16:51,18,EVENT_STATE,2749,75851,770,43,0,1933,1,4,60
150,21/08/2026 16:51,18,EVENT_STATE,2805,70711,779,41,0,1981,1,4,58
151,21/08/2026 16:51,18,EVENT_STATE,2756,65685,774,43,0,1935,2,4,69
152,21/08/2026 16:51,18,EVENT_STATE,2791,75873,788,41,0,1958,1,4,62
153,21/08/2026 16:51,18,EVENT_STATE,2781,71090,780,43,0,1954,1,4,72
154,21/08/2026 16:51,18,EVENT_STATE,2823,71219,797,57,0,1965,1,4,60
155,21/08/2026 16:51,18,EVENT_STATE,2817,70853,775,42,0,1997,1,4,63
156,21/08/2026 16:51,18,EVENT_STATE,2948,71167,792,53,0,2099,2,4,62
157,21/08/2026 16:51,18,EVENT_STATE,2766,75811,766,42,0,1954,1,4,68
158,21/08/2026 16:51,18,EVENT_STATE,2786,70938,779,46,0,1957,1,4,66
159,21/08/2026 16:51,18,EVENT_STATE,2787,76022,772,50,0,1962,1,4,64
160,21/08/2026 16:51,18,EVENT_STATE,2743,75818,779,43,0,1917,1,4,56
161,21/08/2026 16:51,18,EVENT_STATE,2743,76141,776,41,0,1923,2,4,58
162,21/08/2026 16:51,18,EVENT_STATE,2778,75966,772,43,0,1959,2,4,51
163,21/08/2026 16:51,18,EVENT_STATE,2817,76132,813,42,0,1958,1,4,71
164,21/08/2026 16:51,18,EVENT_STATE,2750,70915,772,43,0,1932,1,4,61
165,21/08/2026 16:51,18,EVENT_STATE,2741,75805,774,41,0,1922,1,4,64
166,21/08/2026 16:51,18,EVENT_STATE,2846,75764,772,42,0,2028,1,4,58
167,21/08/2026 16:51,18,EVENT_STATE,2804,75812,777,41,0,1983,1,4,67
168,21/08/2026 16:51,18,EVENT_STATE,2781,70967,780,43,0,1955,1,4,57
169,21/08/2026 16:52,18,EVENT_STATE,2816,70883,767,41,0,2004,2,4,61
170,21/08/2026 16:52,18,EVENT_STATE,2737,76186,773,41,0,1920,1,4,54
171,21/08/2026 16:52,18,EVENT_STATE,2797,75820,807,41,0,1946,2,4,64
172,21/08/2026 16:52,18,EVENT_STATE,2752,75726,772,41,0,1935,2,4,60
173,21/08/2026 16:52,18,EVENT_STATE,2754,71148,779,41,0,1931,2,4,61
174,21/08/2026 16:52,18,EVENT_STATE,2738,71076,771,43,0,1920,1,4,55
175,21/08/2026 16:52,18,EVENT_STATE,2845,70745,773,41,0,2028,1,4,66
176,21/08/2026 16:52,18,EVENT_STATE,2795,76036,781,55,0,1955,1,4,57
177,21/08/2026 16:52,18,EVENT_STATE,2732,71053,770,42,0,1916,2,4,58
178,21/08/2026 16:52,18,EVENT_STATE,2810,70983,782,41,0,1983,1,4,66
179,21/08/2026 16:52,18,EVENT_STATE,2891,71176,810,57,0,2021,1,4,69
180,21/08/2026 16:52,18,EVENT_STATE,2717,75724,767,41,0,1906,1,4,57
181,21/08/2026 16:52,18,EVENT_STATE,2775,71121,776,43,0,1953,1,4,63
182,21/08/2026 16:52,18,EVENT_STATE,2750,75788,772,41,0,1933,1,4,69
183,21/08/2026 16:52,18,EVENT_STATE,2894,75832,823,40,0,2027,2,4,58
184,21/08/2026 16:52,18,EVENT_STATE,2823,70982,775,41,0,2003,1,4,69
185,21/08/2026 16:52,18,EVENT_STATE,2756,70840,768,41,0,1943,2,4,72
186,21/08/2026 16:52,18,EVENT_STATE,2759,71190,781,46,0,1929,1,4,63
187,21/08/2026 16:52,18,EVENT_STATE,2850,75813,823,48,0,1976,1,4,62
188,21/08/2026 16:52,18,EVENT_STATE,2735,70809,772,40,0,1919,2,4,63
189,21/08/2026 16:53,18,EVENT_STATE,2878,75889,849,58,0,1967,1,4,60
190,21/08/2026 16:53,18,EVENT_STATE,2813,70735,783,42,0,1986,1,4,81
191,21/08/2026 16:53,18,EVENT_STATE,2773,76007,776,43,0,1950,2,4,58
192,21/08/2026 16:53,18,EVENT_STATE,2807,75793,814,49,0,1940,1,4,65
193,21/08/2026 16:53,18,EVENT_STATE,2848,75881,835,50,0,1958,1,4,68
194,21/08/2026 16:53,18,EVENT_STATE,2798,70974,759,45,0,1991,1,4,58
195,21/08/2026 16:53,18,EVENT_STATE,2785,75934,803,41,0,1937,2,4,62
196,21/08/2026 16:53,18,EVENT_STATE,2839,70849,842,68,0,1925,1,4,60
197,21/08/2026 16:53,18,EVENT_STATE,2776,76071,777,42,0,1954,2,4,64
198,21/08/2026 16:53,18,EVENT_STATE,2798,75757,767,43,0,1985,2,4,64
199,21/08/2026 16:53,18,EVENT_STATE,2917,70814,838,52,0,2023,2,4,58
200,21/08/2026 16:53,18,EVENT_STATE,2731,70958,770,42,0,1916,1,4,70
1,21/08/2026 16:53,27,EVENT_STATE,20909,193396,785,49,0,20071,1,83,354
2,21/08/2026 16:54,27,EVENT_STATE,20878,294586,772,49,0,20053,1,83,346
3,21/08/2026 16:54,27,EVENT_STATE,20712,288816,774,50,0,19885,1,83,352
4,21/08/2026 16:55,27,EVENT_STATE,20729,289120,805,50,0,19871,1,83,361
5,21/08/2026 16:55,27,EVENT_STATE,20612,294514,774,48,0,19787,1,83,353
6,21/08/2026 16:55,27,EVENT_STATE,20719,186351,777,50,0,19889,1,83,348
7,21/08/2026 16:56,27,EVENT_STATE,21046,295002,771,50,0,20220,1,83,350
8,21/08/2026 16:56,27,EVENT_STATE,20869,268520,774,49,0,20043,1,83,354
9,21/08/2026 16:56,27,EVENT_STATE,20733,288429,773,49,0,19908,1,83,343
10,21/08/2026 16:57,27,EVENT_STATE,20705,288685,775,50,0,19876,1,83,341
11,21/08/2026 16:57,27,EVENT_STATE,20875,181090,777,76,0,20020,1,83,357
12,21/08/2026 16:57,27,EVENT_STATE,20940,203979,773,51,0,20113,1,84,362
13,21/08/2026 16:58,27,EVENT_STATE,20732,173875,769,50,0,19909,1,83,369
14,21/08/2026 16:58,27,EVENT_STATE,20879,187470,794,57,0,20024,1,83,350
15,21/08/2026 16:58,27,EVENT_STATE,20761,295129,786,49,0,19923,1,83,346
16,21/08/2026 16:59,27,EVENT_STATE,20651,187739,775,49,0,19824,1,83,344
17,21/08/2026 16:59,27,EVENT_STATE,20938,295637,797,64,0,20073,1,83,354
18,21/08/2026 16:59,27,EVENT_STATE,21012,216207,795,74,0,20140,1,84,370
19,21/08/2026 17:00,27,EVENT_STATE,20587,289153,772,50,0,19762,1,83,346
20,21/08/2026 17:00,27,EVENT_STATE,20941,187748,811,61,0,20065,1,83,347
21,21/08/2026 17:00,27,EVENT_STATE,20633,187056,776,49,0,19804,1,83,356
22,21/08/2026 17:01,27,EVENT_STATE,20526,180339,774,51,0,19698,1,83,353
23,21/08/2026 17:01,27,EVENT_STATE,20812,180428,785,58,0,19966,1,83,352
24,21/08/2026 17:02,27,EVENT_STATE,20630,140027,844,51,0,19732,1,83,349
25,21/08/2026 17:02,27,EVENT_STATE,20603,294909,774,51,0,19775,1,83,352
26,21/08/2026 17:02,27,EVENT_STATE,21150,289535,771,49,0,20327,1,83,357
27,21/08/2026 17:03,27,EVENT_STATE,20705,295320,773,48,0,19880,1,83,356
28,21/08/2026 17:03,27,EVENT_STATE,21048,187564,772,49,0,20224,1,83,348
29,21/08/2026 17:03,27,EVENT_STATE,20803,295020,769,49,0,19983,1,83,343
30,21/08/2026 17:04,27,EVENT_STATE,20909,203509,776,50,0,20081,1,84,344
31,21/08/2026 17:04,27,EVENT_STATE,20855,187663,777,52,0,20023,1,83,349
32,21/08/2026 17:04,27,EVENT_STATE,20962,282012,771,50,0,20138,1,83,353
33,21/08/2026 17:05,27,EVENT_STATE,21152,289029,800,58,0,20291,1,83,349
34,21/08/2026 17:05,27,EVENT_STATE,21112,294316,775,51,0,20283,1,83,369
35,21/08/2026 17:05,27,EVENT_STATE,20776,294533,770,49,0,19954,1,83,357
36,21/08/2026 17:06,27,EVENT_STATE,20903,295627,777,49,0,20074,1,83,348
37,21/08/2026 17:06,27,EVENT_STATE,20589,24252,778,49,0,19759,1,83,355
38,21/08/2026 17:06,27,EVENT_STATE,21054,187078,778,48,0,20226,1,83,353
39,21/08/2026 17:07,27,EVENT_STATE,20514,153709,768,48,0,19695,1,83,350
40,21/08/2026 17:07,27,EVENT_STATE,20873,203733,770,49,0,20051,1,84,357
41,21/08/2026 17:07,27,EVENT_STATE,20817,295048,812,51,0,19951,1,83,353
42,21/08/2026 17:08,27,EVENT_STATE,20985,295452,778,51,0,20154,1,83,349
43,21/08/2026 17:08,27,EVENT_STATE,21201,289241,780,57,0,20361,1,83,335
44,21/08/2026 17:09,27,EVENT_STATE,20607,193772,772,48,0,19783,1,83,355
45,21/08/2026 17:09,27,EVENT_STATE,21014,289351,829,52,0,20130,1,83,353
46,21/08/2026 17:09,27,EVENT_STATE,21009,210659,774,50,0,20182,1,84,347
47,21/08/2026 17:10,27,EVENT_STATE,20911,289157,782,49,0,20077,1,83,357
48,21/08/2026 17:10,27,EVENT_STATE,20943,289001,829,52,0,20058,1,83,356
49,21/08/2026 17:10,27,EVENT_STATE,20888,217144,774,52,0,20059,1,84,363
50,21/08/2026 17:11,27,EVENT_STATE,20768,289655,770,50,0,19945,1,83,360
51,21/08/2026 17:11,27,EVENT_STATE,20846,187912,775,50,0,20018,1,83,354
52,21/08/2026 17:11,27,EVENT_STATE,20807,199989,769,50,0,19984,1,83,353
53,21/08/2026 17:12,27,EVENT_STATE,20958,288702,823,65,0,20067,1,83,353
54,21/08/2026 17:12,27,EVENT_STATE,20822,288915,769,49,0,20000,1,83,358
55,21/08/2026 17:12,27,EVENT_STATE,20835,187905,773,51,0,20008,1,83,351
56,21/08/2026 17:13,27,EVENT_STATE,20933,186777,813,61,0,20056,1,83,350
57,21/08/2026 17:13,27,EVENT_STATE,21189,302492,819,64,0,20302,1,83,359
58,21/08/2026 17:13,27,EVENT_STATE,21355,186746,819,67,0,20466,1,83,361
59,21/08/2026 17:14,27,EVENT_STATE,20554,256566,768,51,0,19732,1,82,369
60,21/08/2026 17:14,27,EVENT_STATE,20719,282047,772,51,0,19892,1,83,355
61,21/08/2026 17:15,27,EVENT_STATE,20908,281806,778,51,0,20074,1,83,350
62,21/08/2026 17:15,27,EVENT_STATE,20848,241253,837,50,0,19958,1,83,354
63,21/08/2026 17:15,27,EVENT_STATE,20859,289276,776,48,0,20032,1,83,350
64,21/08/2026 17:16,27,EVENT_STATE,20880,194097,770,50,0,20056,1,83,347
65,21/08/2026 17:16,27,EVENT_STATE,20789,288197,777,50,0,19959,1,83,367
66,21/08/2026 17:16,27,EVENT_STATE,20763,289272,790,67,0,19903,1,83,355
67,21/08/2026 17:17,27,EVENT_STATE,20955,193926,825,61,0,20065,1,83,355
68,21/08/2026 17:17,27,EVENT_STATE,20809,173266,771,49,0,19986,1,83,352
69,21/08/2026 17:17,27,EVENT_STATE,20943,194039,782,71,0,20087,1,83,344
70,21/08/2026 17:18,27,EVENT_STATE,20809,210717,783,48,0,19973,1,84,360
71,21/08/2026 17:18,27,EVENT_STATE,21115,289853,785,50,0,20276,1,83,357
72,21/08/2026 17:18,27,EVENT_STATE,20863,282429,817,55,0,19988,1,83,358
73,21/08/2026 17:19,27,EVENT_STATE,20919,301844,769,49,0,20097,1,83,355
74,21/08/2026 17:19,27,EVENT_STATE,20916,309165,785,44,0,20083,1,83,356
75,21/08/2026 17:19,27,EVENT_STATE,20597,187347,772,50,0,19772,1,83,366
76,21/08/2026 17:20,27,EVENT_STATE,20801,288183,778,49,0,19971,1,83,357
77,21/08/2026 17:20,27,EVENT_STATE,21189,217159,777,50,0,20358,1,84,358
78,21/08/2026 17:20,27,EVENT_STATE,20907,216291,774,49,0,20080,1,84,356
79,21/08/2026 17:21,27,EVENT_STATE,20624,293771,770,48,0,19802,1,83,355
80,21/08/2026 17:21,27,EVENT_STATE,20686,322520,820,67,0,19796,1,83,358
81,21/08/2026 17:22,27,EVENT_STATE,20618,187094,775,48,0,19792,1,83,353
82,21/08/2026 17:22,27,EVENT_STATE,21139,216484,770,51,0,20315,1,84,360
83,21/08/2026 17:22,27,EVENT_STATE,20928,288383,779,49,0,20097,1,83,366
84,21/08/2026 17:23,27,EVENT_STATE,20889,223523,771,48,0,20067,1,84,347
85,21/08/2026 17:23,27,EVENT_STATE,20759,280872,771,48,0,19937,1,83,359
86,21/08/2026 17:23,27,EVENT_STATE,20748,187100,775,48,0,19921,1,83,359
87,21/08/2026 17:24,27,EVENT_STATE,20754,288061,766,50,0,19935,1,83,361
88,21/08/2026 17:24,27,EVENT_STATE,20612,172808,769,48,0,19791,1,83,358
89,21/08/2026 17:24,27,EVENT_STATE,20875,210322,777,51,0,20043,1,84,366
90,21/08/2026 17:25,27,EVENT_STATE,20619,187736,774,49,0,19793,1,83,344
91,21/08/2026 17:25,27,EVENT_STATE,20678,301454,771,49,0,19855,1,83,337
92,21/08/2026 17:25,27,EVENT_STATE,20794,294862,828,62,0,19901,1,83,357
93,21/08/2026 17:26,27,EVENT_STATE,21647,315315,817,63,0,20764,1,83,350
94,21/08/2026 17:26,27,EVENT_STATE,20887,322200,774,49,0,20061,1,83,341
95,21/08/2026 17:26,27,EVENT_STATE,20876,294540,788,64,0,20021,1,83,355
96,21/08/2026 17:27,27,EVENT_STATE,20734,193951,773,50,0,19908,1,83,360
97,21/08/2026 17:27,27,EVENT_STATE,20749,197278,774,50,0,19922,1,84,365
98,21/08/2026 17:27,27,EVENT_STATE,20672,216889,819,54,0,19796,1,84,358
99,21/08/2026 17:28,27,EVENT_STATE,20835,223090,781,48,0,20002,2,84,357
100,21/08/2026 17:28,27,EVENT_STATE,21024,216594,779,50,0,20192,1,84,354
101,21/08/2026 17:29,27,EVENT_STATE,20815,235304,812,48,0,19952,1,83,371
102,21/08/2026 17:29,27,EVENT_STATE,20757,187292,770,51,0,19933,1,83,347
103,21/08/2026 17:29,27,EVENT_STATE,20770,288278,772,50,0,19945,1,83,353
104,21/08/2026 17:30,27,EVENT_STATE,20952,210866,806,52,0,20091,1,84,357
105,21/08/2026 17:30,27,EVENT_STATE,21032,223665,773,49,0,20207,1,84,359
106,21/08/2026 17:30,27,EVENT_STATE,20732,180858,774,50,0,19905,1,83,359
107,21/08/2026 17:31,27,EVENT_STATE,20493,192859,802,49,0,19640,1,83,361
108,21/08/2026 17:31,27,EVENT_STATE,20975,281033,771,49,0,20151,1,83,356
109,21/08/2026 17:31,27,EVENT_STATE,20652,194585,773,50,0,19826,1,83,358
110,21/08/2026 17:32,27,EVENT_STATE,20846,293805,796,50,0,19997,1,83,354
111,21/08/2026 17:32,27,EVENT_STATE,20981,283139,793,63,0,20122,1,83,361
112,21/08/2026 17:32,27,EVENT_STATE,20840,288823,823,52,0,19963,1,83,352
113,21/08/2026 17:33,27,EVENT_STATE,20730,294467,797,60,0,19870,1,83,355
114,21/08/2026 17:33,27,EVENT_STATE,20854,210121,782,52,0,20017,1,84,353
115,21/08/2026 17:33,27,EVENT_STATE,20593,288388,770,51,0,19768,1,83,367
116,21/08/2026 17:34,27,EVENT_STATE,20788,288638,776,52,0,19957,1,83,366
117,21/08/2026 17:34,27,EVENT_STATE,20905,187802,768,52,0,20081,1,83,353
118,21/08/2026 17:35,27,EVENT_STATE,21027,295650,775,52,0,20197,1,83,345
119,21/08/2026 17:35,27,EVENT_STATE,20967,282010,799,58,0,20107,1,83,352
120,21/08/2026 17:35,27,EVENT_STATE,20767,294290,776,60,0,19929,1,83,353
121,21/08/2026 17:36,27,EVENT_STATE,20755,187371,772,50,0,19929,1,83,373
122,21/08/2026 17:36,27,EVENT_STATE,21036,294952,808,65,0,20161,1,83,349
123,21/08/2026 17:36,27,EVENT_STATE,20807,288720,775,50,0,19979,1,83,344
124,21/08/2026 17:37,27,EVENT_STATE,20806,288077,770,48,0,19985,1,83,364
125,21/08/2026 17:37,27,EVENT_STATE,21008,187515,799,67,0,20139,1,83,362
126,21/08/2026 17:37,27,EVENT_STATE,20871,315644,771,50,0,20046,1,83,357
127,21/08/2026 17:38,27,EVENT_STATE,20502,247534,772,51,0,19676,1,83,347
128,21/08/2026 17:38,27,EVENT_STATE,20792,159796,772,49,0,19968,1,83,334
129,21/08/2026 17:38,27,EVENT_STATE,20739,186931,774,50,0,19912,1,83,359
130,21/08/2026 17:39,27,EVENT_STATE,20687,181229,766,49,0,19870,1,83,358
131,21/08/2026 17:39,27,EVENT_STATE,20954,288324,771,49,0,20131,1,83,346
132,21/08/2026 17:39,27,EVENT_STATE,20724,294559,770,47,0,19904,1,83,354
133,21/08/2026 17:40,27,EVENT_STATE,20880,187554,795,73,0,20008,1,83,362
134,21/08/2026 17:40,27,EVENT_STATE,20657,295494,771,50,0,19833,1,83,349
135,21/08/2026 17:40,27,EVENT_STATE,21109,301269,827,70,0,20208,1,83,365
136,21/08/2026 17:41,27,EVENT_STATE,20972,294696,774,51,0,20143,1,83,355
137,21/08/2026 17:41,27,EVENT_STATE,20814,194393,779,48,0,19983,1,83,349
138,21/08/2026 17:42,27,EVENT_STATE,21059,187538,828,66,0,20162,1,83,360
139,21/08/2026 17:42,27,EVENT_STATE,21211,217056,786,60,0,20361,1,84,346
140,21/08/2026 17:42,27,EVENT_STATE,20815,186671,778,48,0,19985,1,83,347
141,21/08/2026 17:43,27,EVENT_STATE,20811,296231,784,50,0,19974,1,83,350
142,21/08/2026 17:43,27,EVENT_STATE,20715,187256,770,51,0,19890,1,83,350
143,21/08/2026 17:43,27,EVENT_STATE,20964,210774,771,51,0,20139,1,84,346
144,21/08/2026 17:44,27,EVENT_STATE,20674,288558,767,49,0,19854,1,83,346
145,21/08/2026 17:44,27,EVENT_STATE,20954,296044,786,61,0,20103,1,83,347
146,21/08/2026 17:44,27,EVENT_STATE,20841,194166,827,50,0,19961,1,83,354
147,21/08/2026 17:45,27,EVENT_STATE,20806,295285,775,50,0,19977,1,83,361
148,21/08/2026 17:45,27,EVENT_STATE,20650,295053,771,49,0,19827,1,83,365
149,21/08/2026 17:45,27,EVENT_STATE,20806,180556,768,51,0,19984,1,83,338
150,21/08/2026 17:46,27,EVENT_STATE,21054,216691,815,60,0,20176,1,84,375
151,21/08/2026 17:46,27,EVENT_STATE,21124,301922,803,51,0,20266,1,83,350
152,21/08/2026 17:46,27,EVENT_STATE,20847,289092,800,58,0,19986,1,83,355
153,21/08/2026 17:47,27,EVENT_STATE,20973,288343,771,51,0,20148,1,83,350
154,21/08/2026 17:47,27,EVENT_STATE,20810,289235,767,49,0,19991,1,83,358
155,21/08/2026 17:47,27,EVENT_STATE,20787,147103,806,51,0,19927,1,83,349
156,21/08/2026 17:48,27,EVENT_STATE,20848,180522,773,49,0,20023,1,83,355
157,21/08/2026 17:48,27,EVENT_STATE,20763,289523,766,49,0,19945,1,83,370
158,21/08/2026 17:49,27,EVENT_STATE,20844,288777,773,50,0,20018,1,83,367
159,21/08/2026 17:49,27,EVENT_STATE,21026,287084,768,50,0,20204,1,83,340
160,21/08/2026 17:49,27,EVENT_STATE,21021,216708,768,49,0,20201,1,84,358
161,21/08/2026 17:50,27,EVENT_STATE,20807,294513,840,49,0,19914,1,83,352
162,21/08/2026 17:50,27,EVENT_STATE,20623,24578,809,51,0,19760,1,83,355
163,21/08/2026 17:50,27,EVENT_STATE,20674,288341,779,50,0,19841,1,83,359
164,21/08/2026 17:51,27,EVENT_STATE,20838,289010,792,51,0,19991,1,83,352
165,21/08/2026 17:51,27,EVENT_STATE,20647,295385,769,49,0,19825,1,83,338
166,21/08/2026 17:51,27,EVENT_STATE,20749,24424,808,51,0,19886,1,83,359
167,21/08/2026 17:52,27,EVENT_STATE,20917,64257,806,73,0,20034,1,84,352
168,21/08/2026 17:52,27,EVENT_STATE,20780,193867,774,51,0,19952,1,83,356
169,21/08/2026 17:52,27,EVENT_STATE,21075,288362,774,49,0,20249,1,83,354
170,21/08/2026 17:53,27,EVENT_STATE,21032,308195,771,51,0,20207,1,83,347
171,21/08/2026 17:53,27,EVENT_STATE,20848,288579,814,63,0,19967,1,83,375
172,21/08/2026 17:53,27,EVENT_STATE,20715,282121,778,49,0,19885,1,83,362
173,21/08/2026 17:54,27,EVENT_STATE,20805,282394,773,51,0,19977,1,83,348
174,21/08/2026 17:54,27,EVENT_STATE,20850,288467,829,55,0,19962,1,83,360
175,21/08/2026 17:54,27,EVENT_STATE,20896,204397,772,50,0,20070,1,84,362
176,21/08/2026 17:55,27,EVENT_STATE,20829,283082,774,48,0,20004,1,83,352
177,21/08/2026 17:55,27,EVENT_STATE,20706,294921,769,48,0,19886,1,83,353
178,21/08/2026 17:56,27,EVENT_STATE,20841,187951,774,66,0,19999,1,83,356
179,21/08/2026 17:56,27,EVENT_STATE,20895,289254,765,51,0,20076,1,83,357
180,21/08/2026 17:56,27,EVENT_STATE,20735,288247,770,49,0,19913,1,83,350
181,21/08/2026 17:57,27,EVENT_STATE,20860,295373,769,51,0,20037,1,83,342
182,21/08/2026 17:57,27,EVENT_STATE,21078,288945,782,49,0,20243,1,83,353
183,21/08/2026 17:57,27,EVENT_STATE,20898,289332,827,49,0,20019,1,83,351
184,21/08/2026 17:58,27,EVENT_STATE,20760,288752,770,48,0,19939,1,83,358
185,21/08/2026 17:58,27,EVENT_STATE,20991,209976,773,49,0,20165,1,84,358
186,21/08/2026 17:58,27,EVENT_STATE,21087,193629,823,62,0,20199,1,83,354
187,21/08/2026 17:59,27,EVENT_STATE,20855,295203,816,52,0,19983,1,83,350
188,21/08/2026 17:59,27,EVENT_STATE,20564,187094,771,51,0,19739,1,83,352
189,21/08/2026 17:59,27,EVENT_STATE,20841,282136,774,51,0,20013,1,83,349
190,21/08/2026 18:00,27,EVENT_STATE,20898,295433,781,51,0,20063,1,83,347
191,21/08/2026 18:00,27,EVENT_STATE,21044,187920,819,59,0,20162,1,83,351
192,21/08/2026 18:00,27,EVENT_STATE,20804,288434,772,49,0,19979,1,83,349
193,21/08/2026 18:01,27,EVENT_STATE,21070,295855,770,47,0,20249,1,83,358
194,21/08/2026 18:01,27,EVENT_STATE,20742,193888,772,49,0,19918,1,83,357
195,21/08/2026 18:02,27,EVENT_STATE,20888,222842,843,59,0,19983,1,84,351
196,21/08/2026 18:02,27,EVENT_STATE,20870,289289,781,48,0,20037,1,83,346
197,21/08/2026 18:02,27,EVENT_STATE,20729,186905,769,48,0,19908,1,83,356
198,21/08/2026 18:03,27,EVENT_STATE,20795,210759,771,48,0,19973,1,84,366
199,21/08/2026 18:03,27,EVENT_STATE,20900,296060,773,48,0,20076,1,83,351
200,21/08/2026 18:03,27,EVENT_STATE,20882,289127,770,51,0,20058,1,83,357
1,21/08/2026 18:04,36,EVENT_STATE,29583,413862,774,56,0,28750,1,95,728
2,21/08/2026 18:04,36,EVENT_STATE,29984,406949,813,69,0,29099,1,95,741
3,21/08/2026 18:05,36,EVENT_STATE,29621,405109,802,67,0,28748,1,94,741
4,21/08/2026 18:05,36,EVENT_STATE,29152,285184,773,55,0,28321,1,95,725
5,21/08/2026 18:06,36,EVENT_STATE,29804,407297,829,70,0,28902,1,95,747
6,21/08/2026 18:06,36,EVENT_STATE,29650,291606,780,59,0,28808,1,95,739
7,21/08/2026 18:07,36,EVENT_STATE,29614,401035,778,52,0,28780,1,95,749
8,21/08/2026 18:07,36,EVENT_STATE,29384,297843,770,56,0,28555,1,95,753
9,21/08/2026 18:08,36,EVENT_STATE,29436,400739,772,55,0,28606,1,95,756
10,21/08/2026 18:08,36,EVENT_STATE,29713,420259,773,55,0,28882,1,95,746
11,21/08/2026 18:09,36,EVENT_STATE,29652,394727,810,58,0,28782,1,95,757
12,21/08/2026 18:09,36,EVENT_STATE,29468,400853,774,54,0,28637,1,95,760
13,21/08/2026 18:10,36,EVENT_STATE,29719,375536,821,69,0,28824,1,95,752
14,21/08/2026 18:10,36,EVENT_STATE,29650,382005,772,58,0,28818,1,95,757
15,21/08/2026 18:11,36,EVENT_STATE,29609,419856,773,55,0,28777,1,95,747
16,21/08/2026 18:11,36,EVENT_STATE,29765,400904,782,57,0,28923,1,95,744
17,21/08/2026 18:12,36,EVENT_STATE,30145,271921,774,56,0,29312,1,96,755
18,21/08/2026 18:12,36,EVENT_STATE,29632,407306,771,56,0,28802,1,95,736
19,21/08/2026 18:13,36,EVENT_STATE,29825,291532,844,77,0,28901,1,96,736
20,21/08/2026 18:13,36,EVENT_STATE,29575,413804,772,56,0,28743,1,95,762
21,21/08/2026 18:14,36,EVENT_STATE,29783,426700,776,57,0,28946,1,95,743
22,21/08/2026 18:14,36,EVENT_STATE,29513,407313,774,56,0,28680,1,95,739
23,21/08/2026 18:15,36,EVENT_STATE,29503,407196,770,54,0,28675,1,95,745
24,21/08/2026 18:15,36,EVENT_STATE,29937,394556,828,64,0,29041,1,95,748
25,21/08/2026 18:16,36,EVENT_STATE,29611,381806,771,58,0,28780,1,95,739
26,21/08/2026 18:16,36,EVENT_STATE,30186,407413,783,62,0,29337,1,95,768
27,21/08/2026 18:17,36,EVENT_STATE,29399,375730,808,73,0,28515,1,95,740
28,21/08/2026 18:17,36,EVENT_STATE,29933,399057,772,55,0,29103,1,94,756
29,21/08/2026 18:18,36,EVENT_STATE,29487,407302,774,57,0,28653,1,95,740
30,21/08/2026 18:18,36,EVENT_STATE,29837,419847,828,86,0,28921,1,95,747
31,21/08/2026 18:19,36,EVENT_STATE,29723,414000,772,55,0,28893,1,95,776
32,21/08/2026 18:19,36,EVENT_STATE,29999,278575,772,55,0,29168,1,95,755
33,21/08/2026 18:20,36,EVENT_STATE,29663,426253,782,55,0,28822,1,95,749
34,21/08/2026 18:20,36,EVENT_STATE,29746,291630,809,70,0,28863,1,95,742
35,21/08/2026 18:21,36,EVENT_STATE,29498,413512,769,56,0,28670,1,95,759
36,21/08/2026 18:21,36,EVENT_STATE,30020,400900,781,75,0,29161,1,95,748
37,21/08/2026 18:22,36,EVENT_STATE,29859,297997,772,58,0,29026,1,95,747
38,21/08/2026 18:22,36,EVENT_STATE,29903,387866,778,56,0,29065,1,95,765
39,21/08/2026 18:23,36,EVENT_STATE,29269,278992,794,67,0,28405,1,95,750
40,21/08/2026 18:23,36,EVENT_STATE,29709,400973,770,56,0,28879,1,95,751
41,21/08/2026 18:24,36,EVENT_STATE,29581,407410,778,56,0,28743,1,95,750
42,21/08/2026 18:24,36,EVENT_STATE,29900,265396,774,58,0,29066,1,96,743
43,21/08/2026 18:25,36,EVENT_STATE,29829,278496,774,56,0,28995,1,95,760
44,21/08/2026 18:25,36,EVENT_STATE,29457,291734,770,58,0,28625,1,95,738
45,21/08/2026 18:26,36,EVENT_STATE,29343,291762,773,55,0,28513,1,95,753
46,21/08/2026 18:26,36,EVENT_STATE,29533,413675,792,56,0,28682,1,95,734
47,21/08/2026 18:27,36,EVENT_STATE,29660,419907,772,59,0,28826,1,95,751
48,21/08/2026 18:27,36,EVENT_STATE,29813,407442,771,57,0,28982,1,95,740
49,21/08/2026 18:28,36,EVENT_STATE,29251,375716,777,72,0,28399,1,95,747
50,21/08/2026 18:28,36,EVENT_STATE,29547,413466,822,58,0,28663,1,95,728
51,21/08/2026 18:29,36,EVENT_STATE,29406,413683,769,57,0,28577,1,95,749
52,21/08/2026 18:29,36,EVENT_STATE,29714,413861,772,56,0,28883,1,95,763
53,21/08/2026 18:30,36,EVENT_STATE,29461,285359,809,58,0,28591,1,95,756
54,21/08/2026 18:30,36,EVENT_STATE,29610,285216,807,68,0,28733,1,95,740
55,21/08/2026 18:31,36,EVENT_STATE,29891,401015,775,58,0,29055,1,95,742
56,21/08/2026 18:31,36,EVENT_STATE,29874,413808,786,57,0,29028,1,95,748
57,21/08/2026 18:32,36,EVENT_STATE,29504,271650,796,57,0,28649,1,95,727
58,21/08/2026 18:32,36,EVENT_STATE,29594,413510,778,59,0,28754,1,95,743
59,21/08/2026 18:33,36,EVENT_STATE,29761,401115,770,53,0,28935,1,95,752
60,21/08/2026 18:33,36,EVENT_STATE,29740,420024,781,56,0,28900,1,95,749
61,21/08/2026 18:34,36,EVENT_STATE,29994,407479,775,56,0,29160,1,95,750
62,21/08/2026 18:34,36,EVENT_STATE,30104,265672,786,56,0,29258,1,96,756
63,21/08/2026 18:35,36,EVENT_STATE,29775,413815,775,56,0,28941,1,95,753
64,21/08/2026 18:35,36,EVENT_STATE,29463,413970,780,56,0,28624,1,95,756
65,21/08/2026 18:36,36,EVENT_STATE,29468,407677,769,58,0,28638,1,95,731
66,21/08/2026 18:36,36,EVENT_STATE,29297,413811,775,58,0,28461,1,95,768
67,21/08/2026 18:37,36,EVENT_STATE,29511,375567,776,57,0,28674,1,95,753
68,21/08/2026 18:37,36,EVENT_STATE,29746,407499,819,56,0,28868,1,95,746
69,21/08/2026 18:38,36,EVENT_STATE,29737,407269,783,58,0,28893,1,95,749
70,21/08/2026 18:38,36,EVENT_STATE,29535,413615,788,58,0,28687,1,95,742
71,21/08/2026 18:39,36,EVENT_STATE,29761,265235,776,56,0,28926,1,95,746
72,21/08/2026 18:39,36,EVENT_STATE,29628,375555,792,56,0,28778,1,95,749
73,21/08/2026 18:40,36,EVENT_STATE,29786,375583,792,56,0,28934,1,95,749
74,21/08/2026 18:40,36,EVENT_STATE,29667,265234,813,56,0,28794,1,95,744
75,21/08/2026 18:41,36,EVENT_STATE,29692,407152,807,57,0,28826,1,95,750
76,21/08/2026 18:41,36,EVENT_STATE,30000,407089,778,58,0,29161,1,95,746
77,21/08/2026 18:42,36,EVENT_STATE,29747,278515,801,58,0,28885,1,95,764
78,21/08/2026 18:42,36,EVENT_STATE,29716,407308,787,57,0,28868,1,95,748
79,21/08/2026 18:43,36,EVENT_STATE,29766,401082,774,58,0,28931,1,95,731
80,21/08/2026 18:43,36,EVENT_STATE,30179,413722,774,56,0,29346,1,95,731
81,21/08/2026 18:44,36,EVENT_STATE,29645,419702,784,58,0,28801,1,95,749
82,21/08/2026 18:44,36,EVENT_STATE,30001,407656,795,82,0,29120,1,95,740
83,21/08/2026 18:45,36,EVENT_STATE,29565,375440,778,57,0,28727,1,95,758
84,21/08/2026 18:45,36,EVENT_STATE,29840,413936,795,58,0,28984,1,95,752
85,21/08/2026 18:46,36,EVENT_STATE,29942,413899,778,56,0,29104,1,95,749
86,21/08/2026 18:46,36,EVENT_STATE,29441,407460,814,71,0,28553,1,95,757
87,21/08/2026 18:47,36,EVENT_STATE,29576,413729,773,56,0,28745,1,95,759
88,21/08/2026 18:47,36,EVENT_STATE,29526,284518,775,80,0,28668,1,95,744
89,21/08/2026 18:48,36,EVENT_STATE,29481,394187,788,57,0,28633,1,95,736
90,21/08/2026 18:48,36,EVENT_STATE,29693,388036,784,58,0,28849,1,95,746
91,21/08/2026 18:49,36,EVENT_STATE,29898,258832,781,68,0,29046,1,95,758
92,21/08/2026 18:49,36,EVENT_STATE,29727,407268,784,58,0,28882,1,95,740
93,21/08/2026 18:50,36,EVENT_STATE,29482,401071,772,55,0,28652,1,95,751
94,21/08/2026 18:50,36,EVENT_STATE,29685,284917,773,65,0,28844,1,95,754
95,21/08/2026 18:51,36,EVENT_STATE,29205,419968,776,58,0,28367,1,95,729
96,21/08/2026 18:51,36,EVENT_STATE,29508,413597,774,56,0,28674,1,95,739
97,21/08/2026 18:52,36,EVENT_STATE,29845,407197,778,59,0,29005,1,95,757
98,21/08/2026 18:52,36,EVENT_STATE,29681,413138,785,58,0,28834,1,95,751
99,21/08/2026 18:53,36,EVENT_STATE,29662,413784,775,56,0,28827,1,95,748
100,21/08/2026 18:53,36,EVENT_STATE,29810,413674,783,56,0,28968,1,95,748
101,21/08/2026 18:54,36,EVENT_STATE,29892,413795,780,56,0,29053,1,95,745
102,21/08/2026 18:54,36,EVENT_STATE,29492,400993,776,56,0,28657,1,95,750
103,21/08/2026 18:55,36,EVENT_STATE,29577,381265,770,55,0,28748,1,95,748
104,21/08/2026 18:55,36,EVENT_STATE,29677,414029,781,64,0,28829,1,95,752
105,21/08/2026 18:56,36,EVENT_STATE,29459,265226,795,68,0,28594,1,95,732
106,21/08/2026 18:56,36,EVENT_STATE,29739,426226,773,58,0,28905,1,95,732
107,21/08/2026 18:57,36,EVENT_STATE,29490,413888,774,56,0,28657,1,95,770
108,21/08/2026 18:57,36,EVENT_STATE,29676,388086,771,55,0,28846,1,95,764
109,21/08/2026 18:58,36,EVENT_STATE,29415,419832,779,57,0,28575,1,95,750
110,21/08/2026 18:58,36,EVENT_STATE,29801,413474,777,63,0,28958,1,95,757
111,21/08/2026 18:59,36,EVENT_STATE,29612,400749,771,66,0,28771,1,95,749
112,21/08/2026 18:59,36,EVENT_STATE,29725,407336,775,55,0,28891,1,95,732
113,21/08/2026 19:00,36,EVENT_STATE,29319,420084,770,55,0,28491,1,95,747
114,21/08/2026 19:00,36,EVENT_STATE,29885,413847,770,58,0,29053,1,95,755
115,21/08/2026 19:01,36,EVENT_STATE,30018,388018,808,58,0,29149,1,95,762
116,21/08/2026 19:01,36,EVENT_STATE,29644,419991,827,68,0,28747,1,95,767
117,21/08/2026 19:02,36,EVENT_STATE,29715,413297,771,55,0,28886,1,95,753
118,21/08/2026 19:02,36,EVENT_STATE,29683,375476,776,58,0,28846,1,95,758
119,21/08/2026 19:03,36,EVENT_STATE,29429,400945,772,56,0,28598,1,95,742
120,21/08/2026 19:03,36,EVENT_STATE,29730,375359,771,58,0,28898,1,95,741
121,21/08/2026 19:04,36,EVENT_STATE,29661,284899,832,71,0,28755,1,95,744
122,21/08/2026 19:04,36,EVENT_STATE,29848,407285,775,56,0,29014,1,95,743
123,21/08/2026 19:05,36,EVENT_STATE,29674,400687,779,64,0,28828,1,95,747
124,21/08/2026 19:05,36,EVENT_STATE,30029,381767,779,55,0,29192,1,95,753
125,21/08/2026 19:06,36,EVENT_STATE,29633,375616,782,56,0,28792,1,95,728
126,21/08/2026 19:06,36,EVENT_STATE,29477,400904,778,58,0,28638,1,95,757
127,21/08/2026 19:07,36,EVENT_STATE,29415,381676,778,59,0,28576,1,95,725
128,21/08/2026 19:07,36,EVENT_STATE,29839,297819,853,74,0,28909,1,95,749
129,21/08/2026 19:08,36,EVENT_STATE,29832,420099,772,55,0,29001,1,95,732
130,21/08/2026 19:08,36,EVENT_STATE,29515,491312,774,56,0,28681,1,95,730
131,21/08/2026 19:09,36,EVENT_STATE,29810,407352,770,57,0,28979,1,95,747
132,21/08/2026 19:09,36,EVENT_STATE,29657,458807,771,56,0,28827,1,95,757
133,21/08/2026 19:10,36,EVENT_STATE,29700,387439,775,68,0,28854,1,95,750
134,21/08/2026 19:10,36,EVENT_STATE,29312,420148,769,56,0,28483,1,95,746
135,21/08/2026 19:11,36,EVENT_STATE,29495,494629,776,68,0,28647,1,94,735
136,21/08/2026 19:11,36,EVENT_STATE,29957,406975,782,57,0,29115,1,95,741
137,21/08/2026 19:12,36,EVENT_STATE,29657,420232,769,55,0,28830,1,95,731
138,21/08/2026 19:12,36,EVENT_STATE,29714,265296,771,55,0,28885,1,95,751
139,21/08/2026 19:13,36,EVENT_STATE,29585,369258,806,58,0,28717,1,95,743
140,21/08/2026 19:13,36,EVENT_STATE,29831,413661,777,56,0,28995,1,95,734
141,21/08/2026 19:14,36,EVENT_STATE,29520,413769,780,58,0,28679,1,95,758
142,21/08/2026 19:14,36,EVENT_STATE,29757,394615,777,58,0,28919,1,95,731
143,21/08/2026 19:15,36,EVENT_STATE,30654,285064,781,57,0,29812,1,95,758
144,21/08/2026 19:15,36,EVENT_STATE,29747,401024,791,64,0,28889,1,95,749
145,21/08/2026 19:16,36,EVENT_STATE,31005,413613,772,59,0,30171,1,95,754
146,21/08/2026 19:16,36,EVENT_STATE,29700,407240,778,58,0,28861,1,95,762
147,21/08/2026 19:17,36,EVENT_STATE,29842,413498,807,53,0,28979,1,95,736
148,21/08/2026 19:17,36,EVENT_STATE,29538,285141,807,56,0,28672,1,95,736
149,21/08/2026 19:18,36,EVENT_STATE,30306,407230,774,56,0,29473,1,95,737
150,21/08/2026 19:18,36,EVENT_STATE,29884,407338,779,57,0,29046,1,95,755
151,21/08/2026 19:19,36,EVENT_STATE,30007,426030,788,55,0,29160,1,95,767
152,21/08/2026 19:19,36,EVENT_STATE,29379,285293,778,57,0,28540,1,95,745
153,21/08/2026 19:20,36,EVENT_STATE,29634,369212,782,56,0,28793,1,95,732
154,21/08/2026 19:20,36,EVENT_STATE,29842,413791,791,87,0,28961,1,95,740
155,21/08/2026 19:21,36,EVENT_STATE,29462,394897,777,56,0,28625,1,95,733
156,21/08/2026 19:21,36,EVENT_STATE,29704,369212,816,55,0,28830,1,95,745
157,21/08/2026 19:22,36,EVENT_STATE,29710,388228,837,68,0,28802,1,95,745
158,21/08/2026 19:22,36,EVENT_STATE,29724,265095,776,56,0,28889,1,95,751
159,21/08/2026 19:23,36,EVENT_STATE,29813,401058,778,55,0,28977,1,95,749
160,21/08/2026 19:23,36,EVENT_STATE,29767,419885,773,57,0,28934,1,95,739
161,21/08/2026 19:24,36,EVENT_STATE,29531,375659,772,56,0,28700,1,95,743
162,21/08/2026 19:24,36,EVENT_STATE,29908,284714,778,55,0,29072,1,95,762
163,21/08/2026 19:25,36,EVENT_STATE,29518,265156,777,58,0,28681,1,95,745
164,21/08/2026 19:25,36,EVENT_STATE,29583,381230,804,74,0,28703,1,95,745
165,21/08/2026 19:26,36,EVENT_STATE,29630,413807,779,58,0,28790,1,95,740
166,21/08/2026 19:26,36,EVENT_STATE,29721,271808,783,67,0,28868,1,95,754
167,21/08/2026 19:27,36,EVENT_STATE,29963,400888,769,54,0,29137,1,95,731
168,21/08/2026 19:27,36,EVENT_STATE,29490,413630,789,57,0,28641,1,95,739
169,21/08/2026 19:28,36,EVENT_STATE,29890,419961,766,56,0,29066,1,95,742
170,21/08/2026 19:28,36,EVENT_STATE,29990,291549,778,58,0,29151,1,96,738
171,21/08/2026 19:29,36,EVENT_STATE,29469,381591,810,58,0,28598,1,95,732
172,21/08/2026 19:29,36,EVENT_STATE,29749,419666,779,58,0,28909,1,95,742
173,21/08/2026 19:30,36,EVENT_STATE,29502,407192,775,58,0,28666,1,95,745
174,21/08/2026 19:30,36,EVENT_STATE,30706,419912,809,62,0,29832,1,95,751
175,21/08/2026 19:31,36,EVENT_STATE,29336,278810,766,55,0,28511,1,95,749
176,21/08/2026 19:31,36,EVENT_STATE,29716,291705,776,58,0,28880,1,95,751
177,21/08/2026 19:32,36,EVENT_STATE,29959,401154,772,56,0,29127,1,95,746
178,21/08/2026 19:32,36,EVENT_STATE,29301,413763,767,56,0,28475,1,95,755
179,21/08/2026 19:33,36,EVENT_STATE,30021,284895,809,73,0,29136,1,96,750
180,21/08/2026 19:33,36,EVENT_STATE,29749,420179,770,55,0,28920,1,95,746
181,21/08/2026 19:34,36,EVENT_STATE,29419,400940,770,58,0,28588,1,95,746
182,21/08/2026 19:34,36,EVENT_STATE,29572,278937,769,58,0,28741,1,95,745
183,21/08/2026 19:35,36,EVENT_STATE,29525,400878,771,56,0,28695,1,95,745
184,21/08/2026 19:35,36,EVENT_STATE,29579,388013,775,57,0,28743,1,95,737
185,21/08/2026 19:36,36,EVENT_STATE,29587,265356,774,55,0,28755,1,95,766
186,21/08/2026 19:36,36,EVENT_STATE,29576,413839,774,57,0,28742,1,95,764
187,21/08/2026 19:37,36,EVENT_STATE,30352,271558,823,76,0,29450,1,95,753
188,21/08/2026 19:37,36,EVENT_STATE,29889,271683,770,55,0,29062,1,95,754
189,21/08/2026 19:38,36,EVENT_STATE,29911,401032,804,59,0,29045,1,95,749
190,21/08/2026 19:38,36,EVENT_STATE,29679,419991,773,58,0,28845,1,95,739
191,21/08/2026 19:39,36,EVENT_STATE,29357,407175,772,55,0,28526,1,95,743
192,21/08/2026 19:39,36,EVENT_STATE,30290,413871,775,55,0,29457,1,95,738
193,21/08/2026 19:40,36,EVENT_STATE,29762,413802,803,74,0,28881,1,95,757
194,21/08/2026 19:40,36,EVENT_STATE,29765,401042,768,58,0,28937,1,95,746
195,21/08/2026 19:41,36,EVENT_STATE,29521,413609,804,78,0,28636,1,95,746
196,21/08/2026 19:41,36,EVENT_STATE,29694,284877,776,58,0,28856,1,95,751
197,21/08/2026 19:42,36,EVENT_STATE,29889,291764,774,57,0,29054,1,95,739
198,21/08/2026 19:42,36,EVENT_STATE,29623,407343,781,56,0,28782,1,95,741
199,21/08/2026 19:43,36,EVENT_STATE,29696,419837,780,56,0,28856,1,95,742
200,21/08/2026 19:43,36,EVENT_STATE,29639,413618,836,87,0,28712,1,95,736
1,21/08/2026 19:44,45,EVENT_STATE,79252,346785,776,63,0,78411,1,213,2268
2,21/08/2026 19:46,45,EVENT_STATE,77845,409872,776,62,0,77004,1,213,2248
3,21/08/2026 19:47,45,EVENT_STATE,79620,386748,805,63,0,78749,1,213,2258
4,21/08/2026 19:48,45,EVENT_STATE,80266,322638,785,65,0,79413,1,213,2263
5,21/08/2026 19:50,45,EVENT_STATE,77594,435394,770,61,0,76760,1,213,2219
6,21/08/2026 19:51,45,EVENT_STATE,77472,470937,769,65,0,76635,1,213,2239
7,21/08/2026 19:52,45,EVENT_STATE,79583,341500,770,64,0,78745,1,213,2242
8,21/08/2026 19:54,45,EVENT_STATE,77892,489073,776,64,0,77050,1,213,2264
9,21/08/2026 19:55,45,EVENT_STATE,77138,328787,771,64,0,76299,1,213,2208
10,21/08/2026 19:56,45,EVENT_STATE,79913,334978,771,61,0,79078,1,213,2245
11,21/08/2026 19:58,45,EVENT_STATE,77985,367539,811,80,0,77091,1,213,2241
12,21/08/2026 19:59,45,EVENT_STATE,79719,435217,772,65,0,78879,1,213,2234
13,21/08/2026 20:00,45,EVENT_STATE,77489,458460,807,87,0,76592,1,213,2196
14,21/08/2026 20:02,45,EVENT_STATE,80271,410526,775,62,0,79431,1,213,2231
15,21/08/2026 20:03,45,EVENT_STATE,79696,502548,773,65,0,78855,1,213,2229
16,21/08/2026 20:04,45,EVENT_STATE,79390,333200,834,89,0,78463,1,213,2203
17,21/08/2026 20:06,45,EVENT_STATE,76961,327359,774,62,0,76122,1,213,2275
18,21/08/2026 20:07,45,EVENT_STATE,78167,423160,799,77,0,77288,1,213,2228
19,21/08/2026 20:08,45,EVENT_STATE,78334,335162,778,65,0,77488,1,213,2252
20,21/08/2026 20:09,45,EVENT_STATE,78734,329239,774,66,0,77890,1,213,2299
21,21/08/2026 20:11,45,EVENT_STATE,78663,447626,779,65,0,77815,1,213,2248
22,21/08/2026 20:12,45,EVENT_STATE,79775,326951,776,62,0,78934,1,213,2241
23,21/08/2026 20:13,45,EVENT_STATE,78394,335271,779,62,0,77550,1,213,2251
24,21/08/2026 20:15,45,EVENT_STATE,78349,448016,782,64,0,77500,1,214,2280
25,21/08/2026 20:16,45,EVENT_STATE,77441,263237,774,62,0,76602,1,215,2257
26,21/08/2026 20:17,45,EVENT_STATE,78542,335188,780,60,0,77699,1,213,2264
27,21/08/2026 20:19,45,EVENT_STATE,79115,218998,870,86,0,78155,1,215,2305
28,21/08/2026 20:20,45,EVENT_STATE,77104,359824,781,64,0,76255,1,213,2223
29,21/08/2026 20:21,45,EVENT_STATE,77157,333376,776,64,0,76313,1,213,2294
30,21/08/2026 20:23,45,EVENT_STATE,78402,352777,782,65,0,77552,1,213,2277
31,21/08/2026 20:24,45,EVENT_STATE,78400,397468,780,65,0,77552,1,213,2238
32,21/08/2026 20:25,45,EVENT_STATE,78918,423142,791,62,0,78062,1,213,2258
33,21/08/2026 20:26,45,EVENT_STATE,79861,422583,779,78,0,79001,1,213,2240
34,21/08/2026 20:28,45,EVENT_STATE,77350,458599,777,64,0,76506,1,213,2229
35,21/08/2026 20:29,45,EVENT_STATE,78734,447793,778,65,0,77887,1,213,2284
36,21/08/2026 20:30,45,EVENT_STATE,79016,359351,775,63,0,78174,1,213,2246
37,21/08/2026 20:32,45,EVENT_STATE,78209,352230,775,64,0,77367,1,215,2256
38,21/08/2026 20:33,45,EVENT_STATE,78729,322482,779,65,0,77882,1,213,2279
39,21/08/2026 20:34,45,EVENT_STATE,78666,333034,779,65,0,77819,1,213,2266
40,21/08/2026 20:36,45,EVENT_STATE,78213,225068,797,62,0,77350,1,213,2238
41,21/08/2026 20:37,45,EVENT_STATE,78909,402567,798,60,0,78047,1,212,2234
42,21/08/2026 20:38,45,EVENT_STATE,76659,496454,782,63,0,75811,1,212,2212
43,21/08/2026 20:40,45,EVENT_STATE,78761,339180,776,64,0,77918,1,215,2207
44,21/08/2026 20:41,45,EVENT_STATE,80568,281815,776,62,0,79726,1,213,2302
45,21/08/2026 20:42,45,EVENT_STATE,77228,352237,774,64,0,76387,1,215,2263
46,21/08/2026 20:44,45,EVENT_STATE,78854,409764,816,86,0,77948,1,213,2226
47,21/08/2026 20:45,45,EVENT_STATE,78448,359176,822,80,0,77543,1,213,2256
48,21/08/2026 20:46,45,EVENT_STATE,77048,477113,772,65,0,76208,1,213,2244
49,21/08/2026 20:47,45,EVENT_STATE,78521,295336,778,77,0,77663,1,213,2241
50,21/08/2026 20:49,45,EVENT_STATE,77202,454130,770,68,0,76360,1,212,2235
51,21/08/2026 20:50,45,EVENT_STATE,79262,522319,778,97,0,78384,1,212,2251
52,21/08/2026 20:51,45,EVENT_STATE,77481,429584,780,61,0,76637,1,213,2252
53,21/08/2026 20:53,45,EVENT_STATE,79718,225027,785,70,0,78859,1,213,2269
54,21/08/2026 20:54,45,EVENT_STATE,78284,404105,824,74,0,77382,1,213,2267
55,21/08/2026 20:55,45,EVENT_STATE,78697,289752,779,62,0,77853,1,213,2237
56,21/08/2026 20:57,45,EVENT_STATE,79042,332978,782,63,0,78194,1,213,2255
57,21/08/2026 20:58,45,EVENT_STATE,79052,485456,772,63,0,78214,1,213,2248
58,21/08/2026 20:59,45,EVENT_STATE,80477,435542,812,64,0,79598,1,213,2228
59,21/08/2026 21:01,45,EVENT_STATE,77161,458455,774,63,0,76321,1,213,2228
60,21/08/2026 21:02,45,EVENT_STATE,78044,212851,796,62,0,77183,1,215,2269
61,21/08/2026 21:03,45,EVENT_STATE,80161,333102,778,65,0,79315,1,213,2264
62,21/08/2026 21:05,45,EVENT_STATE,77324,296367,840,84,0,76397,1,213,2231
63,21/08/2026 21:06,45,EVENT_STATE,77297,322829,779,62,0,76453,1,213,2235
64,21/08/2026 21:07,45,EVENT_STATE,79156,333106,780,62,0,78311,1,213,2249
65,21/08/2026 21:08,45,EVENT_STATE,77922,287954,776,64,0,77079,1,213,2213
66,21/08/2026 21:10,45,EVENT_STATE,77442,522115,776,65,0,76598,1,214,2263
67,21/08/2026 21:11,45,EVENT_STATE,80261,293981,802,77,0,79379,1,213,2234
68,21/08/2026 21:12,45,EVENT_STATE,77134,322915,813,84,0,76234,1,213,2268
69,21/08/2026 21:14,45,EVENT_STATE,77422,354211,841,71,0,76506,1,213,2216
70,21/08/2026 21:15,45,EVENT_STATE,77397,458367,779,62,0,76553,1,213,2263
71,21/08/2026 21:16,45,EVENT_STATE,80216,300725,831,81,0,79301,1,215,2247
72,21/08/2026 21:18,45,EVENT_STATE,78372,503017,770,64,0,77534,1,212,2302
73,21/08/2026 21:19,45,EVENT_STATE,78964,390568,777,62,0,78121,1,212,2229
74,21/08/2026 21:20,45,EVENT_STATE,78112,333206,795,62,0,77250,1,213,2252
75,21/08/2026 21:22,45,EVENT_STATE,77137,333264,790,62,0,76282,1,213,2259
76,21/08/2026 21:23,45,EVENT_STATE,81046,302360,830,72,0,80141,1,213,2236
77,21/08/2026 21:24,45,EVENT_STATE,79977,212115,779,64,0,79131,1,213,2250
78,21/08/2026 21:26,45,EVENT_STATE,80282,510281,785,71,0,79423,1,212,2234
79,21/08/2026 21:27,45,EVENT_STATE,78738,466764,779,65,0,77891,1,214,2254
80,21/08/2026 21:28,45,EVENT_STATE,78208,478081,795,61,0,77348,1,213,2268
81,21/08/2026 21:30,45,EVENT_STATE,77362,415827,771,65,0,76523,1,213,2195
82,21/08/2026 21:31,45,EVENT_STATE,76853,302321,773,60,0,76018,1,213,2225
83,21/08/2026 21:32,45,EVENT_STATE,76836,296769,778,63,0,75992,1,213,2246
84,21/08/2026 21:33,45,EVENT_STATE,76780,447852,774,62,0,75941,1,213,2236
85,21/08/2026 21:35,45,EVENT_STATE,78152,328973,769,62,0,77317,1,213,2219
86,21/08/2026 21:36,45,EVENT_STATE,81311,333132,778,64,0,80465,1,213,2287
87,21/08/2026 21:37,45,EVENT_STATE,79209,458678,772,64,0,78369,1,213,2258
88,21/08/2026 21:39,45,EVENT_STATE,80285,522143,781,64,0,79437,1,214,2268
89,21/08/2026 21:40,45,EVENT_STATE,79614,326815,774,64,0,78773,1,213,2220
90,21/08/2026 21:41,45,EVENT_STATE,78533,283019,774,74,0,77682,1,213,2229
91,21/08/2026 21:43,45,EVENT_STATE,78421,409717,781,65,0,77572,1,213,2248
92,21/08/2026 21:44,45,EVENT_STATE,77861,333112,776,62,0,77020,1,213,2271
93,21/08/2026 21:45,45,EVENT_STATE,77123,288524,775,62,0,76282,1,213,2237
94,21/08/2026 21:47,45,EVENT_STATE,77709,402806,769,63,0,76873,1,211,2203
95,21/08/2026 21:48,45,EVENT_STATE,77025,489712,796,88,0,76137,1,213,2233
96,21/08/2026 21:49,45,EVENT_STATE,79175,326714,774,63,0,78335,1,213,2263
97,21/08/2026 21:50,45,EVENT_STATE,77020,503707,812,79,0,76126,1,212,2250
98,21/08/2026 21:52,45,EVENT_STATE,80298,371827,805,68,0,79421,1,213,2255
99,21/08/2026 21:53,45,EVENT_STATE,77588,329152,781,63,0,76741,1,213,2250
100,21/08/2026 21:54,45,EVENT_STATE,79391,390510,781,64,0,78543,1,212,2249
101,21/08/2026 21:56,45,EVENT_STATE,77511,332256,770,62,0,76676,1,215,2253
102,21/08/2026 21:57,45,EVENT_STATE,78774,219214,773,62,0,77936,1,215,2257
103,21/08/2026 21:58,45,EVENT_STATE,78081,391247,771,65,0,77243,1,213,2273
104,21/08/2026 22:00,45,EVENT_STATE,78604,339417,772,62,0,77766,1,215,2214
105,21/08/2026 22:01,45,EVENT_STATE,78181,454392,776,62,0,77340,1,213,2232
106,21/08/2026 22:02,45,EVENT_STATE,77396,404102,776,66,0,76551,1,213,2249
107,21/08/2026 22:04,45,EVENT_STATE,79751,288446,780,59,0,78909,1,213,2246
108,21/08/2026 22:05,45,EVENT_STATE,78510,503418,781,60,0,77666,1,212,2226
109,21/08/2026 22:06,45,EVENT_STATE,77393,296043,771,62,0,76557,1,213,2249
110,21/08/2026 22:08,45,EVENT_STATE,79614,503062,810,62,0,78739,1,212,2234
111,21/08/2026 22:09,45,EVENT_STATE,77320,352314,772,63,0,76482,1,213,2270
112,21/08/2026 22:10,45,EVENT_STATE,78190,296050,769,62,0,77355,1,213,2241
113,21/08/2026 22:11,45,EVENT_STATE,80109,503975,774,62,0,79269,1,212,2249
114,21/08/2026 22:13,45,EVENT_STATE,78586,289706,781,65,0,77737,1,213,2286
115,21/08/2026 22:14,45,EVENT_STATE,78720,483584,813,63,0,77841,1,213,2227
116,21/08/2026 22:15,45,EVENT_STATE,78252,359146,769,62,0,77418,1,213,2228
117,21/08/2026 22:17,45,EVENT_STATE,77314,458415,782,65,0,76464,1,213,2260
118,21/08/2026 22:18,45,EVENT_STATE,77660,464650,774,62,0,76820,1,213,2273
119,21/08/2026 22:19,45,EVENT_STATE,79887,335247,765,64,0,79054,1,213,2222
120,21/08/2026 22:21,45,EVENT_STATE,79747,359250,774,62,0,78908,1,213,2235
121,21/08/2026 22:22,45,EVENT_STATE,78414,518003,845,74,0,77492,1,213,2307
122,21/08/2026 22:23,45,EVENT_STATE,78550,332953,772,65,0,77710,1,213,2269
123,21/08/2026 22:25,45,EVENT_STATE,80294,482916,771,63,0,79457,1,213,2204
124,21/08/2026 22:26,45,EVENT_STATE,78245,471899,774,62,0,77406,1,213,2253
125,21/08/2026 22:27,45,EVENT_STATE,77225,333076,764,64,0,76393,1,215,2246
126,21/08/2026 22:29,45,EVENT_STATE,78701,296580,773,62,0,77862,1,213,2266
127,21/08/2026 22:30,45,EVENT_STATE,77615,489357,786,64,0,76761,1,213,2243
128,21/08/2026 22:31,45,EVENT_STATE,77789,333133,846,70,0,76869,1,213,2271
129,21/08/2026 22:32,45,EVENT_STATE,78637,489305,773,62,0,77799,1,213,2240
130,21/08/2026 22:34,45,EVENT_STATE,78474,289049,774,62,0,77636,1,213,2232
131,21/08/2026 22:35,45,EVENT_STATE,77175,328835,772,62,0,76337,1,213,2246
132,21/08/2026 22:36,45,EVENT_STATE,78121,282599,830,73,0,77215,1,215,2228
133,21/08/2026 22:38,45,EVENT_STATE,78729,333374,798,85,0,77843,1,213,2257
134,21/08/2026 22:39,45,EVENT_STATE,78372,326566,777,65,0,77527,1,213,2289
135,21/08/2026 22:40,45,EVENT_STATE,77932,294640,770,63,0,77095,1,213,2253
136,21/08/2026 22:42,45,EVENT_STATE,78346,294927,788,62,0,77492,1,213,2221
137,21/08/2026 22:43,45,EVENT_STATE,78784,489830,777,65,0,77938,1,213,2253
138,21/08/2026 22:44,45,EVENT_STATE,78707,454462,806,64,0,77834,1,213,2244
139,21/08/2026 22:46,45,EVENT_STATE,78010,477605,775,65,0,77168,1,213,2251
140,21/08/2026 22:47,45,EVENT_STATE,79851,341747,792,76,0,78979,1,213,2265
141,21/08/2026 22:48,45,EVENT_STATE,79377,289710,779,65,0,78529,1,213,2248
142,21/08/2026 22:50,45,EVENT_STATE,78680,386438,779,62,0,77835,1,213,2255
143,21/08/2026 22:51,45,EVENT_STATE,78105,333205,815,66,0,77221,1,215,2273
144,21/08/2026 22:52,45,EVENT_STATE,77671,429213,778,65,0,76825,1,213,2241
145,21/08/2026 22:53,45,EVENT_STATE,78943,213044,771,76,0,78092,1,215,2290
146,21/08/2026 22:55,45,EVENT_STATE,79936,359354,779,65,0,79089,1,213,2251
147,21/08/2026 22:56,45,EVENT_STATE,76932,483444,838,65,0,76026,1,213,2192
148,21/08/2026 22:57,45,EVENT_STATE,78400,288191,778,63,0,77556,1,213,2277
149,21/08/2026 22:59,45,EVENT_STATE,77897,367026,769,63,0,77061,1,213,2271
150,21/08/2026 23:00,45,EVENT_STATE,77466,378047,777,62,0,76625,1,212,2211
151,21/08/2026 23:01,45,EVENT_STATE,77272,288763,790,74,0,76405,1,213,2233
152,21/08/2026 23:03,45,EVENT_STATE,77244,313871,776,64,0,76401,1,215,2244
153,21/08/2026 23:04,45,EVENT_STATE,78531,390970,773,62,0,77692,1,213,2272
154,21/08/2026 23:05,45,EVENT_STATE,78063,352872,794,63,0,77204,1,213,2249
155,21/08/2026 23:06,45,EVENT_STATE,79815,402960,784,64,0,78963,1,212,2220
156,21/08/2026 23:08,45,EVENT_STATE,78638,296104,777,62,0,77796,1,213,2242
157,21/08/2026 23:09,45,EVENT_STATE,80401,212716,778,65,0,79547,9,213,2245
158,21/08/2026 23:10,45,EVENT_STATE,79418,250737,774,65,0,78576,1,212,2238
159,21/08/2026 23:12,45,EVENT_STATE,79091,458893,855,77,0,78156,1,213,2237
160,21/08/2026 23:13,45,EVENT_STATE,78471,471709,780,65,0,77623,1,213,2301
161,21/08/2026 23:14,45,EVENT_STATE,78967,341553,813,85,0,78066,1,213,2247
162,21/08/2026 23:16,45,EVENT_STATE,79120,322378,779,64,0,78273,1,213,2291
163,21/08/2026 23:17,45,EVENT_STATE,77270,333404,781,62,0,76424,1,213,2250
164,21/08/2026 23:18,45,EVENT_STATE,76972,503349,777,65,0,76127,1,212,2198
165,21/08/2026 23:20,45,EVENT_STATE,78094,397461,780,64,0,77248,1,213,2232
166,21/08/2026 23:21,45,EVENT_STATE,77096,358496,777,63,0,76253,1,215,2240
167,21/08/2026 23:22,45,EVENT_STATE,77998,287980,777,66,0,77152,1,213,2242
168,21/08/2026 23:24,45,EVENT_STATE,77423,465977,782,64,0,76574,1,213,2217
169,21/08/2026 23:25,45,EVENT_STATE,79990,352771,783,73,0,79131,1,213,2213
170,21/08/2026 23:26,45,EVENT_STATE,78270,339572,774,65,0,77428,1,213,2239
171,21/08/2026 23:27,45,EVENT_STATE,78528,385886,775,73,0,77677,1,213,2235
172,21/08/2026 23:29,45,EVENT_STATE,77610,472488,788,76,0,76743,1,212,2232
173,21/08/2026 23:30,45,EVENT_STATE,78601,458386,773,64,0,77760,1,213,2231
174,21/08/2026 23:31,45,EVENT_STATE,80425,289655,771,66,0,79586,1,213,2255
175,21/08/2026 23:33,45,EVENT_STATE,77541,302446,769,61,0,76707,1,213,2214
176,21/08/2026 23:34,45,EVENT_STATE,78349,415764,789,62,0,77495,1,213,2279
177,21/08/2026 23:35,45,EVENT_STATE,77254,302493,779,65,0,76406,1,213,2310
178,21/08/2026 23:37,45,EVENT_STATE,76853,295205,782,84,0,75983,1,213,2236
179,21/08/2026 23:38,45,EVENT_STATE,78935,403557,774,62,0,78095,1,213,2245
180,21/08/2026 23:39,45,EVENT_STATE,77064,352874,775,63,0,76223,1,213,2211
181,21/08/2026 23:41,45,EVENT_STATE,77240,333201,778,62,0,76397,1,213,2247
182,21/08/2026 23:42,45,EVENT_STATE,78956,339485,832,79,0,78041,1,213,2217
183,21/08/2026 23:43,45,EVENT_STATE,78305,483489,779,64,0,77458,1,213,2236
184,21/08/2026 23:44,45,EVENT_STATE,77891,270184,780,66,0,77042,1,215,2254
185,21/08/2026 23:46,45,EVENT_STATE,77835,384093,784,70,0,76978,1,212,2252
186,21/08/2026 23:47,45,EVENT_STATE,78179,329201,790,83,0,77303,1,213,2213
187,21/08/2026 23:48,45,EVENT_STATE,80340,489192,786,65,0,79486,1,213,2259
188,21/08/2026 23:50,45,EVENT_STATE,79724,333590,775,62,0,78884,1,213,2215
189,21/08/2026 23:51,45,EVENT_STATE,79356,212937,827,64,0,78463,1,215,2227
190,21/08/2026 23:52,45,EVENT_STATE,78747,477650,778,63,0,77903,1,213,2264
191,21/08/2026 23:54,45,EVENT_STATE,77103,453976,810,87,0,76203,1,213,2221
192,21/08/2026 23:55,45,EVENT_STATE,79681,244857,780,59,0,78837,1,215,2256
193,21/08/2026 23:56,45,EVENT_STATE,79071,504117,781,65,0,78221,1,212,2212
194,21/08/2026 23:58,45,EVENT_STATE,80796,302321,791,65,0,79937,1,213,2256
195,21/08/2026 23:59,45,EVENT_STATE,78243,359218,776,65,0,77399,1,213,2250
196,22/08/2026 00:00,45,EVENT_STATE,79124,367277,774,64,0,78282,1,213,2259
197,22/08/2026 00:02,45,EVENT_STATE,78539,282895,779,74,0,77684,1,215,2218
198,22/08/2026 00:03,45,EVENT_STATE,79684,465156,796,86,0,78798,1,213,2245
199,22/08/2026 00:04,45,EVENT_STATE,80206,352553,775,61,0,79366,1,213,2264
200,22/08/2026 00:06,45,EVENT_STATE,78030,302252,776,62,0,77188,1,213,2239
1,22/08/2026 00:07,54,EVENT_STATE,65307,431944,787,70,0,64448,1,185,1473
2,22/08/2026 00:08,54,EVENT_STATE,64626,412335,774,67,0,63782,1,185,1455
3,22/08/2026 00:09,54,EVENT_STATE,65406,707855,799,83,0,64521,1,185,1470
4,22/08/2026 00:10,54,EVENT_STATE,65487,649765,824,82,0,64578,1,186,1460
5,22/08/2026 00:11,54,EVENT_STATE,64622,648560,780,67,0,63771,1,185,1449
6,22/08/2026 00:12,54,EVENT_STATE,65691,701362,779,70,0,64839,1,185,1494
7,22/08/2026 00:13,54,EVENT_STATE,64556,405005,808,86,0,63658,1,186,1503
8,22/08/2026 00:14,54,EVENT_STATE,64593,709037,774,69,0,63746,1,184,1461
9,22/08/2026 00:15,54,EVENT_STATE,64986,425556,774,70,0,64137,1,185,1455
10,22/08/2026 00:17,54,EVENT_STATE,65397,444961,777,68,0,64550,1,185,1469
11,22/08/2026 00:18,54,EVENT_STATE,65427,425286,778,68,0,64577,1,185,1456
12,22/08/2026 00:19,54,EVENT_STATE,65431,642035,777,68,0,64583,1,185,1467
13,22/08/2026 00:20,54,EVENT_STATE,65540,425418,777,88,0,64672,1,185,1485
14,22/08/2026 00:21,54,EVENT_STATE,64909,710870,776,68,0,64062,1,184,1477
15,22/08/2026 00:22,54,EVENT_STATE,65155,716547,782,84,0,64286,1,184,1445
16,22/08/2026 00:23,54,EVENT_STATE,65208,710148,786,68,0,64351,1,184,1467
17,22/08/2026 00:24,54,EVENT_STATE,64893,649647,772,67,0,64051,1,186,1447
18,22/08/2026 00:25,54,EVENT_STATE,64890,424703,778,65,0,64045,1,186,1448
19,22/08/2026 00:26,54,EVENT_STATE,65061,667282,775,70,0,64213,1,185,1449
20,22/08/2026 00:27,54,EVENT_STATE,65357,424858,778,70,0,64505,1,185,1466
21,22/08/2026 00:29,54,EVENT_STATE,65789,714772,858,87,0,64840,1,186,1512
22,22/08/2026 00:30,54,EVENT_STATE,64336,425574,774,68,0,63491,1,185,1459
23,22/08/2026 00:31,54,EVENT_STATE,64267,642114,787,69,0,63408,1,185,1457
24,22/08/2026 00:32,54,EVENT_STATE,64822,451495,779,68,0,63972,1,185,1441
25,22/08/2026 00:33,54,EVENT_STATE,64838,425542,776,70,0,63988,1,185,1493
26,22/08/2026 00:34,54,EVENT_STATE,64438,444796,822,87,0,63526,1,185,1451
27,22/08/2026 00:35,54,EVENT_STATE,63996,425264,777,69,0,63146,1,185,1457
28,22/08/2026 00:36,54,EVENT_STATE,65572,432040,775,68,0,64727,1,185,1473
29,22/08/2026 00:37,54,EVENT_STATE,65523,425162,772,70,0,64678,1,185,1437
30,22/08/2026 00:38,54,EVENT_STATE,65995,405762,814,83,0,65094,2,185,1474
31,22/08/2026 00:39,54,EVENT_STATE,64990,716110,770,67,0,64149,1,184,1458
32,22/08/2026 00:41,54,EVENT_STATE,64252,628747,771,70,0,63407,1,185,1469
33,22/08/2026 00:42,54,EVENT_STATE,64857,424992,815,85,0,63953,1,185,1441
34,22/08/2026 00:43,54,EVENT_STATE,65015,412151,818,83,0,64111,1,185,1447
35,22/08/2026 00:44,54,EVENT_STATE,65957,405296,771,68,0,65115,1,186,1465
36,22/08/2026 00:45,54,EVENT_STATE,65297,656034,781,68,0,64445,1,183,1501
37,22/08/2026 00:46,54,EVENT_STATE,64801,729183,785,69,0,63943,1,184,1481
38,22/08/2026 00:47,54,EVENT_STATE,63929,451437,770,67,0,63088,1,185,1455
39,22/08/2026 00:48,54,EVENT_STATE,64477,701023,775,71,0,63628,1,184,1445
40,22/08/2026 00:49,54,EVENT_STATE,65127,655045,778,71,0,64275,1,185,1444
41,22/08/2026 00:50,54,EVENT_STATE,65462,458305,782,85,0,64592,1,185,1466
42,22/08/2026 00:51,54,EVENT_STATE,65273,715593,801,96,0,64372,1,184,1444
43,22/08/2026 00:52,54,EVENT_STATE,64432,425605,778,69,0,63581,1,185,1484
44,22/08/2026 00:54,54,EVENT_STATE,66151,418414,786,69,0,65292,1,185,1480
45,22/08/2026 00:55,54,EVENT_STATE,63843,425702,770,70,0,62999,1,185,1471
46,22/08/2026 00:56,54,EVENT_STATE,65070,661342,782,68,0,64216,1,185,1474
47,22/08/2026 00:57,54,EVENT_STATE,64917,432164,768,71,0,64075,1,185,1466
48,22/08/2026 00:58,54,EVENT_STATE,64247,424988,772,75,0,63398,1,185,1455
49,22/08/2026 00:59,54,EVENT_STATE,64151,656392,773,67,0,63307,1,186,1471
50,22/08/2026 01:00,54,EVENT_STATE,64799,708471,775,70,0,63950,1,185,1466
51,22/08/2026 01:01,54,EVENT_STATE,65012,709631,795,93,0,64121,1,184,1459
52,22/08/2026 01:02,54,EVENT_STATE,65317,438510,830,70,0,64414,1,185,1472
53,22/08/2026 01:03,54,EVENT_STATE,65230,425250,779,86,0,64362,1,185,1471
54,22/08/2026 01:04,54,EVENT_STATE,65475,425109,780,68,0,64624,1,185,1468
55,22/08/2026 01:05,54,EVENT_STATE,64741,716123,774,68,0,63896,1,184,1459
56,22/08/2026 01:07,54,EVENT_STATE,64846,432121,771,68,0,64003,1,185,1466
57,22/08/2026 01:08,54,EVENT_STATE,64837,425271,809,86,0,63938,1,185,1463
58,22/08/2026 01:09,54,EVENT_STATE,65065,425093,783,70,0,64209,1,185,1466
59,22/08/2026 01:10,54,EVENT_STATE,65016,716374,817,71,0,64125,1,184,1461
60,22/08/2026 01:11,54,EVENT_STATE,64515,425902,775,68,0,63669,1,185,1492
61,22/08/2026 01:12,54,EVENT_STATE,65197,722423,782,67,0,64344,1,184,1448
62,22/08/2026 01:13,54,EVENT_STATE,64866,425284,774,68,0,64021,1,185,1464
63,22/08/2026 01:14,54,EVENT_STATE,64184,716341,778,68,0,63335,1,184,1469
64,22/08/2026 01:15,54,EVENT_STATE,64641,722365,780,75,0,63783,1,184,1465
65,22/08/2026 01:16,54,EVENT_STATE,65066,431799,797,62,0,64204,1,185,1467
66,22/08/2026 01:17,54,EVENT_STATE,65282,445257,772,70,0,64436,1,185,1468
67,22/08/2026 01:19,54,EVENT_STATE,65637,714604,772,67,0,64795,1,185,1466
68,22/08/2026 01:20,54,EVENT_STATE,65246,716259,773,70,0,64400,1,184,1448
69,22/08/2026 01:21,54,EVENT_STATE,65360,405307,780,68,0,64509,1,185,1506
70,22/08/2026 01:22,54,EVENT_STATE,65411,438772,776,70,0,64562,1,185,1518
71,22/08/2026 01:23,54,EVENT_STATE,64774,432306,776,67,0,63927,1,185,1499
72,22/08/2026 01:24,54,EVENT_STATE,65094,425835,768,77,0,64245,1,185,1501
73,22/08/2026 01:25,54,EVENT_STATE,65191,716777,771,68,0,64348,1,184,1505
74,22/08/2026 01:26,54,EVENT_STATE,64785,418394,773,71,0,63937,1,185,1472
75,22/08/2026 01:27,54,EVENT_STATE,64561,722872,778,67,0,63713,1,184,1463
76,22/08/2026 01:28,54,EVENT_STATE,64355,709642,770,70,0,63512,1,184,1445
77,22/08/2026 01:29,54,EVENT_STATE,64962,404280,817,78,0,64063,1,186,1512
78,22/08/2026 01:30,54,EVENT_STATE,65528,729369,777,69,0,64678,1,184,1432
79,22/08/2026 01:32,54,EVENT_STATE,64335,458323,779,71,0,63482,1,185,1440
80,22/08/2026 01:33,54,EVENT_STATE,65481,419345,773,70,0,64635,1,185,1462
81,22/08/2026 01:34,54,EVENT_STATE,64368,431978,796,94,0,63475,1,185,1453
82,22/08/2026 01:35,54,EVENT_STATE,64992,425046,827,80,0,64082,1,185,1477
83,22/08/2026 01:36,54,EVENT_STATE,64420,405516,784,69,0,63564,1,185,1476
84,22/08/2026 01:37,54,EVENT_STATE,65309,425569,772,69,0,64465,1,185,1454
85,22/08/2026 01:38,54,EVENT_STATE,65390,418215,796,94,0,64497,1,186,1466
86,22/08/2026 01:39,54,EVENT_STATE,64635,412120,771,70,0,63791,1,185,1480
87,22/08/2026 01:40,54,EVENT_STATE,65037,425505,782,70,0,64182,1,185,1475
88,22/08/2026 01:41,54,EVENT_STATE,65057,709948,772,70,0,64212,1,184,1444
89,22/08/2026 01:42,54,EVENT_STATE,64592,654849,772,66,0,63751,1,185,1439
90,22/08/2026 01:44,54,EVENT_STATE,65417,708328,772,70,0,64571,1,184,1455
91,22/08/2026 01:45,54,EVENT_STATE,65064,722929,774,70,0,64217,1,184,1441
92,22/08/2026 01:46,54,EVENT_STATE,64299,729411,766,67,0,63462,1,184,1449
93,22/08/2026 01:47,54,EVENT_STATE,65666,418641,769,70,0,64824,1,185,1440
94,22/08/2026 01:48,54,EVENT_STATE,64852,425583,770,68,0,64011,1,185,1482
95,22/08/2026 01:49,54,EVENT_STATE,64683,425331,813,88,0,63779,1,185,1464
96,22/08/2026 01:50,54,EVENT_STATE,65163,676563,774,67,0,64319,1,186,1495
97,22/08/2026 01:51,54,EVENT_STATE,64941,716117,809,83,0,64046,1,184,1450
98,22/08/2026 01:52,54,EVENT_STATE,65214,425384,773,67,0,64371,1,185,1492
99,22/08/2026 01:53,54,EVENT_STATE,65427,425413,770,68,0,64586,1,185,1481
100,22/08/2026 01:54,54,EVENT_STATE,65239,722787,774,64,0,64396,1,184,1451
101,22/08/2026 01:55,54,EVENT_STATE,65269,716234,821,102,0,64343,1,184,1436
102,22/08/2026 01:57,54,EVENT_STATE,65142,722788,778,68,0,64292,1,184,1483
103,22/08/2026 01:58,54,EVENT_STATE,64577,709500,782,68,0,63725,1,184,1464
104,22/08/2026 01:59,54,EVENT_STATE,65203,424904,771,68,0,64360,1,185,1473
105,22/08/2026 02:00,54,EVENT_STATE,64199,418732,793,79,0,63324,1,185,1469
106,22/08/2026 02:01,54,EVENT_STATE,64657,425638,774,67,0,63813,1,185,1461
107,22/08/2026 02:02,54,EVENT_STATE,65591,695155,770,67,0,64751,1,186,1459
108,22/08/2026 02:03,54,EVENT_STATE,65200,412488,771,70,0,64356,1,185,1527
109,22/08/2026 02:04,54,EVENT_STATE,65609,722502,775,69,0,64762,1,184,1466
110,22/08/2026 02:05,54,EVENT_STATE,64638,425314,796,89,0,63749,1,185,1471
111,22/08/2026 02:06,54,EVENT_STATE,64932,425733,774,67,0,64087,1,185,1482
112,22/08/2026 02:07,54,EVENT_STATE,65810,722868,770,68,0,64969,1,184,1460
113,22/08/2026 02:09,54,EVENT_STATE,65539,709627,773,69,0,64694,1,184,1447
114,22/08/2026 02:10,54,EVENT_STATE,64576,701391,792,68,0,63713,1,184,1460
115,22/08/2026 02:11,54,EVENT_STATE,65684,425866,770,70,0,64840,1,185,1459
116,22/08/2026 02:12,54,EVENT_STATE,64645,425540,771,69,0,63801,1,185,1467
117,22/08/2026 02:13,54,EVENT_STATE,65639,729643,772,68,0,64795,1,184,1436
118,22/08/2026 02:14,54,EVENT_STATE,65349,412214,771,65,0,64510,1,185,1478
119,22/08/2026 02:15,54,EVENT_STATE,65232,425200,779,68,0,64382,1,185,1458
120,22/08/2026 02:16,54,EVENT_STATE,64220,438413,776,68,0,63372,1,185,1489
121,22/08/2026 02:17,54,EVENT_STATE,65042,716166,780,70,0,64188,1,184,1439
122,22/08/2026 02:18,54,EVENT_STATE,64140,497029,771,65,0,63301,1,187,1487
123,22/08/2026 02:19,54,EVENT_STATE,65273,695136,775,80,0,64414,1,184,1490
124,22/08/2026 02:21,54,EVENT_STATE,65814,431615,775,68,0,64968,1,185,1457
125,22/08/2026 02:22,54,EVENT_STATE,64445,648120,831,86,0,63525,1,185,1428
126,22/08/2026 02:23,54,EVENT_STATE,64828,688169,779,70,0,63975,1,186,1464
127,22/08/2026 02:24,54,EVENT_STATE,64652,432057,780,70,0,63798,1,185,1506
128,22/08/2026 02:25,54,EVENT_STATE,65459,451675,800,62,0,64594,1,185,1444
129,22/08/2026 02:26,54,EVENT_STATE,65317,425217,780,67,0,64466,1,185,1453
130,22/08/2026 02:27,54,EVENT_STATE,63773,418808,784,67,0,62919,1,185,1468
131,22/08/2026 02:28,54,EVENT_STATE,64900,425895,778,70,0,64048,1,185,1556
132,22/08/2026 02:29,54,EVENT_STATE,64358,722671,780,69,0,63505,1,184,1473
133,22/08/2026 02:30,54,EVENT_STATE,66003,425581,781,72,0,65147,1,185,1462
134,22/08/2026 02:31,54,EVENT_STATE,64166,655434,818,81,0,63263,1,185,1465
135,22/08/2026 02:32,54,EVENT_STATE,64953,425389,784,68,0,64098,1,185,1487
136,22/08/2026 02:34,54,EVENT_STATE,65316,424866,779,68,0,64467,1,186,1474
137,22/08/2026 02:35,54,EVENT_STATE,65080,425267,774,71,0,64232,1,185,1463
138,22/08/2026 02:36,54,EVENT_STATE,64809,709518,769,69,0,63969,1,184,1446
139,22/08/2026 02:37,54,EVENT_STATE,65861,425529,769,70,0,65019,1,185,1473
140,22/08/2026 02:38,54,EVENT_STATE,64911,425178,777,70,0,64060,1,186,1447
141,22/08/2026 02:39,54,EVENT_STATE,65167,451046,797,83,0,64284,1,185,1461
142,22/08/2026 02:40,54,EVENT_STATE,65325,452409,832,70,0,64420,1,185,1513
143,22/08/2026 02:41,54,EVENT_STATE,65181,452020,776,68,0,64333,1,185,1470
144,22/08/2026 02:42,54,EVENT_STATE,64936,424974,774,67,0,64092,1,185,1458
145,22/08/2026 02:43,54,EVENT_STATE,64943,425378,772,70,0,64098,1,185,1442
146,22/08/2026 02:44,54,EVENT_STATE,65891,405027,781,67,0,65039,1,186,1476
147,22/08/2026 02:46,54,EVENT_STATE,64926,451960,776,68,0,64078,1,185,1512
148,22/08/2026 02:47,54,EVENT_STATE,65489,717660,777,68,0,64641,1,184,1470
149,22/08/2026 02:48,54,EVENT_STATE,65239,648624,775,67,0,64393,1,185,1488
150,22/08/2026 02:49,54,EVENT_STATE,65127,458654,776,67,0,64281,1,185,1485
151,22/08/2026 02:50,54,EVENT_STATE,65549,424988,784,66,0,64696,1,186,1465
152,22/08/2026 02:51,54,EVENT_STATE,65262,425282,774,69,0,64415,1,185,1546
153,22/08/2026 02:52,54,EVENT_STATE,65410,660943,795,69,0,64542,1,183,1470
154,22/08/2026 02:53,54,EVENT_STATE,65928,722645,772,70,0,65082,1,184,1455
155,22/08/2026 02:54,54,EVENT_STATE,65138,425154,772,67,0,64296,1,185,1495
156,22/08/2026 02:55,54,EVENT_STATE,64551,670123,772,70,0,63705,1,184,1479
157,22/08/2026 02:56,54,EVENT_STATE,65310,709652,802,95,0,64409,1,184,1472
158,22/08/2026 02:58,54,EVENT_STATE,64890,701697,778,67,0,64042,1,184,1449
159,22/08/2026 02:59,54,EVENT_STATE,65446,424966,779,68,0,64596,1,185,1485
160,22/08/2026 03:00,54,EVENT_STATE,64252,411726,778,70,0,63401,1,185,1450
161,22/08/2026 03:01,54,EVENT_STATE,64993,654997,806,67,0,64116,1,185,1463
162,22/08/2026 03:02,54,EVENT_STATE,64352,425601,771,68,0,63510,1,185,1453
163,22/08/2026 03:03,54,EVENT_STATE,65717,722860,780,70,0,64864,1,184,1517
164,22/08/2026 03:04,54,EVENT_STATE,65335,716238,764,68,0,64500,1,184,1429
165,22/08/2026 03:05,54,EVENT_STATE,64743,709577,772,63,0,63904,1,184,1445
166,22/08/2026 03:06,54,EVENT_STATE,64875,431784,808,82,0,63982,1,185,1469
167,22/08/2026 03:07,54,EVENT_STATE,65145,425712,777,89,0,64275,1,185,1448
168,22/08/2026 03:08,54,EVENT_STATE,64653,709571,793,66,0,63790,1,184,1466
169,22/08/2026 03:09,54,EVENT_STATE,63848,655193,771,69,0,63005,1,185,1483
170,22/08/2026 03:11,54,EVENT_STATE,64946,405491,789,97,0,64057,1,185,1446
171,22/08/2026 03:12,54,EVENT_STATE,64434,622109,813,83,0,63534,1,185,1460
172,22/08/2026 03:13,54,EVENT_STATE,64889,710155,771,68,0,64047,1,184,1430
173,22/08/2026 03:14,54,EVENT_STATE,64646,716391,774,68,0,63801,1,184,1444
174,22/08/2026 03:15,54,EVENT_STATE,65584,424987,768,67,0,64745,1,186,1447
175,22/08/2026 03:16,54,EVENT_STATE,65218,722802,773,68,0,64374,1,184,1450
176,22/08/2026 03:17,54,EVENT_STATE,64907,709138,829,105,0,63970,1,184,1491
177,22/08/2026 03:18,54,EVENT_STATE,65221,432068,769,70,0,64378,1,185,1466
178,22/08/2026 03:19,54,EVENT_STATE,64786,655281,768,63,0,63952,1,185,1467
179,22/08/2026 03:20,54,EVENT_STATE,65676,709596,772,70,0,64831,1,184,1468
180,22/08/2026 03:21,54,EVENT_STATE,64706,425293,792,93,0,63819,1,185,1480
181,22/08/2026 03:22,54,EVENT_STATE,64432,688697,772,67,0,63589,1,186,1476
182,22/08/2026 03:24,54,EVENT_STATE,65181,424912,784,71,0,64323,1,185,1469
183,22/08/2026 03:25,54,EVENT_STATE,65207,716658,816,85,0,64303,1,184,1459
184,22/08/2026 03:26,54,EVENT_STATE,64929,451601,776,70,0,64079,1,185,1457
185,22/08/2026 03:27,54,EVENT_STATE,64658,709994,817,94,0,63744,1,184,1480
186,22/08/2026 03:28,54,EVENT_STATE,64281,729547,775,89,0,63413,1,184,1417
187,22/08/2026 03:29,54,EVENT_STATE,65409,726740,802,70,0,64534,1,185,1445
188,22/08/2026 03:30,54,EVENT_STATE,65517,431808,780,68,0,64666,1,185,1454
189,22/08/2026 03:31,54,EVENT_STATE,64970,432160,773,70,0,64124,1,185,1460
190,22/08/2026 03:32,54,EVENT_STATE,65373,425249,805,99,0,64466,1,185,1440
191,22/08/2026 03:33,54,EVENT_STATE,64852,425453,768,70,0,64010,1,185,1447
192,22/08/2026 03:34,54,EVENT_STATE,64602,715593,770,70,0,63759,1,184,1463
193,22/08/2026 03:36,54,EVENT_STATE,65008,655543,786,86,0,64133,1,185,1477
194,22/08/2026 03:37,54,EVENT_STATE,64887,710407,780,68,0,64037,1,184,1467
195,22/08/2026 03:38,54,EVENT_STATE,65322,431655,776,69,0,64474,1,185,1446
196,22/08/2026 03:39,54,EVENT_STATE,65515,649441,809,94,0,64609,1,185,1466
197,22/08/2026 03:40,54,EVENT_STATE,65498,729334,780,67,0,64647,1,184,1420
198,22/08/2026 03:41,54,EVENT_STATE,65249,729703,848,82,0,64315,1,184,1471
199,22/08/2026 03:42,54,EVENT_STATE,65552,431637,811,69,0,64668,1,185,1467
200,22/08/2026 03:43,54,EVENT_STATE,63782,412160,767,68,0,62943,1,185,1442
1,22/08/2026 03:48,63,EVENT_STATE,304232,841568,799,90,0,303340,1,812,7687
2,22/08/2026 03:53,63,EVENT_STATE,299040,859859,774,75,0,298188,1,812,7809
3,22/08/2026 03:58,63,EVENT_STATE,295825,872986,772,73,0,294977,1,814,7710
4,22/08/2026 04:03,63,EVENT_STATE,302234,846208,771,73,0,301387,1,812,8121
5,22/08/2026 04:08,63,EVENT_STATE,302963,642151,773,69,0,302118,1,818,7833
6,22/08/2026 04:13,63,EVENT_STATE,299714,860391,769,75,0,298867,1,812,7356
7,22/08/2026 04:18,63,EVENT_STATE,298392,644906,799,96,0,297494,1,816,7312
8,22/08/2026 04:23,63,EVENT_STATE,303441,642236,810,75,0,302553,1,816,7768
9,22/08/2026 04:28,63,EVENT_STATE,302536,664150,774,73,0,301686,1,812,7825
10,22/08/2026 04:33,63,EVENT_STATE,302050,633008,773,74,0,301198,1,816,7928
11,22/08/2026 04:39,63,EVENT_STATE,303229,823454,772,72,0,302382,1,813,7651
12,22/08/2026 04:44,63,EVENT_STATE,304983,879230,767,72,0,304140,1,814,7809
13,22/08/2026 04:49,63,EVENT_STATE,302196,765078,773,73,0,301347,1,813,8014
14,22/08/2026 04:54,63,EVENT_STATE,299442,854366,769,73,0,298596,1,812,7769
15,22/08/2026 04:59,63,EVENT_STATE,303954,894472,776,73,0,303101,1,812,7846
16,22/08/2026 05:04,63,EVENT_STATE,299681,874865,771,75,0,298832,1,812,7760
17,22/08/2026 05:09,63,EVENT_STATE,301097,763282,771,73,0,300251,1,816,7646
18,22/08/2026 05:14,63,EVENT_STATE,304499,841398,785,72,0,303638,1,812,7676
19,22/08/2026 05:19,63,EVENT_STATE,303333,671103,776,72,0,302482,1,815,7890
20,22/08/2026 05:24,63,EVENT_STATE,302115,873660,775,74,0,301263,1,812,7701
21,22/08/2026 05:29,63,EVENT_STATE,299263,631862,850,74,0,298335,1,816,7637
22,22/08/2026 05:34,63,EVENT_STATE,301096,854258,780,74,0,300238,1,812,7654
23,22/08/2026 05:39,63,EVENT_STATE,300756,850927,778,75,0,299900,1,812,7520
24,22/08/2026 05:44,63,EVENT_STATE,300058,588043,825,75,0,299154,1,813,7852
25,22/08/2026 05:49,63,EVENT_STATE,299852,891860,776,72,0,299000,1,812,7810
26,22/08/2026 05:54,63,EVENT_STATE,296929,873354,793,93,0,296040,1,812,7646
27,22/08/2026 05:59,63,EVENT_STATE,302086,592872,794,92,0,301197,1,812,7647
28,22/08/2026 06:04,63,EVENT_STATE,303419,740764,827,93,0,302496,1,812,7807
29,22/08/2026 06:09,63,EVENT_STATE,295797,867370,773,73,0,294947,1,812,7730
30,22/08/2026 06:14,63,EVENT_STATE,301705,745754,777,75,0,300849,1,813,7868
31,22/08/2026 06:19,63,EVENT_STATE,303152,687368,777,72,0,302299,1,813,7765
32,22/08/2026 06:24,63,EVENT_STATE,301819,593242,778,73,0,300964,1,813,7735
33,22/08/2026 06:29,63,EVENT_STATE,304771,618630,781,97,0,303890,1,816,7659
34,22/08/2026 06:34,63,EVENT_STATE,301896,853496,845,92,0,300956,1,812,7639
35,22/08/2026 06:39,63,EVENT_STATE,302526,853847,820,95,0,301608,1,812,7755
36,22/08/2026 06:44,63,EVENT_STATE,304182,626285,779,75,0,303325,1,816,7897
37,22/08/2026 06:49,63,EVENT_STATE,304460,611898,769,74,0,303615,1,816,7852
38,22/08/2026 06:54,63,EVENT_STATE,301960,861625,786,90,0,301080,1,812,7954
39,22/08/2026 06:59,63,EVENT_STATE,303580,880616,817,91,1,302668,1,812,7620
40,22/08/2026 07:05,63,EVENT_STATE,301052,594008,778,76,0,300195,1,813,7652
41,22/08/2026 07:09,63,EVENT_STATE,299054,730079,845,93,0,298112,1,812,7706
42,22/08/2026 07:15,63,EVENT_STATE,302048,885452,785,74,0,301186,1,812,7663
43,22/08/2026 07:20,63,EVENT_STATE,304040,625673,776,75,0,303185,1,812,7787
44,22/08/2026 07:25,63,EVENT_STATE,302615,866673,805,83,0,301723,1,812,7933
45,22/08/2026 07:30,63,EVENT_STATE,299272,860262,795,73,0,298401,1,812,7863
46,22/08/2026 07:35,63,EVENT_STATE,304277,630600,775,73,0,303426,1,816,8114
47,22/08/2026 07:40,63,EVENT_STATE,298352,710159,770,73,0,297506,1,815,8079
48,22/08/2026 07:45,63,EVENT_STATE,301731,847213,824,75,0,300829,1,813,7635
49,22/08/2026 07:50,63,EVENT_STATE,301304,850485,783,97,0,300421,1,812,7955
50,22/08/2026 07:55,63,EVENT_STATE,304509,736946,779,73,0,303654,1,813,7751
51,22/08/2026 08:00,63,EVENT_STATE,302594,847911,781,93,0,301717,1,812,8141
52,22/08/2026 08:05,63,EVENT_STATE,299320,848288,818,88,0,298410,1,812,7744
53,22/08/2026 08:10,63,EVENT_STATE,300671,866855,808,75,0,299785,1,812,7630
54,22/08/2026 08:15,63,EVENT_STATE,303052,769158,778,72,0,302198,1,812,7651
55,22/08/2026 08:20,63,EVENT_STATE,302243,620179,777,76,0,301387,1,816,7789
56,22/08/2026 08:25,63,EVENT_STATE,302285,860417,771,75,0,301435,1,812,7801
57,22/08/2026 08:30,63,EVENT_STATE,305278,769995,773,73,0,304428,1,814,7848
58,22/08/2026 08:35,63,EVENT_STATE,303780,874466,779,73,0,302925,1,812,7797
59,22/08/2026 08:40,63,EVENT_STATE,302486,764539,773,74,0,301635,1,814,7796
60,22/08/2026 08:45,63,EVENT_STATE,303908,879992,777,72,0,303055,1,812,7623
61,22/08/2026 08:50,63,EVENT_STATE,300233,853926,777,77,0,299375,1,812,7594
62,22/08/2026 08:55,63,EVENT_STATE,295788,847312,775,73,0,294937,1,812,7679
63,22/08/2026 09:00,63,EVENT_STATE,301990,599258,778,73,0,301136,1,813,7702
64,22/08/2026 09:05,63,EVENT_STATE,302334,827102,776,74,0,301481,1,810,7796
65,22/08/2026 09:10,63,EVENT_STATE,300038,844503,795,93,0,299147,1,812,7694
66,22/08/2026 09:15,63,EVENT_STATE,303921,884567,782,72,0,303063,1,812,7659
67,22/08/2026 09:20,63,EVENT_STATE,300211,866040,775,73,0,299359,1,812,7856
68,22/08/2026 09:25,63,EVENT_STATE,303006,848740,778,73,0,302153,1,812,7686
69,22/08/2026 09:31,63,EVENT_STATE,303040,630262,774,72,0,302191,1,816,7804
70,22/08/2026 09:36,63,EVENT_STATE,305355,868645,826,87,0,304439,1,816,7556
71,22/08/2026 09:41,63,EVENT_STATE,304449,848701,779,72,0,303594,1,812,7652
72,22/08/2026 09:46,63,EVENT_STATE,300584,734768,824,103,0,299654,1,812,7680
73,22/08/2026 09:51,63,EVENT_STATE,300782,842222,783,72,0,299923,1,812,7669
74,22/08/2026 09:56,63,EVENT_STATE,302292,762305,779,73,0,301436,1,813,7480
75,22/08/2026 10:01,63,EVENT_STATE,301329,864842,781,76,0,300469,1,812,7704
76,22/08/2026 10:06,63,EVENT_STATE,304453,867468,775,75,0,303600,1,814,7726
77,22/08/2026 10:11,63,EVENT_STATE,302919,881007,777,75,0,302063,1,812,7742
78,22/08/2026 10:16,63,EVENT_STATE,300034,848303,777,74,0,299180,2,812,7681
79,22/08/2026 10:21,63,EVENT_STATE,303198,852993,806,103,0,302285,1,812,7644
80,22/08/2026 10:26,63,EVENT_STATE,300386,861453,779,93,0,299512,1,812,7642
81,22/08/2026 10:31,63,EVENT_STATE,302471,874430,777,76,0,301615,1,812,7678
82,22/08/2026 10:36,63,EVENT_STATE,303832,866318,817,67,0,302944,1,812,7627
83,22/08/2026 10:41,63,EVENT_STATE,305308,664919,777,76,0,304452,1,818,7710
84,22/08/2026 10:46,63,EVENT_STATE,303667,859686,801,89,0,302773,1,812,7896
85,22/08/2026 10:51,63,EVENT_STATE,302988,854551,770,72,0,302143,1,812,7782
86,22/08/2026 10:56,63,EVENT_STATE,298833,905486,776,89,0,297965,1,817,7632
87,22/08/2026 11:01,63,EVENT_STATE,301040,878381,787,88,0,300161,1,812,7759
88,22/08/2026 11:06,63,EVENT_STATE,301383,824944,768,72,0,300540,1,807,7827
89,22/08/2026 11:11,63,EVENT_STATE,294108,842795,770,72,0,293262,1,812,7735
90,22/08/2026 11:16,63,EVENT_STATE,305119,865538,806,92,0,304218,1,812,7780
91,22/08/2026 11:21,63,EVENT_STATE,300351,862745,812,97,0,299439,1,812,7778
92,22/08/2026 11:26,63,EVENT_STATE,297300,613977,807,85,0,296405,1,812,7551
93,22/08/2026 11:31,63,EVENT_STATE,300594,718243,786,76,0,299728,1,812,7832
94,22/08/2026 11:36,63,EVENT_STATE,297027,848101,821,90,0,296113,1,812,7741
95,22/08/2026 11:41,63,EVENT_STATE,301594,832057,780,73,0,300737,1,810,7540
96,22/08/2026 11:46,63,EVENT_STATE,299755,672933,773,72,0,298906,1,815,7717
97,22/08/2026 11:51,63,EVENT_STATE,300736,861794,792,78,0,299861,2,812,7583
98,22/08/2026 11:56,63,EVENT_STATE,301563,750316,830,100,0,300630,1,813,7643
99,22/08/2026 12:01,63,EVENT_STATE,303868,638594,776,73,0,303016,1,816,7943
100,22/08/2026 12:06,63,EVENT_STATE,302404,619982,776,76,0,301547,1,816,7721
101,22/08/2026 12:11,63,EVENT_STATE,297059,645680,773,73,0,296210,1,813,7817
102,22/08/2026 12:16,63,EVENT_STATE,302285,853665,777,75,0,301429,1,812,7664
103,22/08/2026 12:21,63,EVENT_STATE,300304,841538,776,75,0,299450,1,812,7768
104,22/08/2026 12:27,63,EVENT_STATE,302424,848210,782,73,0,301566,1,812,7734
105,22/08/2026 12:32,63,EVENT_STATE,304584,848155,780,98,0,303702,1,812,8337
106,22/08/2026 12:37,63,EVENT_STATE,297581,735218,775,73,0,296729,1,812,7806
107,22/08/2026 12:42,63,EVENT_STATE,299391,606389,777,73,0,298538,1,813,7624
108,22/08/2026 12:46,63,EVENT_STATE,295431,791466,775,73,0,294579,1,815,7665
109,22/08/2026 12:52,63,EVENT_STATE,302306,859251,808,76,0,301419,1,812,7920
110,22/08/2026 12:57,63,EVENT_STATE,301118,658811,782,73,0,300259,1,813,7676
111,22/08/2026 13:02,63,EVENT_STATE,300790,880522,775,75,0,299937,1,812,7901
112,22/08/2026 13:07,63,EVENT_STATE,299381,828100,778,66,0,298534,1,812,7702
113,22/08/2026 13:12,63,EVENT_STATE,302838,698676,780,71,0,301983,1,815,7676
114,22/08/2026 13:17,63,EVENT_STATE,309785,607661,838,74,0,308869,1,813,7684
115,22/08/2026 13:22,63,EVENT_STATE,303015,817867,771,75,0,302166,1,814,7759
116,22/08/2026 13:27,63,EVENT_STATE,306179,860843,776,75,0,305325,1,814,7892
117,22/08/2026 13:32,63,EVENT_STATE,302981,901928,779,75,0,302124,1,815,7759
118,22/08/2026 13:37,63,EVENT_STATE,304384,854591,774,72,0,303535,1,812,8153
119,22/08/2026 13:42,63,EVENT_STATE,295677,865322,778,80,0,294816,1,812,7669
120,22/08/2026 13:47,63,EVENT_STATE,300179,758300,784,75,0,299317,1,816,7863
121,22/08/2026 13:52,63,EVENT_STATE,303868,853923,813,83,0,302968,1,812,7782
122,22/08/2026 13:57,63,EVENT_STATE,304268,874276,843,75,0,303346,1,814,8213
123,22/08/2026 14:02,63,EVENT_STATE,302188,775793,813,81,0,301291,1,816,7859
124,22/08/2026 14:07,63,EVENT_STATE,295775,631433,823,87,0,294862,1,812,7843
125,22/08/2026 14:12,63,EVENT_STATE,300972,880857,850,92,0,300026,1,812,7599
126,22/08/2026 14:17,63,EVENT_STATE,301204,598864,782,69,0,300350,1,813,7620
127,22/08/2026 14:22,63,EVENT_STATE,302887,867424,794,75,0,302014,1,812,7753
128,22/08/2026 14:27,63,EVENT_STATE,304348,756504,771,73,0,303500,1,815,7840
129,22/08/2026 14:32,63,EVENT_STATE,301916,707898,778,75,0,301058,1,813,7656
130,22/08/2026 14:37,63,EVENT_STATE,302251,892817,772,75,0,301400,1,812,7768
131,22/08/2026 14:42,63,EVENT_STATE,301719,860086,807,75,0,300833,1,812,7887
132,22/08/2026 14:47,63,EVENT_STATE,298659,854284,777,75,0,297804,1,812,7587
133,22/08/2026 14:52,63,EVENT_STATE,300954,835678,798,90,0,300063,1,812,7815
134,22/08/2026 14:57,63,EVENT_STATE,298716,858081,778,75,0,297859,1,812,7772
135,22/08/2026 15:02,63,EVENT_STATE,302994,847725,781,81,0,302128,1,812,7701
136,22/08/2026 15:07,63,EVENT_STATE,301526,592708,777,80,0,300665,1,813,7609
137,22/08/2026 15:13,63,EVENT_STATE,302321,855396,782,74,0,301461,1,812,7828
138,22/08/2026 15:18,63,EVENT_STATE,300657,854722,767,69,0,299817,1,812,7717
139,22/08/2026 15:23,63,EVENT_STATE,302047,842390,767,73,0,301203,1,812,7791
140,22/08/2026 15:28,63,EVENT_STATE,300777,857040,781,69,0,299924,1,812,7803
141,22/08/2026 15:33,63,EVENT_STATE,302826,858686,778,74,0,301971,1,812,7690
142,22/08/2026 15:38,63,EVENT_STATE,303203,618903,771,73,0,302355,1,816,7894
143,22/08/2026 15:43,63,EVENT_STATE,297327,853549,772,74,0,296478,1,812,7606
144,22/08/2026 15:48,63,EVENT_STATE,307814,797489,810,91,0,306908,1,816,7781
145,22/08/2026 15:53,63,EVENT_STATE,305012,836815,808,74,0,304126,1,816,7847
146,22/08/2026 15:58,63,EVENT_STATE,300296,626865,777,74,0,299442,1,816,8220
147,22/08/2026 16:03,63,EVENT_STATE,302974,875356,820,82,0,302068,1,812,7740
148,22/08/2026 16:08,63,EVENT_STATE,300884,677481,771,80,0,300030,1,815,7741
149,22/08/2026 16:13,63,EVENT_STATE,302828,671667,776,74,0,301976,1,813,8087
150,22/08/2026 16:18,63,EVENT_STATE,300768,754101,777,73,0,299915,1,813,7587
151,22/08/2026 16:23,63,EVENT_STATE,297693,836179,832,92,0,296766,1,812,7653
152,22/08/2026 16:28,63,EVENT_STATE,301097,586458,770,71,0,300252,1,813,7702
153,22/08/2026 16:33,63,EVENT_STATE,293418,853915,803,92,0,292520,1,812,7709
154,22/08/2026 16:38,63,EVENT_STATE,301426,866148,779,80,0,300563,1,812,7709
155,22/08/2026 16:43,63,EVENT_STATE,297733,717051,842,73,0,296815,1,812,7786
156,22/08/2026 16:48,63,EVENT_STATE,299366,777561,773,73,0,298516,1,813,7722
157,22/08/2026 16:53,63,EVENT_STATE,300669,692311,772,72,0,299821,1,813,7710
158,22/08/2026 16:58,63,EVENT_STATE,298436,846738,814,74,0,297545,1,812,7658
159,22/08/2026 17:03,63,EVENT_STATE,301735,594853,778,73,0,300880,1,813,7853
160,22/08/2026 17:08,63,EVENT_STATE,299391,852672,778,74,0,298536,1,812,8120
161,22/08/2026 17:13,63,EVENT_STATE,304430,888344,796,72,0,303558,1,812,7761
162,22/08/2026 17:18,63,EVENT_STATE,302513,624136,779,73,0,301659,1,816,7760
163,22/08/2026 17:23,63,EVENT_STATE,298205,841224,777,75,0,297350,1,812,7779
164,22/08/2026 17:28,63,EVENT_STATE,303920,736882,777,76,0,303063,1,813,7297
165,22/08/2026 17:33,63,EVENT_STATE,300331,861012,774,73,0,299481,1,812,7701
166,22/08/2026 17:38,63,EVENT_STATE,300584,772249,832,88,0,299661,1,813,7835
167,22/08/2026 17:43,63,EVENT_STATE,299305,854636,777,73,0,298452,1,812,7573
168,22/08/2026 17:48,63,EVENT_STATE,298651,868220,783,75,0,297789,1,812,7618
169,22/08/2026 17:53,63,EVENT_STATE,296187,887706,775,73,0,295335,1,812,7832
170,22/08/2026 17:58,63,EVENT_STATE,295083,854147,766,75,0,294239,1,812,7795
171,22/08/2026 18:03,63,EVENT_STATE,306076,879492,777,75,0,305220,1,814,7733
172,22/08/2026 18:08,63,EVENT_STATE,304242,787783,809,110,0,303319,1,812,7795
173,22/08/2026 18:13,63,EVENT_STATE,302852,758714,774,74,0,302001,1,813,7720
174,22/08/2026 18:18,63,EVENT_STATE,302127,859689,777,74,0,301273,1,812,7746
175,22/08/2026 18:23,63,EVENT_STATE,299290,840696,795,72,0,298419,1,812,7655
176,22/08/2026 18:28,63,EVENT_STATE,300360,865276,776,72,0,299509,1,812,7726
177,22/08/2026 18:33,63,EVENT_STATE,303555,848912,827,91,0,302634,1,812,7844
178,22/08/2026 18:38,63,EVENT_STATE,304196,848356,813,118,0,303262,1,812,7652
179,22/08/2026 18:43,63,EVENT_STATE,300493,841608,801,75,0,299613,1,812,7776
180,22/08/2026 18:48,63,EVENT_STATE,295291,788417,774,72,0,294441,1,807,7692
181,22/08/2026 18:53,63,EVENT_STATE,302880,888739,774,75,0,302027,1,812,7747
182,22/08/2026 18:58,63,EVENT_STATE,300770,901817,776,72,0,299918,1,812,7737
183,22/08/2026 19:03,63,EVENT_STATE,304283,889223,774,73,0,303432,1,815,7864
184,22/08/2026 19:08,63,EVENT_STATE,300217,691996,782,69,0,299363,1,807,7857
185,22/08/2026 19:14,63,EVENT_STATE,302108,782438,815,88,0,301202,1,812,7754
186,22/08/2026 19:19,63,EVENT_STATE,303753,704053,774,72,0,302904,1,815,7513
187,22/08/2026 19:23,63,EVENT_STATE,293658,778735,777,103,0,292775,1,812,7762
188,22/08/2026 19:28,63,EVENT_STATE,300467,866613,771,74,0,299619,1,812,7681
189,22/08/2026 19:33,63,EVENT_STATE,299336,848453,774,73,0,298486,1,812,7617
190,22/08/2026 19:39,63,EVENT_STATE,301278,762118,821,76,0,300377,1,814,7968
191,22/08/2026 19:44,63,EVENT_STATE,305550,873860,775,75,0,304696,1,816,7847
192,22/08/2026 19:49,63,EVENT_STATE,294972,849922,778,97,0,294094,1,812,7562
193,22/08/2026 19:54,63,EVENT_STATE,299053,860973,774,73,0,298202,1,812,7635
194,22/08/2026 19:59,63,EVENT_STATE,306755,849346,801,101,0,305849,1,816,7727
195,22/08/2026 20:04,63,EVENT_STATE,301630,592299,776,73,0,300777,1,812,7624
196,22/08/2026 20:09,63,EVENT_STATE,300190,827813,790,72,0,299324,1,812,7808
197,22/08/2026 20:14,63,EVENT_STATE,299470,856338,805,74,0,298586,1,812,7781
198,22/08/2026 20:19,63,EVENT_STATE,305395,853718,782,73,0,304536,1,812,7622
199,22/08/2026 20:24,63,EVENT_STATE,296217,632317,806,97,0,295311,1,812,7625
200,22/08/2026 20:29,63,EVENT_STATE,299940,856472,771,73,0,299092,1,812,7329
1,22/08/2026 20:45,72,EVENT_STATE,956984,531842,818,99,0,956064,1,2747,26693
2,22/08/2026 21:01,72,EVENT_STATE,946084,424966,800,81,0,945200,1,2749,26671
3,22/08/2026 21:16,72,EVENT_STATE,939198,439454,818,106,0,938270,1,2748,26689
4,22/08/2026 21:32,72,EVENT_STATE,949929,555797,792,81,0,949053,1,2749,26692
5,22/08/2026 21:48,72,EVENT_STATE,936417,434520,770,82,0,935561,1,2748,27048
6,22/08/2026 22:03,72,EVENT_STATE,950989,425167,771,80,0,950135,1,2748,26966
7,22/08/2026 22:19,72,EVENT_STATE,954826,445553,816,100,0,953906,1,2748,26536
8,22/08/2026 22:35,72,EVENT_STATE,954996,459690,777,82,0,954133,1,2748,26912
9,22/08/2026 22:51,72,EVENT_STATE,953705,682202,803,84,0,952815,1,2747,26776
10,22/08/2026 23:07,72,EVENT_STATE,950686,545393,775,84,0,949824,1,2747,26717
11,22/08/2026 23:23,72,EVENT_STATE,946028,512913,780,78,0,945166,1,2747,26723
12,22/08/2026 23:39,72,EVENT_STATE,949320,497370,777,80,0,948460,1,2747,26924
13,22/08/2026 23:55,72,EVENT_STATE,951907,431732,777,79,0,951048,1,2744,26964
14,23/08/2026 00:10,72,EVENT_STATE,953835,577860,770,78,0,952983,1,2766,27038
15,23/08/2026 00:26,72,EVENT_STATE,951150,383414,796,114,0,950237,1,2748,26874
16,23/08/2026 00:42,72,EVENT_STATE,956868,464554,774,78,0,956013,1,2748,27273
17,23/08/2026 00:58,72,EVENT_STATE,944449,850553,843,92,0,943510,1,2747,26372
18,23/08/2026 01:14,72,EVENT_STATE,940457,634175,768,78,0,939608,1,2748,26665
19,23/08/2026 01:30,72,EVENT_STATE,953336,582943,773,81,0,952478,1,2748,26778
20,23/08/2026 01:45,72,EVENT_STATE,950489,611078,802,80,0,949604,1,2762,26714
21,23/08/2026 02:01,72,EVENT_STATE,949800,731206,772,80,0,948944,1,2747,26797
22,23/08/2026 02:17,72,EVENT_STATE,950699,468742,774,84,0,949838,1,2749,26938
23,23/08/2026 02:33,72,EVENT_STATE,934697,409117,776,78,0,933840,1,2748,26806
24,23/08/2026 02:49,72,EVENT_STATE,953315,383772,776,80,0,952456,1,2748,26909
25,23/08/2026 03:04,72,EVENT_STATE,951285,427686,770,80,0,950432,1,2749,26724
26,23/08/2026 03:20,72,EVENT_STATE,948207,667359,774,105,0,947325,1,2747,26916
27,23/08/2026 03:36,72,EVENT_STATE,939896,622793,785,106,0,939002,1,2767,26937
28,23/08/2026 03:51,72,EVENT_STATE,924134,584515,772,79,0,923280,1,2745,26727
29,23/08/2026 04:07,72,EVENT_STATE,942582,449345,774,81,0,941725,1,2744,26876
30,23/08/2026 04:23,72,EVENT_STATE,944688,494207,812,79,0,943794,1,2749,26761
31,23/08/2026 04:39,72,EVENT_STATE,947775,732451,773,81,0,946917,1,2747,26747
32,23/08/2026 04:54,72,EVENT_STATE,945776,409028,773,78,0,944921,1,2748,26846
33,23/08/2026 05:10,72,EVENT_STATE,926631,469496,783,99,0,925746,1,2747,26725
34,23/08/2026 05:26,72,EVENT_STATE,954381,516966,808,78,0,953492,1,2749,26772
35,23/08/2026 05:41,72,EVENT_STATE,946657,409182,776,78,0,945800,1,2747,26942
36,23/08/2026 05:57,72,EVENT_STATE,957984,488217,774,81,0,957125,1,2749,26865
37,23/08/2026 06:13,72,EVENT_STATE,941857,439809,774,90,0,940990,1,2749,26781
38,23/08/2026 06:29,72,EVENT_STATE,951579,549918,822,79,0,950675,1,2748,26795
39,23/08/2026 06:45,72,EVENT_STATE,949019,376719,776,81,0,948159,1,2750,27007
40,23/08/2026 07:01,72,EVENT_STATE,947728,610766,778,81,0,946865,1,2744,27057
41,23/08/2026 07:17,72,EVENT_STATE,958661,371235,772,79,0,957807,1,2749,26861
42,23/08/2026 07:32,72,EVENT_STATE,950109,411787,780,79,0,949247,1,2747,26992
43,23/08/2026 07:48,72,EVENT_STATE,949191,404985,776,82,0,948329,1,2749,26613
44,23/08/2026 08:04,72,EVENT_STATE,948616,423977,821,110,0,947681,1,2747,26923
45,23/08/2026 08:20,72,EVENT_STATE,935522,563017,780,83,0,934656,1,2748,26544
46,23/08/2026 08:36,72,EVENT_STATE,953428,799286,775,81,0,952569,1,2744,26845
47,23/08/2026 08:51,72,EVENT_STATE,943340,527953,839,97,0,942400,1,2748,26761
48,23/08/2026 09:07,72,EVENT_STATE,950251,693259,779,72,0,949397,1,2748,26615
49,23/08/2026 09:23,72,EVENT_STATE,945967,681265,766,77,0,945120,1,2729,26783
50,23/08/2026 09:39,72,EVENT_STATE,942730,494535,770,78,0,941877,2,2747,26637
51,23/08/2026 09:55,72,EVENT_STATE,952427,610304,780,79,0,951565,1,2749,26638
52,23/08/2026 10:10,72,EVENT_STATE,949833,397459,826,79,0,948924,1,2748,26903
53,23/08/2026 10:26,72,EVENT_STATE,946826,542405,802,110,0,945910,1,2748,26955
54,23/08/2026 10:42,72,EVENT_STATE,948530,538295,824,114,0,947589,1,2748,26614
55,23/08/2026 10:58,72,EVENT_STATE,954210,417215,773,80,0,953354,1,2749,26861
56,23/08/2026 11:14,72,EVENT_STATE,953391,403415,808,98,0,952481,1,2750,26914
57,23/08/2026 11:29,72,EVENT_STATE,943954,735113,777,79,0,943096,1,2765,26863
58,23/08/2026 11:45,72,EVENT_STATE,949879,395661,770,82,0,949024,1,2744,26601
59,23/08/2026 12:01,72,EVENT_STATE,949294,545322,773,95,0,948422,1,2747,26678
60,23/08/2026 12:17,72,EVENT_STATE,945381,490253,769,77,0,944532,1,2745,26823
61,23/08/2026 12:33,72,EVENT_STATE,947001,514644,768,80,0,946149,1,2749,26993
62,23/08/2026 12:48,72,EVENT_STATE,946038,674264,778,79,0,945177,1,2747,26694
63,23/08/2026 13:04,72,EVENT_STATE,956855,609799,777,84,0,955990,1,2747,26917
64,23/08/2026 13:20,72,EVENT_STATE,948284,818475,805,99,0,947377,1,2766,26574
65,23/08/2026 13:36,72,EVENT_STATE,949768,709275,777,79,0,948908,1,2747,26686
66,23/08/2026 13:52,72,EVENT_STATE,946648,700954,776,80,0,945788,1,2747,26813
67,23/08/2026 14:08,72,EVENT_STATE,954162,663097,780,78,0,953301,1,2766,26900
68,23/08/2026 14:24,72,EVENT_STATE,953463,669434,779,82,0,952599,1,2766,26694
69,23/08/2026 14:39,72,EVENT_STATE,934736,485494,813,97,0,933822,1,2748,26700
70,23/08/2026 14:55,72,EVENT_STATE,950235,637251,776,73,0,949383,1,2766,26703
71,23/08/2026 15:11,72,EVENT_STATE,946960,388500,784,81,0,946091,1,2744,26788
72,23/08/2026 15:27,72,EVENT_STATE,956262,440476,781,74,0,955404,1,2749,27057
73,23/08/2026 15:43,72,EVENT_STATE,943895,485739,803,80,0,943008,1,2747,26885
74,23/08/2026 15:58,72,EVENT_STATE,934983,409986,781,82,0,934117,1,2747,26897
75,23/08/2026 16:14,72,EVENT_STATE,934020,547521,772,81,0,933163,1,2748,26782
76,23/08/2026 16:29,72,EVENT_STATE,944673,470649,797,80,0,943793,1,2748,26806
77,23/08/2026 16:45,72,EVENT_STATE,938532,689249,773,80,0,937676,1,2733,26810
78,23/08/2026 17:01,72,EVENT_STATE,949614,509201,782,80,0,948749,1,2749,27050
79,23/08/2026 17:17,72,EVENT_STATE,951265,610463,788,89,0,950384,1,2748,26698
80,23/08/2026 17:32,72,EVENT_STATE,940506,440162,776,71,0,939656,1,2745,26826
81,23/08/2026 17:48,72,EVENT_STATE,950080,527208,806,100,0,949171,1,2748,26717
82,23/08/2026 18:04,72,EVENT_STATE,949747,600934,840,99,0,948805,1,2749,26627
83,23/08/2026 18:20,72,EVENT_STATE,942560,644342,803,100,0,941654,1,2747,26750
84,23/08/2026 18:36,72,EVENT_STATE,945209,466340,780,78,0,944348,1,2744,26619
85,23/08/2026 18:51,72,EVENT_STATE,941170,670292,783,98,0,940286,1,2729,26940
86,23/08/2026 19:07,72,EVENT_STATE,954921,390320,778,78,0,954061,1,2747,27015
87,23/08/2026 19:23,72,EVENT_STATE,945811,648694,809,81,0,944918,1,2747,26875
88,23/08/2026 19:39,72,EVENT_STATE,953360,419161,779,73,0,952504,1,2748,26681
89,23/08/2026 19:55,72,EVENT_STATE,944325,390156,783,80,0,943458,1,2748,26893
90,23/08/2026 20:11,72,EVENT_STATE,953492,402122,776,80,0,952632,1,2748,26752
91,23/08/2026 20:26,72,EVENT_STATE,947671,526489,776,81,0,946811,1,2748,26792
92,23/08/2026 20:42,72,EVENT_STATE,947915,772766,786,80,0,947045,1,2744,26892
93,23/08/2026 20:58,72,EVENT_STATE,945405,795483,780,78,0,944543,1,2767,26813
94,23/08/2026 21:14,72,EVENT_STATE,946493,595488,771,90,0,945628,1,2747,26934
95,23/08/2026 21:30,72,EVENT_STATE,957881,463211,771,79,0,957027,1,2748,26976
96,23/08/2026 21:45,72,EVENT_STATE,951059,739060,767,82,0,950208,1,2766,27131
97,23/08/2026 22:01,72,EVENT_STATE,955468,737032,772,78,0,954614,2,2728,26893
98,23/08/2026 22:17,72,EVENT_STATE,935700,418167,769,92,0,934835,1,2748,26725
99,23/08/2026 22:33,72,EVENT_STATE,949080,395774,759,80,0,948238,1,2748,26644
100,23/08/2026 22:49,72,EVENT_STATE,954775,599421,779,80,0,953914,1,2747,26912
101,23/08/2026 23:05,72,EVENT_STATE,949755,613316,777,80,0,948894,1,2748,26838
102,23/08/2026 23:20,72,EVENT_STATE,946086,438713,809,105,0,945168,1,2749,26887
103,23/08/2026 23:36,72,EVENT_STATE,939153,412300,803,92,0,938255,1,2745,26779
104,23/08/2026 23:52,72,EVENT_STATE,952447,700098,776,80,0,951588,1,2766,26957
105,24/08/2026 00:08,72,EVENT_STATE,939124,394499,778,82,0,938260,1,2748,26958
106,24/08/2026 00:24,72,EVENT_STATE,960148,703811,799,82,0,959264,1,2747,26835
107,24/08/2026 00:39,72,EVENT_STATE,951539,427252,779,81,0,950675,1,2748,26646
108,24/08/2026 00:55,72,EVENT_STATE,948266,583742,774,79,0,947410,1,2747,26897
109,24/08/2026 01:11,72,EVENT_STATE,932125,710045,779,81,0,931262,1,2744,26845
110,24/08/2026 01:27,72,EVENT_STATE,951489,406932,780,81,0,950624,1,2745,26821
111,24/08/2026 01:42,72,EVENT_STATE,946607,503030,775,79,0,945750,1,2750,26691
112,24/08/2026 01:58,72,EVENT_STATE,955313,549676,774,78,0,954458,1,2748,26422
113,24/08/2026 02:14,72,EVENT_STATE,943160,453845,822,83,0,942252,1,2748,26983
114,24/08/2026 02:30,72,EVENT_STATE,946994,635860,772,83,0,946135,1,2748,26636
115,24/08/2026 02:46,72,EVENT_STATE,939829,457108,770,79,0,938976,1,2747,26800
116,24/08/2026 03:01,72,EVENT_STATE,949666,617086,780,79,0,948804,1,2767,26801
117,24/08/2026 03:17,72,EVENT_STATE,942134,364064,767,80,0,941284,1,2749,26941
118,24/08/2026 03:33,72,EVENT_STATE,935122,610229,830,81,0,934208,2,2748,26847
119,24/08/2026 03:48,72,EVENT_STATE,947463,355010,774,81,0,946604,1,2745,26751
120,24/08/2026 04:04,72,EVENT_STATE,952957,657767,770,72,0,952112,1,2747,26940
121,24/08/2026 04:20,72,EVENT_STATE,948017,745615,805,79,0,947130,1,2747,26971
122,24/08/2026 04:36,72,EVENT_STATE,946085,416480,773,79,0,945229,1,2748,26810
123,24/08/2026 04:52,72,EVENT_STATE,948865,395618,790,99,0,947973,1,2748,26876
124,24/08/2026 05:07,72,EVENT_STATE,939108,523327,771,73,0,938260,1,2747,26708
125,24/08/2026 05:23,72,EVENT_STATE,951353,569573,773,73,0,950503,1,2746,26749
126,24/08/2026 05:39,72,EVENT_STATE,948157,684741,857,102,0,947195,1,2747,26619
127,24/08/2026 05:55,72,EVENT_STATE,941147,465951,770,78,0,940295,1,2749,26669
128,24/08/2026 06:11,72,EVENT_STATE,948543,449179,814,101,0,947624,1,2747,26780
129,24/08/2026 06:26,72,EVENT_STATE,943856,563054,778,74,0,943001,1,2749,26634
130,24/08/2026 06:42,72,EVENT_STATE,948214,467337,770,79,0,947362,1,2748,26974
131,24/08/2026 06:58,72,EVENT_STATE,949931,378684,779,78,0,949071,2,2748,27064
132,24/08/2026 07:14,72,EVENT_STATE,941284,599544,777,80,0,940423,1,2747,27003
133,24/08/2026 07:29,72,EVENT_STATE,948569,391082,772,78,0,947716,1,2745,26990
134,24/08/2026 07:45,72,EVENT_STATE,941093,366595,775,77,0,940237,1,2749,27013
135,24/08/2026 08:01,72,EVENT_STATE,946587,762674,795,93,0,945696,1,2747,26804
136,24/08/2026 08:17,72,EVENT_STATE,940340,768148,773,81,0,939483,1,2747,26772
137,24/08/2026 08:32,72,EVENT_STATE,946127,404013,772,82,0,945270,1,2749,26893
138,24/08/2026 08:48,72,EVENT_STATE,946497,499201,793,106,0,945594,1,2746,26820
139,24/08/2026 09:04,72,EVENT_STATE,927916,446153,829,80,0,927004,1,2749,26894
140,24/08/2026 09:19,72,EVENT_STATE,950982,431461,776,79,0,950123,1,2748,26607
141,24/08/2026 09:35,72,EVENT_STATE,950971,467593,779,79,0,950109,1,2749,26825
142,24/08/2026 09:51,72,EVENT_STATE,950659,448416,772,81,0,949803,1,2750,26686
143,24/08/2026 10:07,72,EVENT_STATE,951816,567830,776,81,0,950955,1,2748,26699
144,24/08/2026 10:23,72,EVENT_STATE,950423,603454,782,97,0,949541,1,2747,26706
145,24/08/2026 10:39,72,EVENT_STATE,954231,640101,808,103,0,953317,1,2762,26629
146,24/08/2026 10:54,72,EVENT_STATE,930977,440851,801,88,0,930083,2,2748,26789
147,24/08/2026 11:10,72,EVENT_STATE,949804,394932,761,73,0,948967,1,2745,26808
148,24/08/2026 11:26,72,EVENT_STATE,937726,384122,776,81,0,936866,1,2749,26648
149,24/08/2026 11:42,72,EVENT_STATE,949851,390676,772,79,0,948997,1,2748,26767
150,24/08/2026 11:57,72,EVENT_STATE,953286,430700,840,89,0,952353,1,2748,26726
151,24/08/2026 12:13,72,EVENT_STATE,954447,478997,781,99,0,953564,1,2748,26722
152,24/08/2026 12:29,72,EVENT_STATE,943203,703820,778,77,0,942344,1,2748,26640
153,24/08/2026 12:45,72,EVENT_STATE,940204,391785,778,79,0,939344,1,2745,26607
154,24/08/2026 13:01,72,EVENT_STATE,952862,689793,784,81,0,951994,1,2766,26705
155,24/08/2026 13:17,72,EVENT_STATE,949221,378589,773,80,0,948365,1,2749,26711
156,24/08/2026 13:32,72,EVENT_STATE,943036,762136,782,78,0,942173,1,2766,26777
157,24/08/2026 13:48,72,EVENT_STATE,957005,723095,777,81,0,956143,1,2766,26733
158,24/08/2026 14:04,72,EVENT_STATE,944335,491000,823,81,0,943427,1,2748,27029
159,24/08/2026 14:20,72,EVENT_STATE,947764,526057,775,78,0,946908,1,2747,26990
160,24/08/2026 14:36,72,EVENT_STATE,950795,546686,768,79,0,949945,1,2748,26693
161,24/08/2026 14:51,72,EVENT_STATE,933409,488362,771,82,0,932552,1,2748,26919
162,24/08/2026 15:07,72,EVENT_STATE,943514,652463,778,79,0,942654,1,2767,26968
163,24/08/2026 15:23,72,EVENT_STATE,951032,413041,781,104,0,950144,1,2747,26716
164,24/08/2026 15:38,72,EVENT_STATE,935451,392543,776,78,0,934594,1,2748,27070
165,24/08/2026 15:54,72,EVENT_STATE,949928,613259,777,78,0,949070,1,2748,26686
166,24/08/2026 16:10,72,EVENT_STATE,947617,656803,820,100,0,946693,1,2739,27263
167,24/08/2026 16:26,72,EVENT_STATE,949416,652550,777,73,0,948562,1,2747,26925
168,24/08/2026 16:42,72,EVENT_STATE,954680,408891,776,82,0,953818,1,2747,26838
169,24/08/2026 16:57,72,EVENT_STATE,947529,411267,777,81,0,946667,1,2748,26672
170,24/08/2026 17:13,72,EVENT_STATE,949207,425191,776,81,0,948347,1,2749,26945
171,24/08/2026 17:29,72,EVENT_STATE,953993,614126,774,79,0,953137,1,2767,27092
172,24/08/2026 17:45,72,EVENT_STATE,947032,732780,813,94,0,946121,1,2767,27480
173,24/08/2026 18:01,72,EVENT_STATE,947541,711575,768,71,0,946698,1,2747,26754
174,24/08/2026 18:16,72,EVENT_STATE,936377,446790,779,81,0,935514,1,2748,26902
175,24/08/2026 18:32,72,EVENT_STATE,936862,762268,776,101,0,935981,1,2733,26642
176,24/08/2026 18:48,72,EVENT_STATE,945678,370506,783,78,0,944814,1,2746,26888
177,24/08/2026 19:04,72,EVENT_STATE,950643,473114,778,80,0,949782,1,2749,26742
178,24/08/2026 19:20,72,EVENT_STATE,953670,712051,776,81,0,952809,1,2747,26801
179,24/08/2026 19:35,72,EVENT_STATE,953469,595703,778,81,0,952607,1,2767,26859
180,24/08/2026 19:51,72,EVENT_STATE,943229,475328,780,78,0,942368,1,2749,26785
181,24/08/2026 20:07,72,EVENT_STATE,946712,618050,779,89,0,945841,1,2747,26813
182,24/08/2026 20:23,72,EVENT_STATE,956851,407938,779,81,0,955989,1,2748,27005
183,24/08/2026 20:38,72,EVENT_STATE,934669,781193,777,79,0,933809,1,2747,26761
184,24/08/2026 20:54,72,EVENT_STATE,941127,636172,789,81,0,940253,1,2747,26858
185,24/08/2026 21:10,72,EVENT_STATE,945829,553119,777,78,0,944972,1,2748,27034
186,24/08/2026 21:26,72,EVENT_STATE,954378,472820,778,78,0,953518,1,2748,26874
187,24/08/2026 21:42,72,EVENT_STATE,948535,382059,778,79,0,947675,1,2748,26951
188,24/08/2026 21:58,72,EVENT_STATE,952863,511335,830,101,1,951928,1,2748,26932
189,24/08/2026 22:13,72,EVENT_STATE,953571,659634,873,78,0,952617,1,2747,26868
190,24/08/2026 22:29,72,EVENT_STATE,935299,466797,778,80,0,934437,1,2749,26860
191,24/08/2026 22:45,72,EVENT_STATE,930900,651044,788,97,0,930011,1,2767,26839
192,24/08/2026 23:00,72,EVENT_STATE,947805,418332,775,71,0,946956,1,2748,26806
193,24/08/2026 23:16,72,EVENT_STATE,963485,629465,775,81,0,962625,1,2747,26736
194,24/08/2026 23:32,72,EVENT_STATE,950005,383241,780,71,0,949151,1,2748,26909
195,24/08/2026 23:48,72,EVENT_STATE,944410,592041,780,78,0,943548,1,2766,27006
196,25/08/2026 00:04,72,EVENT_STATE,956360,495314,776,81,0,955500,1,2747,26723
197,25/08/2026 00:20,72,EVENT_STATE,957064,358467,773,78,0,956210,1,2748,26763
198,25/08/2026 00:36,72,EVENT_STATE,949423,497922,795,78,0,948546,1,2749,26736
199,25/08/2026 00:52,72,EVENT_STATE,955979,416438,838,105,0,955033,1,2747,26942
200,25/08/2026 01:07,72,EVENT_STATE,929055,743749,778,81,0,928193,1,2739,26518
1,26/08/2026 16:59,9,ENTITY,1716,85645,773,33,0,907,1,1,21
2,26/08/2026 16:59,9,ENTITY,1723,88270,779,32,0,909,1,1,21
3,26/08/2026 17:00,9,ENTITY,1865,88331,844,45,0,974,1,1,16
4,26/08/2026 17:00,9,ENTITY,1705,88335,770,35,0,896,1,1,17
5,26/08/2026 17:00,9,ENTITY,1794,88349,781,33,0,975,2,1,22
6,26/08/2026 17:00,9,ENTITY,1745,85609,768,33,0,941,1,1,16
7,26/08/2026 17:00,9,ENTITY,1721,88253,770,35,0,913,1,1,16
8,26/08/2026 17:00,9,ENTITY,1762,81319,775,35,0,949,1,1,17
9,26/08/2026 17:00,9,ENTITY,1703,85699,767,34,0,899,1,1,18
10,26/08/2026 17:00,9,ENTITY,1726,83104,781,32,0,909,1,1,18
11,26/08/2026 17:00,9,ENTITY,1712,83048,772,35,0,902,1,1,20
12,26/08/2026 17:00,9,ENTITY,1786,85734,832,42,0,909,1,1,19
13,26/08/2026 17:00,9,ENTITY,1712,88929,771,32,0,905,1,1,22
14,26/08/2026 17:00,9,ENTITY,1707,83034,769,34,0,900,1,1,17
15,26/08/2026 17:00,9,ENTITY,1724,85727,770,34,0,916,1,1,19
16,26/08/2026 17:00,9,ENTITY,1722,85754,775,32,0,911,1,1,16
17,26/08/2026 17:00,9,ENTITY,1724,85743,790,33,0,898,1,1,21
18,26/08/2026 17:00,9,ENTITY,1801,89045,772,48,0,978,1,1,16
19,26/08/2026 17:00,9,ENTITY,1817,85678,806,51,0,956,1,1,20
20,26/08/2026 17:00,9,ENTITY,1705,85735,771,32,0,898,2,1,18
21,26/08/2026 17:00,9,ENTITY,1739,88308,783,33,0,919,1,1,20
22,26/08/2026 17:00,9,ENTITY,1757,85663,779,33,0,941,1,1,16
23,26/08/2026 17:00,9,ENTITY,1712,88376,772,34,0,902,1,1,19
24,26/08/2026 17:00,9,ENTITY,1763,85670,770,32,0,958,1,1,20
25,26/08/2026 17:00,9,ENTITY,1707,85770,773,34,0,896,1,1,19
26,26/08/2026 17:00,9,ENTITY,1706,88328,767,34,0,901,1,1,19
27,26/08/2026 17:00,9,ENTITY,1802,85699,834,44,0,920,1,1,16
28,26/08/2026 17:00,9,ENTITY,1793,85603,770,35,0,985,1,1,21
29,26/08/2026 17:00,9,ENTITY,1714,88328,775,33,0,903,1,1,16
30,26/08/2026 17:00,9,ENTITY,1772,88271,784,45,0,940,1,1,21
31,26/08/2026 17:00,9,ENTITY,1755,88281,776,32,0,943,1,1,17
32,26/08/2026 17:00,9,ENTITY,1715,88352,777,35,0,900,1,1,18
33,26/08/2026 17:00,9,ENTITY,1838,83031,851,47,0,937,1,1,19
34,26/08/2026 17:01,9,ENTITY,1718,88328,773,32,0,909,1,1,21
35,26/08/2026 17:01,9,ENTITY,1765,85675,769,35,0,957,2,1,16
36,26/08/2026 17:01,9,ENTITY,1710,85654,775,32,0,899,1,1,17
37,26/08/2026 17:01,9,ENTITY,1736,85666,770,35,0,928,1,1,17
38,26/08/2026 17:01,9,ENTITY,1756,88292,772,35,0,945,1,1,17
39,26/08/2026 17:01,9,ENTITY,1736,85831,767,33,0,933,1,1,17
40,26/08/2026 17:01,9,ENTITY,1736,83073,767,35,0,930,1,1,16
41,26/08/2026 17:01,9,ENTITY,1751,85622,777,33,0,937,1,1,19
42,26/08/2026 17:01,9,ENTITY,1705,88315,772,33,0,897,1,1,15
43,26/08/2026 17:01,9,ENTITY,1825,85593,812,40,0,970,1,1,21
44,26/08/2026 17:01,9,ENTITY,1711,88263,773,35,0,900,1,1,17
45,26/08/2026 17:01,9,ENTITY,1706,85675,768,35,0,900,1,1,19
46,26/08/2026 17:01,9,ENTITY,1733,85701,793,35,0,902,1,1,19
47,26/08/2026 17:01,9,ENTITY,1755,85698,808,37,0,907,1,1,17
48,26/08/2026 17:01,9,ENTITY,1720,85691,779,32,1,904,1,1,18
49,26/08/2026 17:01,9,ENTITY,1768,85663,783,40,0,941,1,1,17
50,26/08/2026 17:01,9,ENTITY,1774,88361,800,44,0,927,1,1,22
51,26/08/2026 17:01,9,ENTITY,1795,85632,785,44,0,963,1,1,25
52,26/08/2026 17:01,9,ENTITY,1734,88361,775,35,0,921,1,1,22
53,26/08/2026 17:01,9,ENTITY,1724,80656,779,32,0,909,1,1,23
54,26/08/2026 17:01,9,ENTITY,1771,85653,811,33,0,923,1,1,16
55,26/08/2026 17:01,9,ENTITY,1719,85644,780,34,0,902,1,1,22
56,26/08/2026 17:01,9,ENTITY,1841,85746,813,46,0,978,1,1,16
57,26/08/2026 17:01,9,ENTITY,1819,85735,812,39,0,965,1,1,19
58,26/08/2026 17:01,9,ENTITY,1787,88294,780,32,0,971,1,1,22
59,26/08/2026 17:01,9,ENTITY,1740,85757,776,32,0,929,1,1,20
60,26/08/2026 17:01,9,ENTITY,1803,88360,807,45,0,948,1,1,19
61,26/08/2026 17:01,9,ENTITY,1927,85678,840,47,0,1037,1,1,23
62,26/08/2026 17:01,9,ENTITY,1726,85745,776,32,0,914,1,1,19
63,26/08/2026 17:01,9,ENTITY,1782,85704,789,40,0,950,1,1,21
64,26/08/2026 17:02,9,ENTITY,1769,83063,773,34,0,958,1,1,19
65,26/08/2026 17:02,9,ENTITY,1758,88332,782,34,0,939,1,1,18
66,26/08/2026 17:02,9,ENTITY,1729,83114,771,35,0,920,1,1,19
67,26/08/2026 17:02,9,ENTITY,1668,85743,753,30,0,881,1,1,17
68,26/08/2026 17:02,9,ENTITY,1714,88293,775,33,0,903,1,1,17
69,26/08/2026 17:02,9,ENTITY,1725,85634,786,35,0,901,1,1,18
70,26/08/2026 17:02,9,ENTITY,1768,85671,790,33,0,941,1,1,20
71,26/08/2026 17:02,9,ENTITY,1781,83144,777,34,0,967,1,1,17
72,26/08/2026 17:02,9,ENTITY,1738,85700,780,36,0,919,1,1,19
73,26/08/2026 17:02,9,ENTITY,1799,88997,769,32,0,994,1,1,23
74,26/08/2026 17:02,9,ENTITY,1730,88320,769,34,0,923,1,1,23
75,26/08/2026 17:02,9,ENTITY,1710,88318,771,32,0,903,1,1,26
76,26/08/2026 17:02,9,ENTITY,1732,80670,766,33,0,929,1,1,19
77,26/08/2026 17:02,9,ENTITY,1745,85734,781,34,0,926,1,1,20
78,26/08/2026 17:02,9,ENTITY,1705,88300,770,35,0,896,1,1,16
79,26/08/2026 17:02,9,ENTITY,1749,88271,771,32,0,943,1,1,19
80,26/08/2026 17:02,9,ENTITY,1713,88243,767,35,0,907,1,1,20
81,26/08/2026 17:02,9,ENTITY,1746,88321,765,35,0,944,1,1,21
82,26/08/2026 17:02,9,ENTITY,1700,88282,770,33,0,894,1,1,17
83,26/08/2026 17:02,9,ENTITY,1706,85662,780,32,0,890,1,1,17
84,26/08/2026 17:02,9,ENTITY,1713,85677,775,33,0,902,1,1,16
85,26/08/2026 17:02,9,ENTITY,1714,86377,777,33,0,900,1,1,21
86,26/08/2026 17:02,9,ENTITY,1770,85654,775,35,0,956,1,1,16
87,26/08/2026 17:02,9,ENTITY,1750,85670,801,50,0,896,1,1,15
88,26/08/2026 17:02,9,ENTITY,1714,88326,770,35,0,905,1,1,16
89,26/08/2026 17:02,9,ENTITY,1712,86368,771,34,0,904,1,1,20
90,26/08/2026 17:02,9,ENTITY,1715,85775,769,33,0,910,1,1,20
91,26/08/2026 17:02,9,ENTITY,1754,83050,808,44,0,899,1,1,19
92,26/08/2026 17:02,9,ENTITY,1776,88333,781,32,0,960,1,1,21
93,26/08/2026 17:02,9,ENTITY,1704,83106,772,34,0,894,1,1,21
94,26/08/2026 17:02,9,ENTITY,1727,88316,776,33,0,915,1,1,18
95,26/08/2026 17:03,9,ENTITY,1719,88258,778,34,0,904,1,1,22
96,26/08/2026 17:03,9,ENTITY,1710,85690,771,34,0,901,1,1,18
97,26/08/2026 17:03,9,ENTITY,1772,88254,808,32,0,928,1,1,16
98,26/08/2026 17:03,9,ENTITY,1756,88319,779,33,0,940,1,1,19
99,26/08/2026 17:03,9,ENTITY,1752,85737,774,36,0,938,1,1,20
100,26/08/2026 17:03,9,ENTITY,1741,88365,789,34,0,914,2,1,19
101,26/08/2026 17:03,9,ENTITY,1701,85711,768,32,0,898,1,1,16
102,26/08/2026 17:03,9,ENTITY,1714,85692,775,35,0,902,1,1,21
103,26/08/2026 17:03,9,ENTITY,1707,85686,770,33,0,900,1,1,16
104,26/08/2026 17:03,9,ENTITY,1800,83758,770,41,0,987,1,1,21
105,26/08/2026 17:03,9,ENTITY,1763,85725,800,34,0,925,1,1,18
106,26/08/2026 17:03,9,ENTITY,1732,85714,768,35,0,925,1,1,16
107,26/08/2026 17:03,9,ENTITY,1714,85713,770,36,0,904,1,1,16
108,26/08/2026 17:03,9,ENTITY,1710,85790,773,35,0,899,1,1,21
109,26/08/2026 17:03,9,ENTITY,1796,85686,825,43,0,924,1,1,21
110,26/08/2026 17:03,9,ENTITY,1728,88362,776,33,0,916,1,1,18
111,26/08/2026 17:03,9,ENTITY,1731,85707,771,33,0,924,1,1,19
112,26/08/2026 17:03,9,ENTITY,1728,85714,775,35,0,915,1,1,20
113,26/08/2026 17:03,9,ENTITY,1765,88346,806,33,0,923,1,1,22
114,26/08/2026 17:03,9,ENTITY,1761,82985,790,36,0,932,1,1,20
115,26/08/2026 17:03,9,ENTITY,1803,88311,796,44,0,959,1,1,17
116,26/08/2026 17:03,9,ENTITY,1739,82985,764,31,0,940,1,1,18
117,26/08/2026 17:03,9,ENTITY,1790,82991,780,35,0,971,1,1,23
118,26/08/2026 17:03,9,ENTITY,1822,89057,805,39,0,974,1,1,17
119,26/08/2026 17:03,9,ENTITY,1712,85793,775,33,0,901,1,1,23
120,26/08/2026 17:03,9,ENTITY,1716,85671,770,33,0,910,1,1,22
121,26/08/2026 17:03,9,ENTITY,1739,88985,785,35,0,915,1,1,17
122,26/08/2026 17:03,9,ENTITY,1736,85744,773,34,0,926,1,1,20
123,26/08/2026 17:03,9,ENTITY,1706,88310,768,32,0,902,1,1,16
124,26/08/2026 17:03,9,ENTITY,1699,88340,770,34,0,892,1,1,21
125,26/08/2026 17:03,9,ENTITY,1736,85682,769,32,0,931,1,1,16
126,26/08/2026 17:04,9,ENTITY,1870,88283,814,35,0,1018,1,1,24
127,26/08/2026 17:04,9,ENTITY,1717,85759,782,35,0,897,1,1,15
128,26/08/2026 17:04,9,ENTITY,1760,88294,773,32,0,951,1,1,20
129,26/08/2026 17:04,9,ENTITY,1716,83037,774,35,0,904,1,1,16
130,26/08/2026 17:04,9,ENTITY,1793,88375,834,34,0,921,1,1,19
131,26/08/2026 17:04,9,ENTITY,1741,86334,769,34,0,934,2,1,21
132,26/08/2026 17:04,9,ENTITY,1824,85687,773,40,0,1008,1,1,22
133,26/08/2026 17:04,9,ENTITY,1733,85560,780,35,0,914,1,1,20
134,26/08/2026 17:04,9,ENTITY,1726,85749,783,33,0,906,1,1,20
135,26/08/2026 17:04,9,ENTITY,1721,85672,782,34,0,901,1,1,18
136,26/08/2026 17:04,9,ENTITY,1703,85686,768,33,0,898,1,1,19
137,26/08/2026 17:04,9,ENTITY,1714,82959,770,35,0,905,2,1,19
138,26/08/2026 17:04,9,ENTITY,1703,88259,773,33,0,894,1,1,19
139,26/08/2026 17:04,9,ENTITY,1771,89004,834,35,0,899,1,1,20
140,26/08/2026 17:04,9,ENTITY,1885,83076,821,43,0,1017,1,1,16
141,26/08/2026 17:04,9,ENTITY,1736,85732,789,33,0,910,1,1,16
142,26/08/2026 17:04,9,ENTITY,1744,85666,790,35,0,915,1,1,24
143,26/08/2026 17:04,9,ENTITY,1712,85713,767,32,0,909,1,1,22
144,26/08/2026 17:04,9,ENTITY,1729,88310,783,31,0,911,1,1,19
145,26/08/2026 17:04,9,ENTITY,1808,85680,814,39,0,951,1,1,17
146,26/08/2026 17:04,9,ENTITY,1728,85727,786,32,0,906,1,1,17
147,26/08/2026 17:04,9,ENTITY,1737,88397,803,32,0,899,1,1,18
148,26/08/2026 17:04,9,ENTITY,1708,83372,768,33,0,903,1,1,18
149,26/08/2026 17:04,9,ENTITY,1737,88360,780,33,0,921,1,1,16
150,26/08/2026 17:04,9,ENTITY,1862,85678,828,40,0,991,1,1,19
151,26/08/2026 17:04,9,ENTITY,1754,85755,799,34,0,918,1,1,25
152,26/08/2026 17:04,9,ENTITY,1803,88335,820,44,0,936,1,1,17
153,26/08/2026 17:04,9,ENTITY,1815,85750,772,34,0,1005,1,1,19
154,26/08/2026 17:04,9,ENTITY,1726,88357,779,37,0,906,2,1,16
155,26/08/2026 17:04,9,ENTITY,1717,85577,779,32,0,902,1,1,17
156,26/08/2026 17:04,9,ENTITY,1698,80718,774,33,0,888,1,1,17
157,26/08/2026 17:05,9,ENTITY,1738,83112,778,35,0,921,1,1,17
158,26/08/2026 17:05,9,ENTITY,1854,88255,824,47,0,980,1,1,19
159,26/08/2026 17:05,9,ENTITY,1766,88265,774,45,0,944,1,1,16
160,26/08/2026 17:05,9,ENTITY,1735,83064,770,34,0,926,1,1,23
161,26/08/2026 17:05,9,ENTITY,1769,88286,776,35,0,954,1,1,20
162,26/08/2026 17:05,9,ENTITY,1710,85702,771,34,0,901,1,1,18
163,26/08/2026 17:05,9,ENTITY,1797,88284,834,43,0,916,1,1,19
164,26/08/2026 17:05,9,ENTITY,1713,88300,773,35,0,902,1,1,21
165,26/08/2026 17:05,9,ENTITY,1712,88282,775,33,0,901,1,1,23
166,26/08/2026 17:05,9,ENTITY,1764,85780,785,35,0,941,1,1,20
167,26/08/2026 17:05,9,ENTITY,1759,88294,769,34,0,953,1,1,20
168,26/08/2026 17:05,9,ENTITY,1804,85636,782,35,0,983,1,1,15
169,26/08/2026 17:05,9,ENTITY,1877,88331,850,45,0,979,1,1,18
170,26/08/2026 17:05,9,ENTITY,1817,84516,830,51,0,931,1,1,25
171,26/08/2026 17:05,9,ENTITY,1844,85779,829,38,0,973,1,1,19
172,26/08/2026 17:05,9,ENTITY,1755,85719,773,35,0,944,1,1,19
173,26/08/2026 17:05,9,ENTITY,1769,86323,815,44,0,906,1,1,19
174,26/08/2026 17:05,9,ENTITY,1865,83122,821,45,0,995,1,1,19
175,26/08/2026 17:05,9,ENTITY,1802,83027,777,35,0,987,1,1,15
176,26/08/2026 17:05,9,ENTITY,1728,85766,773,35,0,916,1,1,22
177,26/08/2026 17:05,9,ENTITY,1830,85739,845,39,0,943,1,1,18
178,26/08/2026 17:05,9,ENTITY,1795,85705,824,38,0,930,1,1,21
179,26/08/2026 17:05,9,ENTITY,1706,88268,775,32,0,895,1,1,18
180,26/08/2026 17:05,9,ENTITY,1797,86457,826,39,0,928,1,1,20
181,26/08/2026 17:05,9,ENTITY,1793,80705,828,50,0,910,1,1,24
182,26/08/2026 17:05,9,ENTITY,1826,82990,811,41,0,970,1,1,21
183,26/08/2026 17:05,9,ENTITY,1708,88420,772,33,0,900,1,1,19
184,26/08/2026 17:05,9,ENTITY,1790,85802,825,40,0,921,1,1,17
185,26/08/2026 17:05,9,ENTITY,1789,85644,782,35,0,968,1,1,20
186,26/08/2026 17:05,9,ENTITY,1772,85678,775,35,0,959,1,1,19
187,26/08/2026 17:06,9,ENTITY,1721,85614,788,33,0,896,1,1,17
188,26/08/2026 17:06,9,ENTITY,1778,88340,777,35,0,963,1,1,21
189,26/08/2026 17:06,9,ENTITY,1707,85675,772,32,0,899,1,1,16
190,26/08/2026 17:06,9,ENTITY,1715,86417,782,35,0,895,1,1,20
191,26/08/2026 17:06,9,ENTITY,1719,85829,777,34,0,903,1,1,19
192,26/08/2026 17:06,9,ENTITY,1780,85682,782,34,0,961,1,1,16
193,26/08/2026 17:06,9,ENTITY,1732,83126,767,34,1,927,1,1,22
194,26/08/2026 17:06,9,ENTITY,1755,85725,772,33,0,946,1,1,16
195,26/08/2026 17:06,9,ENTITY,1758,86366,776,35,0,943,2,1,17
196,26/08/2026 17:06,9,ENTITY,1734,86404,793,33,0,904,1,1,19
197,26/08/2026 17:06,9,ENTITY,1751,89008,805,35,0,907,1,1,20
198,26/08/2026 17:06,9,ENTITY,1789,88366,824,36,0,926,1,1,18
199,26/08/2026 17:06,9,ENTITY,1727,85666,780,35,0,908,1,1,20
200,26/08/2026 17:06,9,ENTITY,1709,88946,775,35,0,896,1,1,15
1,26/08/2026 17:06,18,ENTITY,2759,70977,775,41,0,1940,2,4,58
2,26/08/2026 17:06,18,ENTITY,2753,75987,780,42,0,1927,1,4,62
3,26/08/2026 17:06,18,ENTITY,2767,71007,779,43,0,1942,1,4,67
4,26/08/2026 17:06,18,ENTITY,2814,71172,840,43,0,1929,1,4,67
5,26/08/2026 17:06,18,ENTITY,2780,76191,779,43,0,1954,1,4,63
6,26/08/2026 17:06,18,ENTITY,2782,70916,775,45,0,1958,2,4,62
7,26/08/2026 17:06,18,ENTITY,2912,75849,857,52,0,1999,2,4,62
8,26/08/2026 17:06,18,ENTITY,2755,75927,777,41,0,1934,2,4,59
9,26/08/2026 17:06,18,ENTITY,2874,71453,776,43,0,2052,1,4,61
10,26/08/2026 17:07,18,ENTITY,2758,76102,779,41,0,1934,1,4,66
11,26/08/2026 17:07,18,ENTITY,2759,75835,776,41,0,1938,2,4,59
12,26/08/2026 17:07,18,ENTITY,2757,75825,775,42,0,1936,1,4,63
13,26/08/2026 17:07,18,ENTITY,2793,71047,776,41,0,1973,1,4,62
14,26/08/2026 17:07,18,ENTITY,2797,75738,785,44,0,1964,1,4,61
15,26/08/2026 17:07,18,ENTITY,2768,75829,791,44,0,1930,1,4,58
16,26/08/2026 17:07,18,ENTITY,2747,65829,773,41,0,1930,1,4,66
17,26/08/2026 17:07,18,ENTITY,2773,76007,775,43,0,1952,1,4,67
18,26/08/2026 17:07,18,ENTITY,2845,71140,829,49,0,1963,1,4,63
19,26/08/2026 17:07,18,ENTITY,2784,71014,782,40,0,1958,2,4,61
20,26/08/2026 17:07,18,ENTITY,2776,76093,775,43,0,1954,1,4,66
21,26/08/2026 17:07,18,ENTITY,2770,70727,779,44,0,1943,1,4,64
22,26/08/2026 17:07,18,ENTITY,2784,75870,772,41,0,1968,1,4,65
23,26/08/2026 17:07,18,ENTITY,2760,71016,773,41,0,1942,2,4,64
24,26/08/2026 17:07,18,ENTITY,2817,75865,778,42,0,1994,1,4,63
25,26/08/2026 17:07,18,ENTITY,2878,70954,803,51,0,2020,2,4,63
26,26/08/2026 17:07,18,ENTITY,2807,75857,775,41,0,1987,1,4,65
27,26/08/2026 17:07,18,ENTITY,2805,71156,780,44,0,1977,1,4,66
28,26/08/2026 17:07,18,ENTITY,2822,70803,812,41,0,1965,1,4,65
29,26/08/2026 17:07,18,ENTITY,2746,75851,771,41,0,1930,2,4,56
30,26/08/2026 17:07,18,ENTITY,2778,75949,770,44,0,1961,2,4,63
31,26/08/2026 17:08,18,ENTITY,2812,76072,844,44,0,1920,2,4,64
32,26/08/2026 17:08,18,ENTITY,2742,75857,772,41,0,1926,1,4,53
33,26/08/2026 17:08,18,ENTITY,2740,70925,768,41,0,1928,1,4,67
34,26/08/2026 17:08,18,ENTITY,2820,70985,842,43,0,1932,1,4,62
35,26/08/2026 17:08,18,ENTITY,2787,76021,772,44,0,1967,2,4,55
36,26/08/2026 17:08,18,ENTITY,2738,76032,769,41,0,1924,1,4,61
37,26/08/2026 17:08,18,ENTITY,2904,75865,801,64,0,2035,1,4,59
38,26/08/2026 17:08,18,ENTITY,2801,70849,773,41,0,1983,1,4,54
39,26/08/2026 17:08,18,ENTITY,2731,71251,771,43,0,1914,1,4,69
40,26/08/2026 17:08,18,ENTITY,2759,75784,773,43,0,1939,1,4,65
41,26/08/2026 17:08,18,ENTITY,2799,75756,772,43,0,1981,1,4,56
42,26/08/2026 17:08,18,ENTITY,2789,71063,774,41,0,1971,2,4,54
43,26/08/2026 17:08,18,ENTITY,2737,76044,770,41,0,1922,1,4,64
44,26/08/2026 17:08,18,ENTITY,2778,75967,773,44,0,1958,1,4,67
45,26/08/2026 17:08,18,ENTITY,2799,70915,772,41,0,1983,1,4,65
46,26/08/2026 17:08,18,ENTITY,2730,70970,774,41,0,1912,1,4,61
47,26/08/2026 17:08,18,ENTITY,2736,71055,769,40,0,1922,2,4,70
48,26/08/2026 17:08,18,ENTITY,2873,70846,772,48,0,2049,2,4,67
49,26/08/2026 17:08,18,ENTITY,2752,71045,772,41,0,1936,1,4,63
50,26/08/2026 17:08,18,ENTITY,2805,75844,796,41,0,1965,1,4,55
51,26/08/2026 17:09,18,ENTITY,2806,75891,775,43,0,1984,1,4,69
52,26/08/2026 17:09,18,ENTITY,2736,76118,770,42,0,1921,2,4,58
53,26/08/2026 17:09,18,ENTITY,2843,70753,808,61,0,1971,1,4,63
54,26/08/2026 17:09,18,ENTITY,2814,76088,767,43,0,2000,1,4,67
55,26/08/2026 17:09,18,ENTITY,2865,76060,783,59,0,2019,1,4,64
56,26/08/2026 17:09,18,ENTITY,2899,75911,812,66,0,2017,1,4,69
57,26/08/2026 17:09,18,ENTITY,2808,75841,809,47,0,1948,1,4,60
58,26/08/2026 17:09,18,ENTITY,2805,70917,767,43,0,1992,1,4,58
59,26/08/2026 17:09,18,ENTITY,2769,71073,776,41,0,1949,2,4,64
60,26/08/2026 17:09,18,ENTITY,2759,75947,775,43,0,1938,1,4,64
61,26/08/2026 17:09,18,ENTITY,2830,71273,798,46,0,1984,1,4,71
62,26/08/2026 17:09,18,ENTITY,2742,71119,770,43,0,1925,2,4,60
63,26/08/2026 17:09,18,ENTITY,2782,75962,779,43,0,1957,1,4,55
64,26/08/2026 17:09,18,ENTITY,2760,75824,784,42,0,1930,1,4,57
65,26/08/2026 17:09,18,ENTITY,2804,75865,776,43,0,1981,2,4,66
66,26/08/2026 17:09,18,ENTITY,2769,71235,787,41,0,1937,1,4,71
67,26/08/2026 17:09,18,ENTITY,2770,71340,780,44,0,1943,2,4,64
68,26/08/2026 17:09,18,ENTITY,2855,66139,780,42,0,2030,1,4,63
69,26/08/2026 17:09,18,ENTITY,2771,71073,775,43,0,1949,1,4,73
70,26/08/2026 17:09,18,ENTITY,2917,71066,773,47,0,2094,2,4,69
71,26/08/2026 17:10,18,ENTITY,2787,71325,823,43,0,1917,2,4,68
72,26/08/2026 17:10,18,ENTITY,2861,71196,820,60,0,1977,1,4,58
73,26/08/2026 17:10,18,ENTITY,2768,70928,785,43,0,1935,2,4,62
74,26/08/2026 17:10,18,ENTITY,2749,75872,775,43,0,1928,1,4,57
75,26/08/2026 17:10,18,ENTITY,2739,76146,762,40,0,1934,1,4,67
76,26/08/2026 17:10,18,ENTITY,2767,76013,780,41,0,1942,1,4,69
77,26/08/2026 17:10,18,ENTITY,2873,71100,817,61,0,1992,1,4,69
78,26/08/2026 17:10,18,ENTITY,2763,75796,766,40,0,1953,2,4,68
79,26/08/2026 17:10,18,ENTITY,2768,75768,774,41,0,1949,2,4,57
80,26/08/2026 17:10,18,ENTITY,2812,75993,780,58,0,1971,1,4,69
81,26/08/2026 17:10,18,ENTITY,2733,71398,774,41,0,1915,2,4,64
82,26/08/2026 17:10,18,ENTITY,2780,70926,785,42,0,1950,1,4,55
83,26/08/2026 17:10,18,ENTITY,2764,65869,778,41,0,1941,2,4,54
84,26/08/2026 17:10,18,ENTITY,2793,76091,779,41,0,1970,1,4,61
85,26/08/2026 17:10,18,ENTITY,2748,71254,775,43,0,1926,2,4,66
86,26/08/2026 17:10,18,ENTITY,2806,70969,776,41,0,1986,1,4,57
87,26/08/2026 17:10,18,ENTITY,2760,75852,771,40,0,1946,1,4,71
88,26/08/2026 17:10,18,ENTITY,2737,75828,769,41,0,1924,1,4,60
89,26/08/2026 17:10,18,ENTITY,2745,75933,771,41,0,1930,1,4,60
90,26/08/2026 17:10,18,ENTITY,2728,76114,773,41,0,1910,2,4,54
91,26/08/2026 17:11,18,ENTITY,2742,71334,771,43,0,1924,1,4,61
92,26/08/2026 17:11,18,ENTITY,2837,75826,767,41,0,2025,1,4,67
93,26/08/2026 17:11,18,ENTITY,2822,75985,769,41,0,2009,1,4,61
94,26/08/2026 17:11,18,ENTITY,2760,65901,773,41,0,1942,1,4,65
95,26/08/2026 17:11,18,ENTITY,2778,71049,778,43,0,1954,1,4,57
96,26/08/2026 17:11,18,ENTITY,2809,75655,813,60,0,1932,2,4,67
97,26/08/2026 17:11,18,ENTITY,2800,70989,781,41,0,1974,1,4,60
98,26/08/2026 17:11,18,ENTITY,2783,75880,797,58,0,1924,1,4,64
99,26/08/2026 17:11,18,ENTITY,2829,76081,778,43,0,2004,1,4,62
100,26/08/2026 17:11,18,ENTITY,2755,75977,779,41,0,1932,1,4,57
101,26/08/2026 17:11,18,ENTITY,2830,75813,779,44,0,2004,2,4,60
102,26/08/2026 17:11,18,ENTITY,2830,75905,835,44,0,1948,1,4,62
103,26/08/2026 17:11,18,ENTITY,2802,71110,775,42,0,1981,2,4,67
104,26/08/2026 17:11,18,ENTITY,2738,70956,775,43,0,1917,1,4,66
105,26/08/2026 17:11,18,ENTITY,2765,71056,772,41,0,1949,1,4,59
106,26/08/2026 17:11,18,ENTITY,2728,75813,780,43,0,1901,1,4,48
107,26/08/2026 17:11,18,ENTITY,2739,70868,770,41,0,1925,1,4,71
108,26/08/2026 17:11,18,ENTITY,2741,71076,771,42,0,1924,1,4,53
109,26/08/2026 17:11,18,ENTITY,2785,70927,796,58,0,1927,1,4,64
110,26/08/2026 17:11,18,ENTITY,2738,76136,770,41,0,1924,1,4,55
111,26/08/2026 17:12,18,ENTITY,2761,71196,791,41,0,1926,1,4,66
112,26/08/2026 17:12,18,ENTITY,2737,76212,768,44,0,1921,2,4,62
113,26/08/2026 17:12,18,ENTITY,2736,76099,773,41,0,1919,1,4,53
114,26/08/2026 17:12,18,ENTITY,2847,75700,781,47,0,2015,2,4,61
115,26/08/2026 17:12,18,ENTITY,2782,76028,756,41,0,1981,2,4,65
116,26/08/2026 17:12,18,ENTITY,2936,75860,813,59,0,2060,1,4,61
117,26/08/2026 17:12,18,ENTITY,2745,70844,772,42,0,1927,1,4,61
118,26/08/2026 17:12,18,ENTITY,2881,71071,773,41,0,2062,1,4,57
119,26/08/2026 17:12,18,ENTITY,2761,76031,771,42,0,1945,1,4,74
120,26/08/2026 17:12,18,ENTITY,2833,71239,771,43,0,2015,1,4,65
121,26/08/2026 17:12,18,ENTITY,2734,76028,772,41,0,1917,2,4,62
122,26/08/2026 17:12,18,ENTITY,2773,80985,774,44,0,1952,1,4,61
123,26/08/2026 17:12,18,ENTITY,2792,75893,776,41,0,1972,1,4,55
124,26/08/2026 17:12,18,ENTITY,2774,66059,777,44,0,1950,1,4,69
125,26/08/2026 17:12,18,ENTITY,2755,76059,774,43,0,1934,2,4,69
126,26/08/2026 17:12,18,ENTITY,2762,76044,789,41,0,1928,2,4,63
127,26/08/2026 17:12,18,ENTITY,2762,71040,778,43,0,1937,2,4,59
128,26/08/2026 17:12,18,ENTITY,2787,75841,780,41,0,1963,2,4,63
129,26/08/2026 17:12,18,ENTITY,2765,71243,798,43,0,1920,1,4,60
130,26/08/2026 17:12,18,ENTITY,2768,71203,771,43,0,1950,1,4,69
131,26/08/2026 17:13,18,ENTITY,2803,66102,773,43,0,1983,2,4,68
132,26/08/2026 17:13,18,ENTITY,2757,70990,773,43,0,1938,1,4,59
133,26/08/2026 17:13,18,ENTITY,2738,71001,771,41,0,1923,1,4,65
134,26/08/2026 17:13,18,ENTITY,2799,80744,772,43,0,1981,1,4,63
135,26/08/2026 17:13,18,ENTITY,2820,75985,813,47,0,1956,1,4,63
136,26/08/2026 17:13,18,ENTITY,2788,65775,791,57,0,1937,1,4,62
137,26/08/2026 17:13,18,ENTITY,2789,75820,777,40,0,1968,1,4,65
138,26/08/2026 17:13,18,ENTITY,2887,71151,827,54,0,2002,1,4,65
139,26/08/2026 17:13,18,ENTITY,2732,75905,775,41,0,1912,1,4,57
140,26/08/2026 17:13,18,ENTITY,2783,76038,790,43,0,1946,1,4,60
141,26/08/2026 17:13,18,ENTITY,2762,71108,774,42,0,1943,2,4,62
142,26/08/2026 17:13,18,ENTITY,2761,75759,778,41,0,1938,1,4,67
143,26/08/2026 17:13,18,ENTITY,2791,76156,789,41,0,1957,1,4,60
144,26/08/2026 17:13,18,ENTITY,2799,71031,780,60,0,1956,1,4,66
145,26/08/2026 17:13,18,ENTITY,2780,71090,774,43,0,1959,2,4,60
146,26/08/2026 17:13,18,ENTITY,2822,71037,804,52,0,1962,1,4,65
147,26/08/2026 17:13,18,ENTITY,2841,70930,804,43,0,1990,1,4,63
148,26/08/2026 17:13,18,ENTITY,2767,76002,779,43,0,1941,1,4,70
149,26/08/2026 17:13,18,ENTITY,2756,70967,780,43,0,1929,2,4,64
150,26/08/2026 17:13,18,ENTITY,2823,71088,773,53,0,1993,2,4,57
151,26/08/2026 17:13,18,ENTITY,2763,71166,779,41,0,1939,1,4,66
152,26/08/2026 17:14,18,ENTITY,2815,71254,779,44,0,1988,1,4,67
153,26/08/2026 17:14,18,ENTITY,2848,71158,784,55,0,2006,1,4,63
154,26/08/2026 17:14,18,ENTITY,2752,71017,775,41,0,1933,2,4,58
155,26/08/2026 17:14,18,ENTITY,2748,75836,776,43,0,1925,1,4,58
156,26/08/2026 17:14,18,ENTITY,2823,75866,775,41,0,2003,2,4,62
157,26/08/2026 17:14,18,ENTITY,2781,71184,781,41,0,1955,1,4,62
158,26/08/2026 17:14,18,ENTITY,2823,70962,775,43,0,2001,2,4,56
159,26/08/2026 17:14,18,ENTITY,2756,76166,773,43,0,1937,1,4,60
160,26/08/2026 17:14,18,ENTITY,2752,75821,774,43,0,1932,1,4,63
161,26/08/2026 17:14,18,ENTITY,2767,70931,780,43,0,1941,1,4,62
162,26/08/2026 17:14,18,ENTITY,2746,70854,777,41,0,1924,1,4,60
163,26/08/2026 17:14,18,ENTITY,2779,75821,785,43,0,1946,2,4,65
164,26/08/2026 17:14,18,ENTITY,2834,75891,780,42,0,2008,2,4,55
165,26/08/2026 17:14,18,ENTITY,2770,71034,777,41,0,1948,2,4,66
166,26/08/2026 17:14,18,ENTITY,2920,71190,839,54,0,2023,1,4,56
167,26/08/2026 17:14,18,ENTITY,2787,71095,776,41,0,1967,1,4,66
168,26/08/2026 17:14,18,ENTITY,2760,71217,773,41,0,1942,1,4,64
169,26/08/2026 17:14,18,ENTITY,2769,75788,783,41,0,1942,1,4,62
170,26/08/2026 17:14,18,ENTITY,2862,80725,777,43,0,2038,1,4,63
171,26/08/2026 17:14,18,ENTITY,2793,76107,779,41,0,1970,1,4,61
172,26/08/2026 17:15,18,ENTITY,2801,75967,802,41,0,1953,2,4,61
173,26/08/2026 17:15,18,ENTITY,2770,75902,780,44,0,1943,1,4,66
174,26/08/2026 17:15,18,ENTITY,2760,71097,777,41,0,1938,1,4,65
175,26/08/2026 17:15,18,ENTITY,2759,70950,779,42,0,1934,1,4,71
176,26/08/2026 17:15,18,ENTITY,2763,76250,778,41,0,1941,1,4,59
177,26/08/2026 17:15,18,ENTITY,2768,75843,770,42,0,1953,1,4,68
178,26/08/2026 17:15,18,ENTITY,2742,71209,767,41,0,1931,1,4,53
179,26/08/2026 17:15,18,ENTITY,2753,70867,777,43,0,1930,1,4,62
180,26/08/2026 17:15,18,ENTITY,2755,70933,793,43,0,1915,1,4,58
181,26/08/2026 17:15,18,ENTITY,2875,71127,778,41,0,2052,2,4,55
182,26/08/2026 17:15,18,ENTITY,2748,75851,770,44,0,1931,1,4,69
183,26/08/2026 17:15,18,ENTITY,2771,71180,789,45,0,1933,1,4,62
184,26/08/2026 17:15,18,ENTITY,2802,71126,810,66,0,1922,2,4,61
185,26/08/2026 17:15,18,ENTITY,2789,65831,793,42,0,1951,1,4,69
186,26/08/2026 17:15,18,ENTITY,2793,71139,780,43,0,1967,1,4,69
187,26/08/2026 17:15,18,ENTITY,2841,76082,791,60,0,1986,1,4,59
188,26/08/2026 17:15,18,ENTITY,2760,75930,772,43,0,1941,1,4,53
189,26/08/2026 17:15,18,ENTITY,2759,71056,777,44,0,1935,1,4,70
190,26/08/2026 17:15,18,ENTITY,2783,76021,777,42,0,1961,1,4,65
191,26/08/2026 17:15,18,ENTITY,2828,75840,770,44,0,2010,2,4,60
192,26/08/2026 17:16,18,ENTITY,2747,70989,771,43,0,1929,1,4,58
193,26/08/2026 17:16,18,ENTITY,2777,75884,786,50,0,1938,1,4,57
194,26/08/2026 17:16,18,ENTITY,2818,71100,807,42,0,1966,1,4,67
195,26/08/2026 17:16,18,ENTITY,2847,71084,827,55,0,1962,1,4,65
196,26/08/2026 17:16,18,ENTITY,2749,75897,774,41,0,1931,1,4,60
197,26/08/2026 17:16,18,ENTITY,2781,70873,775,41,0,1962,1,4,61
198,26/08/2026 17:16,18,ENTITY,2750,70978,780,42,0,1925,1,4,59
199,26/08/2026 17:16,18,ENTITY,2741,76005,770,41,0,1926,1,4,68
200,26/08/2026 17:16,18,ENTITY,2847,71094,769,44,0,2031,1,4,52
1,26/08/2026 17:16,27,ENTITY,21082,294830,823,56,0,20200,1,83,360
2,26/08/2026 17:17,27,ENTITY,20751,223168,772,48,0,19927,1,84,358
3,26/08/2026 17:17,27,ENTITY,20844,282864,773,49,0,20019,1,83,339
4,26/08/2026 17:17,27,ENTITY,20803,308538,768,50,0,19982,1,83,335
5,26/08/2026 17:18,27,ENTITY,20955,289616,841,61,0,20050,1,83,350
6,26/08/2026 17:18,27,ENTITY,20801,294710,796,49,0,19952,1,83,348
7,26/08/2026 17:18,27,ENTITY,20909,289244,771,49,0,20086,1,83,354
8,26/08/2026 17:19,27,ENTITY,20885,223014,770,49,0,20063,1,84,347
9,26/08/2026 17:19,27,ENTITY,20952,204194,770,48,0,20131,1,84,347
10,26/08/2026 17:20,27,ENTITY,20872,181470,776,51,0,20042,1,83,355
11,26/08/2026 17:20,27,ENTITY,20637,187734,780,51,0,19804,1,83,362
12,26/08/2026 17:20,27,ENTITY,20808,210132,771,49,0,19985,1,84,355
13,26/08/2026 17:21,27,ENTITY,21019,187756,775,51,0,20190,1,83,368
14,26/08/2026 17:21,27,ENTITY,20717,186884,770,50,0,19894,1,83,365
15,26/08/2026 17:21,27,ENTITY,20664,288718,774,48,0,19838,1,83,347
16,26/08/2026 17:22,27,ENTITY,20846,280809,760,47,0,20036,1,83,350
17,26/08/2026 17:22,27,ENTITY,20908,187570,768,49,0,20088,1,83,346
18,26/08/2026 17:22,27,ENTITY,20707,186798,772,48,0,19885,1,83,347
19,26/08/2026 17:23,27,ENTITY,20819,187287,768,48,0,19999,1,83,349
20,26/08/2026 17:23,27,ENTITY,20778,296240,784,54,0,19937,1,83,360
21,26/08/2026 17:23,27,ENTITY,20703,288336,771,47,0,19882,1,83,348
22,26/08/2026 17:24,27,ENTITY,20766,288464,766,50,0,19946,1,83,341
23,26/08/2026 17:24,27,ENTITY,21374,186956,798,60,0,20512,1,83,353
24,26/08/2026 17:24,27,ENTITY,20896,194091,768,48,0,20077,1,83,361
25,26/08/2026 17:25,27,ENTITY,20846,210801,784,48,0,20011,1,84,352
26,26/08/2026 17:25,27,ENTITY,20876,203796,771,50,0,20051,1,84,354
27,26/08/2026 17:25,27,ENTITY,20741,181245,770,50,0,19917,1,83,356
28,26/08/2026 17:26,27,ENTITY,21031,187814,771,49,0,20208,1,83,352
29,26/08/2026 17:26,27,ENTITY,20730,289175,777,66,0,19884,1,83,357
30,26/08/2026 17:27,27,ENTITY,20958,187602,773,48,0,20133,1,83,357
31,26/08/2026 17:27,27,ENTITY,20832,186500,768,50,0,20011,1,83,365
32,26/08/2026 17:27,27,ENTITY,20812,295159,783,51,0,19974,1,83,340
33,26/08/2026 17:28,27,ENTITY,21030,200451,816,60,0,20151,1,83,361
34,26/08/2026 17:28,27,ENTITY,20925,210917,774,48,0,20099,1,84,358
35,26/08/2026 17:28,27,ENTITY,20647,181283,773,51,0,19819,1,83,357
36,26/08/2026 17:29,27,ENTITY,20760,289114,772,49,0,19935,1,83,367
37,26/08/2026 17:29,27,ENTITY,20946,294969,768,48,0,20127,1,83,355
38,26/08/2026 17:29,27,ENTITY,20799,186949,774,49,0,19973,1,83,343
39,26/08/2026 17:30,27,ENTITY,20935,216480,767,50,0,20114,1,84,348
40,26/08/2026 17:30,27,ENTITY,20818,193484,780,52,0,19983,1,83,361
41,26/08/2026 17:30,27,ENTITY,20847,188179,768,51,0,20025,1,83,357
42,26/08/2026 17:31,27,ENTITY,20540,180224,764,47,0,19726,1,83,359
43,26/08/2026 17:31,27,ENTITY,20800,187928,813,73,0,19910,1,83,371
44,26/08/2026 17:31,27,ENTITY,21043,287626,828,62,0,20150,1,83,357
45,26/08/2026 17:32,27,ENTITY,20900,288631,820,60,0,20017,1,83,363
46,26/08/2026 17:32,27,ENTITY,21110,288288,827,50,0,20229,1,83,349
47,26/08/2026 17:32,27,ENTITY,20700,181132,776,51,0,19869,1,83,351
48,26/08/2026 17:33,27,ENTITY,21155,180963,779,59,0,20313,1,83,356
49,26/08/2026 17:33,27,ENTITY,20950,210174,773,51,0,20124,1,84,360
50,26/08/2026 17:34,27,ENTITY,20735,281832,774,51,0,19906,1,83,346
51,26/08/2026 17:34,27,ENTITY,20833,321826,778,51,0,20001,1,83,351
52,26/08/2026 17:34,27,ENTITY,20942,295885,767,50,0,20121,1,83,355
53,26/08/2026 17:35,27,ENTITY,21125,294576,769,50,0,20302,1,83,353
54,26/08/2026 17:35,27,ENTITY,20989,294555,795,50,0,20142,1,83,345
55,26/08/2026 17:35,27,ENTITY,21019,210779,772,50,0,20194,1,84,344
56,26/08/2026 17:36,27,ENTITY,20792,188073,773,51,0,19965,1,83,347
57,26/08/2026 17:36,27,ENTITY,20690,187088,775,63,0,19848,1,83,357
58,26/08/2026 17:36,27,ENTITY,21172,289376,773,49,0,20347,1,83,349
59,26/08/2026 17:37,27,ENTITY,20925,288159,771,49,0,20102,1,83,359
60,26/08/2026 17:37,27,ENTITY,20897,223241,838,49,0,20007,1,84,352
61,26/08/2026 17:37,27,ENTITY,20692,289013,782,51,0,19856,1,83,351
62,26/08/2026 17:38,27,ENTITY,20771,289110,771,49,0,19948,1,83,358
63,26/08/2026 17:38,27,ENTITY,20867,209902,771,51,0,20042,1,84,347
64,26/08/2026 17:38,27,ENTITY,20679,295306,768,48,0,19860,1,83,361
65,26/08/2026 17:39,27,ENTITY,20683,187743,778,51,0,19850,1,83,363
66,26/08/2026 17:39,27,ENTITY,20852,282460,771,50,0,20027,1,83,343
67,26/08/2026 17:40,27,ENTITY,20790,223295,772,48,0,19966,1,84,354
68,26/08/2026 17:40,27,ENTITY,20848,282306,769,48,0,20027,1,83,348
69,26/08/2026 17:40,27,ENTITY,20678,187444,768,49,0,19858,1,83,353
70,26/08/2026 17:41,27,ENTITY,20881,288638,772,51,0,20056,1,83,354
71,26/08/2026 17:41,27,ENTITY,20656,288036,759,50,0,19843,1,83,354
72,26/08/2026 17:41,27,ENTITY,20793,193183,767,49,0,19973,1,83,349
73,26/08/2026 17:42,27,ENTITY,21065,216982,775,48,0,20239,1,84,360
74,26/08/2026 17:42,27,ENTITY,20833,174155,775,48,0,20007,1,83,357
75,26/08/2026 17:42,27,ENTITY,20719,294688,779,48,0,19888,1,83,358
76,26/08/2026 17:43,27,ENTITY,21005,288753,780,50,0,20172,1,83,353
77,26/08/2026 17:43,27,ENTITY,20649,221489,770,51,0,19825,1,83,344
78,26/08/2026 17:43,27,ENTITY,21019,288002,777,49,0,20190,1,83,348
79,26/08/2026 17:44,27,ENTITY,20877,289073,824,57,0,19993,1,83,354
80,26/08/2026 17:44,27,ENTITY,20814,288510,838,51,0,19922,1,83,361
81,26/08/2026 17:44,27,ENTITY,20802,193673,775,49,0,19975,1,83,348
82,26/08/2026 17:45,27,ENTITY,20868,204246,779,49,0,20036,1,84,358
83,26/08/2026 17:45,27,ENTITY,20796,294674,778,49,0,19967,1,83,363
84,26/08/2026 17:45,27,ENTITY,21005,193868,777,48,0,20176,1,83,341
85,26/08/2026 17:46,27,ENTITY,21042,187832,778,51,0,20209,1,83,352
86,26/08/2026 17:46,27,ENTITY,21084,181111,856,63,0,20162,1,83,347
87,26/08/2026 17:47,27,ENTITY,20683,294250,770,49,0,19861,1,83,354
88,26/08/2026 17:47,27,ENTITY,20550,181288,775,49,0,19722,1,83,354
89,26/08/2026 17:47,27,ENTITY,20806,186338,772,49,0,19983,1,83,342
90,26/08/2026 17:48,27,ENTITY,20937,194229,809,51,0,20074,1,83,355
91,26/08/2026 17:48,27,ENTITY,20854,300434,771,50,0,20030,1,83,354
92,26/08/2026 17:48,27,ENTITY,20840,289353,771,51,0,20014,1,83,354
93,26/08/2026 17:49,27,ENTITY,20560,193343,779,50,0,19729,1,83,352
94,26/08/2026 17:49,27,ENTITY,20948,294350,781,49,0,20114,1,83,360
95,26/08/2026 17:49,27,ENTITY,20911,295379,770,50,0,20088,1,83,344
96,26/08/2026 17:50,27,ENTITY,20972,288621,826,68,0,20074,1,83,353
97,26/08/2026 17:50,27,ENTITY,20818,288816,775,50,0,19990,1,83,363
98,26/08/2026 17:50,27,ENTITY,20955,288735,774,51,0,20127,1,83,354
99,26/08/2026 17:51,27,ENTITY,20967,210585,772,50,0,20142,1,84,351
100,26/08/2026 17:51,27,ENTITY,20830,294901,796,73,0,19956,1,83,349
101,26/08/2026 17:51,27,ENTITY,20881,187453,769,50,0,20059,1,83,352
102,26/08/2026 17:52,27,ENTITY,20695,281582,758,47,0,19887,1,83,345
103,26/08/2026 17:52,27,ENTITY,20853,210059,770,50,0,20030,1,84,352
104,26/08/2026 17:52,27,ENTITY,20874,190612,768,48,0,20055,1,84,357
105,26/08/2026 17:53,27,ENTITY,20630,194247,771,49,0,19807,1,83,340
106,26/08/2026 17:53,27,ENTITY,20930,204368,777,49,0,20100,1,84,361
107,26/08/2026 17:54,27,ENTITY,20845,203911,775,48,0,20018,1,84,358
108,26/08/2026 17:54,27,ENTITY,20751,288705,773,51,0,19924,1,83,350
109,26/08/2026 17:54,27,ENTITY,20924,222800,771,51,0,20100,1,84,340
110,26/08/2026 17:55,27,ENTITY,21046,187717,790,50,0,20202,1,83,360
111,26/08/2026 17:55,27,ENTITY,20705,173241,769,51,0,19882,1,83,355
112,26/08/2026 17:55,27,ENTITY,20683,192850,782,49,0,19849,1,83,371
113,26/08/2026 17:56,27,ENTITY,20724,242278,774,49,0,19898,1,83,341
114,26/08/2026 17:56,27,ENTITY,20999,288357,795,67,0,20134,1,83,368
115,26/08/2026 17:56,27,ENTITY,20808,289452,773,51,0,19980,1,83,353
116,26/08/2026 17:57,27,ENTITY,20761,288772,799,49,0,19910,1,83,349
117,26/08/2026 17:57,27,ENTITY,20920,180398,813,64,0,20039,1,83,346
118,26/08/2026 17:57,27,ENTITY,20924,294522,776,49,0,20095,1,83,372
119,26/08/2026 17:58,27,ENTITY,20817,210642,774,48,0,19991,1,84,353
120,26/08/2026 17:58,27,ENTITY,21035,288649,806,67,0,20159,1,83,352
121,26/08/2026 17:58,27,ENTITY,20706,294374,768,48,0,19887,1,83,351
122,26/08/2026 17:59,27,ENTITY,20814,288645,768,48,0,19993,1,83,345
123,26/08/2026 17:59,27,ENTITY,20793,294663,772,49,0,19969,1,83,340
124,26/08/2026 17:59,27,ENTITY,21072,216619,804,51,0,20214,1,84,352
125,26/08/2026 18:00,27,ENTITY,20532,24248,772,48,0,19708,1,83,350
126,26/08/2026 18:00,27,ENTITY,20622,294404,810,51,0,19758,1,83,364
127,26/08/2026 18:01,27,ENTITY,20943,186855,770,50,0,20120,1,83,364
128,26/08/2026 18:01,27,ENTITY,20901,295332,826,61,0,20012,1,83,350
129,26/08/2026 18:01,27,ENTITY,21029,322733,778,50,0,20197,1,83,345
130,26/08/2026 18:02,27,ENTITY,20816,193885,779,51,0,19983,1,83,359
131,26/08/2026 18:02,27,ENTITY,20733,203595,771,48,0,19911,1,84,359
132,26/08/2026 18:02,27,ENTITY,21183,211130,802,67,0,20310,1,84,358
133,26/08/2026 18:03,27,ENTITY,20764,294445,776,50,0,19934,1,83,359
134,26/08/2026 18:03,27,ENTITY,20817,288472,781,51,0,19982,1,83,349
135,26/08/2026 18:03,27,ENTITY,20890,289209,788,51,0,20047,1,83,364
136,26/08/2026 18:04,27,ENTITY,20797,187510,775,51,0,19967,1,83,344
137,26/08/2026 18:04,27,ENTITY,20732,294910,774,51,0,19905,2,83,355
138,26/08/2026 18:04,27,ENTITY,20852,288749,786,50,0,20013,1,83,342
139,26/08/2026 18:05,27,ENTITY,20898,288789,776,63,0,20056,1,83,353
140,26/08/2026 18:05,27,ENTITY,20847,288549,773,49,0,20022,1,83,353
141,26/08/2026 18:05,27,ENTITY,20634,289118,770,51,0,19810,1,83,359
142,26/08/2026 18:06,27,ENTITY,20749,187437,774,49,0,19922,1,83,347
143,26/08/2026 18:06,27,ENTITY,20786,187876,775,51,0,19957,1,83,362
144,26/08/2026 18:06,27,ENTITY,20840,288987,774,49,0,20014,1,83,345
145,26/08/2026 18:07,27,ENTITY,20935,288608,770,51,0,20111,1,83,354
146,26/08/2026 18:07,27,ENTITY,21007,210108,780,51,0,20172,1,84,369
147,26/08/2026 18:08,27,ENTITY,20776,186444,823,51,0,19898,1,83,352
148,26/08/2026 18:08,27,ENTITY,20749,217513,774,50,0,19922,1,84,349
149,26/08/2026 18:08,27,ENTITY,20731,188190,771,49,0,19908,1,83,351
150,26/08/2026 18:09,27,ENTITY,20848,204211,777,51,0,20017,1,84,360
151,26/08/2026 18:09,27,ENTITY,20707,288037,779,51,0,19873,1,83,338
152,26/08/2026 18:09,27,ENTITY,20839,288930,807,50,0,19979,1,83,363
153,26/08/2026 18:10,27,ENTITY,20927,216907,775,49,0,20100,1,84,365
154,26/08/2026 18:10,27,ENTITY,20736,295058,779,50,0,19903,1,83,353
155,26/08/2026 18:10,27,ENTITY,21333,193733,779,49,0,20502,1,83,353
156,26/08/2026 18:11,27,ENTITY,20427,31261,776,51,0,19597,1,83,364
157,26/08/2026 18:11,27,ENTITY,20815,289023,768,48,0,19995,1,83,349
158,26/08/2026 18:11,27,ENTITY,20789,289185,771,48,0,19966,1,83,353
159,26/08/2026 18:12,27,ENTITY,20769,187010,767,50,0,19949,1,83,348
160,26/08/2026 18:12,27,ENTITY,20884,289186,800,49,0,20032,1,83,365
161,26/08/2026 18:12,27,ENTITY,20684,192896,795,49,0,19837,1,83,345
162,26/08/2026 18:13,27,ENTITY,20775,160124,784,49,0,19939,1,83,358
163,26/08/2026 18:13,27,ENTITY,20843,187782,772,51,0,20017,1,83,355
164,26/08/2026 18:13,27,ENTITY,20680,281019,774,52,0,19852,1,83,353
165,26/08/2026 18:14,27,ENTITY,20759,294858,772,45,0,19940,1,83,352
166,26/08/2026 18:14,27,ENTITY,20860,186520,804,60,0,19993,1,83,372
167,26/08/2026 18:15,27,ENTITY,20987,197427,798,64,0,20122,1,84,365
168,26/08/2026 18:15,27,ENTITY,20961,288987,799,66,0,20093,1,83,353
169,26/08/2026 18:15,27,ENTITY,20803,187332,822,51,0,19927,1,83,359
170,26/08/2026 18:16,27,ENTITY,20817,215689,772,54,1,19986,1,84,339
171,26/08/2026 18:16,27,ENTITY,20663,281145,775,49,0,19837,1,83,346
172,26/08/2026 18:16,27,ENTITY,21144,223417,801,60,0,20279,1,84,351
173,26/08/2026 18:17,27,ENTITY,20973,294744,769,50,0,20151,1,83,352
174,26/08/2026 18:17,27,ENTITY,21003,223231,778,49,0,20172,1,84,352
175,26/08/2026 18:17,27,ENTITY,20891,181319,788,49,0,20051,1,83,358
176,26/08/2026 18:18,27,ENTITY,20917,288754,775,48,0,20090,1,83,346
177,26/08/2026 18:18,27,ENTITY,20828,248079,778,50,0,19995,1,83,349
178,26/08/2026 18:18,27,ENTITY,21145,302505,781,50,0,20311,1,83,348
179,26/08/2026 18:19,27,ENTITY,20763,289036,777,48,0,19934,1,83,351
180,26/08/2026 18:19,27,ENTITY,20651,187760,778,45,0,19825,1,83,354
181,26/08/2026 18:19,27,ENTITY,20846,282703,802,48,0,19992,2,83,347
182,26/08/2026 18:20,27,ENTITY,21003,217623,782,49,0,20168,1,84,349
183,26/08/2026 18:20,27,ENTITY,20901,179451,813,59,0,20024,1,83,351
184,26/08/2026 18:21,27,ENTITY,21046,301237,806,69,0,20168,1,83,360
185,26/08/2026 18:21,27,ENTITY,20800,294338,779,49,0,19968,1,83,351
186,26/08/2026 18:21,27,ENTITY,20657,146648,784,49,0,19820,1,83,345
187,26/08/2026 18:22,27,ENTITY,20818,256335,779,51,0,19985,1,82,344
188,26/08/2026 18:22,27,ENTITY,20868,194576,779,49,0,20036,1,83,358
189,26/08/2026 18:22,27,ENTITY,21000,295077,779,50,0,20168,1,83,354
190,26/08/2026 18:23,27,ENTITY,20880,235093,783,49,0,20044,1,83,356
191,26/08/2026 18:23,27,ENTITY,20765,295342,771,50,0,19942,1,83,353
192,26/08/2026 18:23,27,ENTITY,20757,294838,773,50,0,19931,1,83,362
193,26/08/2026 18:24,27,ENTITY,20813,210238,770,64,0,19976,1,84,356
194,26/08/2026 18:24,27,ENTITY,20818,294419,778,50,0,19986,1,83,357
195,26/08/2026 18:24,27,ENTITY,20867,288794,778,49,0,20037,1,83,356
196,26/08/2026 18:25,27,ENTITY,20745,288509,778,49,0,19916,1,83,342
197,26/08/2026 18:25,27,ENTITY,20862,288869,790,59,0,20011,1,83,359
198,26/08/2026 18:25,27,ENTITY,21155,288554,838,70,0,20244,1,83,361
199,26/08/2026 18:26,27,ENTITY,20807,281532,812,62,0,19930,1,83,348
200,26/08/2026 18:26,27,ENTITY,20849,288410,779,52,0,20015,1,83,351
1,26/08/2026 18:27,36,ENTITY,29600,387899,767,56,0,28773,1,95,725
2,26/08/2026 18:27,36,ENTITY,29796,401041,780,58,0,28955,1,95,746
3,26/08/2026 18:28,36,ENTITY,29261,413849,777,56,0,28425,1,95,739
4,26/08/2026 18:28,36,ENTITY,29857,413626,778,56,0,29019,1,95,742
5,26/08/2026 18:29,36,ENTITY,29626,407697,779,58,0,28786,1,95,736
6,26/08/2026 18:29,36,ENTITY,29697,413992,779,56,0,28859,1,95,749
7,26/08/2026 18:30,36,ENTITY,29403,413774,782,56,0,28562,1,95,742
8,26/08/2026 18:30,36,ENTITY,29811,400549,778,64,1,28965,1,95,730
9,26/08/2026 18:31,36,ENTITY,29741,369264,822,74,0,28842,1,95,734
10,26/08/2026 18:31,36,ENTITY,29540,387918,794,72,0,28671,1,95,749
11,26/08/2026 18:32,36,ENTITY,29779,285231,841,81,0,28854,1,95,746
12,26/08/2026 18:32,36,ENTITY,29415,420138,777,59,0,28576,1,95,747
13,26/08/2026 18:33,36,ENTITY,29893,278697,794,79,0,29016,1,95,738
14,26/08/2026 18:33,36,ENTITY,30071,419954,793,57,0,29218,1,95,749
15,26/08/2026 18:34,36,ENTITY,29411,413851,781,58,0,28569,1,95,749
16,26/08/2026 18:34,36,ENTITY,29804,298193,781,56,0,28964,1,95,747
17,26/08/2026 18:35,36,ENTITY,29614,413952,783,71,0,28756,1,95,733
18,26/08/2026 18:35,36,ENTITY,29360,285215,810,75,0,28472,1,95,752
19,26/08/2026 18:36,36,ENTITY,29345,413716,773,55,0,28514,1,95,733
20,26/08/2026 18:36,36,ENTITY,29751,413721,784,56,0,28907,1,95,745
21,26/08/2026 18:37,36,ENTITY,29763,413880,774,55,0,28931,1,95,739
22,26/08/2026 18:37,36,ENTITY,29723,413995,780,56,0,28884,1,95,739
23,26/08/2026 18:38,36,ENTITY,29892,381681,776,58,0,29056,1,95,733
24,26/08/2026 18:38,36,ENTITY,29546,285083,772,55,0,28716,1,95,744
25,26/08/2026 18:39,36,ENTITY,30692,413546,771,55,0,29863,1,95,746
26,26/08/2026 18:39,36,ENTITY,29382,413728,773,55,0,28551,1,95,742
27,26/08/2026 18:40,36,ENTITY,29518,426011,773,56,0,28686,1,95,741
28,26/08/2026 18:40,36,ENTITY,29541,407693,779,58,0,28700,1,95,744
29,26/08/2026 18:41,36,ENTITY,29593,394672,781,56,0,28754,1,95,736
30,26/08/2026 18:41,36,ENTITY,29527,413901,804,69,0,28650,1,95,756
31,26/08/2026 18:42,36,ENTITY,29512,375508,773,56,0,28680,1,95,751
32,26/08/2026 18:42,36,ENTITY,29612,265167,773,56,0,28779,1,95,755
33,26/08/2026 18:43,36,ENTITY,29468,381931,831,70,0,28563,1,95,740
34,26/08/2026 18:43,36,ENTITY,29779,291336,782,56,0,28938,1,95,749
35,26/08/2026 18:44,36,ENTITY,29794,400955,799,59,0,28933,1,95,745
36,26/08/2026 18:44,36,ENTITY,29652,284932,803,65,0,28781,1,95,727
37,26/08/2026 18:45,36,ENTITY,29252,413739,781,56,0,28412,1,95,747
38,26/08/2026 18:45,36,ENTITY,29674,413831,769,56,0,28846,1,95,734
39,26/08/2026 18:46,36,ENTITY,29533,298443,777,58,0,28694,1,95,750
40,26/08/2026 18:46,36,ENTITY,29894,291840,788,63,0,29040,1,96,753
41,26/08/2026 18:47,36,ENTITY,29651,252400,802,58,0,28788,1,95,750
42,26/08/2026 18:47,36,ENTITY,29694,419837,779,58,0,28854,1,95,755
43,26/08/2026 18:48,36,ENTITY,30387,375547,798,77,0,29508,1,95,735
44,26/08/2026 18:48,36,ENTITY,29542,381933,823,77,0,28638,1,95,726
45,26/08/2026 18:49,36,ENTITY,29846,285042,815,80,0,28947,1,95,756
46,26/08/2026 18:49,36,ENTITY,29463,419982,782,69,0,28610,1,95,727
47,26/08/2026 18:50,36,ENTITY,29515,419937,768,55,0,28688,1,95,726
48,26/08/2026 18:50,36,ENTITY,29439,407403,770,58,0,28607,1,95,753
49,26/08/2026 18:51,36,ENTITY,29974,387812,767,56,0,29149,1,95,749
50,26/08/2026 18:51,36,ENTITY,29671,375478,805,58,0,28805,1,95,747
51,26/08/2026 18:52,36,ENTITY,29472,278822,780,55,0,28634,1,95,757
52,26/08/2026 18:52,36,ENTITY,29404,413670,783,58,0,28560,1,95,745
53,26/08/2026 18:53,36,ENTITY,29703,419809,781,56,0,28863,1,95,751
54,26/08/2026 18:53,36,ENTITY,29728,413932,781,55,0,28888,1,95,746
55,26/08/2026 18:54,36,ENTITY,29631,265217,777,56,0,28795,1,95,757
56,26/08/2026 18:54,36,ENTITY,29722,413701,778,56,0,28885,1,95,752
57,26/08/2026 18:55,36,ENTITY,29341,285046,779,66,0,28493,1,95,755
58,26/08/2026 18:55,36,ENTITY,29515,285153,775,57,0,28679,1,95,762
59,26/08/2026 18:56,36,ENTITY,29775,413657,776,58,0,28937,1,95,733
60,26/08/2026 18:56,36,ENTITY,29696,407241,790,73,0,28830,1,95,741
61,26/08/2026 18:57,36,ENTITY,29910,400872,819,67,0,29021,1,95,754
62,26/08/2026 18:57,36,ENTITY,29629,375499,774,58,0,28793,1,95,749
63,26/08/2026 18:58,36,ENTITY,29607,400925,800,66,0,28738,1,95,752
64,26/08/2026 18:58,36,ENTITY,29655,400784,778,56,0,28818,1,95,746
65,26/08/2026 18:59,36,ENTITY,29510,400903,777,58,0,28671,1,95,750
66,26/08/2026 18:59,36,ENTITY,29544,413456,778,56,0,28707,1,95,739
67,26/08/2026 19:00,36,ENTITY,29519,406943,776,58,0,28683,1,95,751
68,26/08/2026 19:00,36,ENTITY,29470,414144,780,58,0,28629,1,95,727
69,26/08/2026 19:01,36,ENTITY,29883,278384,775,56,0,29049,1,95,743
70,26/08/2026 19:01,36,ENTITY,29617,413674,772,56,0,28785,1,95,745
71,26/08/2026 19:02,36,ENTITY,29493,413764,772,55,0,28662,1,95,739
72,26/08/2026 19:02,36,ENTITY,28993,400959,793,70,0,28126,1,95,755
73,26/08/2026 19:03,36,ENTITY,29643,258630,773,55,0,28812,1,95,748
74,26/08/2026 19:03,36,ENTITY,29697,394460,772,58,0,28864,1,95,731
75,26/08/2026 19:04,36,ENTITY,29283,413884,776,54,0,28450,1,95,754
76,26/08/2026 19:04,36,ENTITY,29539,407326,781,55,0,28699,1,95,750
77,26/08/2026 19:05,36,ENTITY,29688,401038,770,54,0,28860,1,95,710
78,26/08/2026 19:05,36,ENTITY,29869,265183,820,78,0,28968,1,95,746
79,26/08/2026 19:06,36,ENTITY,29476,381782,788,70,0,28614,1,95,741
80,26/08/2026 19:06,36,ENTITY,29899,285170,843,76,0,28977,1,95,750
81,26/08/2026 19:07,36,ENTITY,29621,291727,769,55,0,28794,1,95,734
82,26/08/2026 19:07,36,ENTITY,29682,265338,772,57,0,28849,1,96,742
83,26/08/2026 19:08,36,ENTITY,29751,400675,775,57,0,28916,1,95,754
84,26/08/2026 19:08,36,ENTITY,29355,291474,761,73,0,28517,1,95,741
85,26/08/2026 19:09,36,ENTITY,29445,285145,793,67,0,28582,1,95,753
86,26/08/2026 19:09,36,ENTITY,29691,407043,758,57,0,28872,1,95,752
87,26/08/2026 19:09,36,ENTITY,29751,369209,774,56,0,28919,1,95,747
88,26/08/2026 19:10,36,ENTITY,29347,278722,823,66,0,28455,1,95,741
89,26/08/2026 19:10,36,ENTITY,29893,413914,774,57,0,29059,1,95,739
90,26/08/2026 19:11,36,ENTITY,29656,419772,769,56,0,28827,1,95,734
91,26/08/2026 19:11,36,ENTITY,29612,413670,823,73,0,28712,1,95,756
92,26/08/2026 19:12,36,ENTITY,29772,419730,768,57,0,28944,1,95,737
93,26/08/2026 19:12,36,ENTITY,30065,413686,776,56,0,29229,1,95,758
94,26/08/2026 19:13,36,ENTITY,29692,413801,831,67,0,28790,1,95,738
95,26/08/2026 19:13,36,ENTITY,29416,413928,777,56,0,28579,1,95,749
96,26/08/2026 19:14,36,ENTITY,29558,400861,774,59,0,28721,1,95,742
97,26/08/2026 19:14,36,ENTITY,29812,407319,792,58,0,28959,1,95,745
98,26/08/2026 19:15,36,ENTITY,29537,407371,780,56,0,28698,1,95,761
99,26/08/2026 19:15,36,ENTITY,30280,407244,804,70,0,29403,1,95,744
100,26/08/2026 19:16,36,ENTITY,29821,407205,767,55,0,28996,1,95,750
101,26/08/2026 19:16,36,ENTITY,29568,407348,820,57,0,28687,1,95,742
102,26/08/2026 19:17,36,ENTITY,29567,400826,780,57,0,28726,1,95,738
103,26/08/2026 19:17,36,ENTITY,29731,387918,773,56,0,28898,1,95,750
104,26/08/2026 19:18,36,ENTITY,29731,413927,773,56,0,28899,1,95,758
105,26/08/2026 19:18,36,ENTITY,29675,419772,847,71,0,28754,1,95,761
106,26/08/2026 19:19,36,ENTITY,29635,271643,781,56,0,28795,1,95,758
107,26/08/2026 19:19,36,ENTITY,29558,413518,777,56,0,28721,1,95,738
108,26/08/2026 19:20,36,ENTITY,29729,420010,783,58,0,28885,1,95,764
109,26/08/2026 19:20,36,ENTITY,29451,271773,774,54,0,28621,1,95,760
110,26/08/2026 19:21,36,ENTITY,29492,419956,771,56,0,28662,1,95,753
111,26/08/2026 19:21,36,ENTITY,29518,285111,816,68,0,28631,1,95,742
112,26/08/2026 19:22,36,ENTITY,29517,413687,770,56,0,28688,1,95,752
113,26/08/2026 19:22,36,ENTITY,29384,420096,773,57,0,28550,1,95,730
114,26/08/2026 19:23,36,ENTITY,29390,277836,797,57,0,28532,1,95,758
115,26/08/2026 19:23,36,ENTITY,29601,271845,776,56,0,28766,1,95,743
116,26/08/2026 19:24,36,ENTITY,29458,298073,769,53,0,28632,1,95,723
117,26/08/2026 19:24,36,ENTITY,29582,291611,809,62,0,28708,1,95,738
118,26/08/2026 19:25,36,ENTITY,29570,407238,796,56,0,28714,1,95,740
119,26/08/2026 19:25,36,ENTITY,29621,291659,778,56,0,28783,1,95,752
120,26/08/2026 19:26,36,ENTITY,29748,407637,770,55,0,28919,1,95,742
121,26/08/2026 19:26,36,ENTITY,29791,400782,800,67,0,28921,1,95,765
122,26/08/2026 19:27,36,ENTITY,29644,375592,827,85,0,28729,1,95,750
123,26/08/2026 19:27,36,ENTITY,29797,413809,780,58,0,28957,1,95,749
124,26/08/2026 19:28,36,ENTITY,29599,375202,807,69,0,28719,1,95,740
125,26/08/2026 19:28,36,ENTITY,29584,278509,765,56,0,28760,1,95,733
126,26/08/2026 19:29,36,ENTITY,29639,419983,767,56,0,28813,1,95,749
127,26/08/2026 19:29,36,ENTITY,29748,400970,776,58,0,28910,1,95,743
128,26/08/2026 19:30,36,ENTITY,29590,413845,768,55,0,28764,1,95,759
129,26/08/2026 19:30,36,ENTITY,29721,413776,801,57,0,28860,1,95,733
130,26/08/2026 19:31,36,ENTITY,29400,401012,768,57,0,28571,1,95,756
131,26/08/2026 19:31,36,ENTITY,29642,400837,773,55,0,28810,1,95,741
132,26/08/2026 19:32,36,ENTITY,29172,419986,774,56,0,28340,1,95,736
133,26/08/2026 19:32,36,ENTITY,29699,401147,801,74,0,28821,1,95,749
134,26/08/2026 19:33,36,ENTITY,30003,413596,775,54,0,29171,1,95,752
135,26/08/2026 19:33,36,ENTITY,29768,265071,782,62,0,28920,1,95,752
136,26/08/2026 19:34,36,ENTITY,30737,407394,777,56,0,29900,1,95,740
137,26/08/2026 19:34,36,ENTITY,29692,400911,777,59,0,28853,1,95,740
138,26/08/2026 19:35,36,ENTITY,29850,426379,811,54,0,28982,1,95,746
139,26/08/2026 19:35,36,ENTITY,29712,368977,775,53,0,28880,1,95,730
140,26/08/2026 19:36,36,ENTITY,29418,387807,781,57,0,28576,1,95,740
141,26/08/2026 19:36,36,ENTITY,29353,381625,779,58,0,28513,1,95,753
142,26/08/2026 19:37,36,ENTITY,29684,381822,784,77,0,28820,1,95,746
143,26/08/2026 19:37,36,ENTITY,29962,381865,780,58,0,29120,1,95,743
144,26/08/2026 19:38,36,ENTITY,29592,413659,788,55,0,28746,1,95,761
145,26/08/2026 19:38,36,ENTITY,29771,419987,777,56,0,28936,1,95,764
146,26/08/2026 19:39,36,ENTITY,29727,394516,776,56,0,28892,1,95,735
147,26/08/2026 19:39,36,ENTITY,29933,265495,780,56,0,29093,1,96,751
148,26/08/2026 19:40,36,ENTITY,29906,388080,778,56,0,29069,1,95,747
149,26/08/2026 19:40,36,ENTITY,29872,413802,772,58,0,29038,1,95,737
150,26/08/2026 19:41,36,ENTITY,29619,413591,766,55,0,28795,1,95,749
151,26/08/2026 19:41,36,ENTITY,29635,400870,766,56,0,28809,1,95,755
152,26/08/2026 19:42,36,ENTITY,29517,265223,774,59,0,28680,1,95,756
153,26/08/2026 19:42,36,ENTITY,29439,413793,771,56,0,28608,1,95,752
154,26/08/2026 19:43,36,ENTITY,29879,400973,773,56,0,29047,1,95,753
155,26/08/2026 19:43,36,ENTITY,29916,419920,786,73,0,29054,1,95,737
156,26/08/2026 19:44,36,ENTITY,29717,413794,773,56,0,28885,1,95,732
157,26/08/2026 19:44,36,ENTITY,29634,400924,780,56,0,28796,1,95,754
158,26/08/2026 19:45,36,ENTITY,29672,407381,791,57,0,28820,1,95,746
159,26/08/2026 19:45,36,ENTITY,29581,407178,794,58,0,28726,1,95,743
160,26/08/2026 19:46,36,ENTITY,29591,407172,772,56,0,28759,1,95,754
161,26/08/2026 19:46,36,ENTITY,29977,420121,774,57,0,29142,1,95,750
162,26/08/2026 19:47,36,ENTITY,29852,413854,799,65,0,28985,1,95,749
163,26/08/2026 19:47,36,ENTITY,29810,419946,777,57,0,28972,1,95,740
164,26/08/2026 19:48,36,ENTITY,29522,407397,776,56,0,28687,1,95,773
165,26/08/2026 19:48,36,ENTITY,30265,413604,775,55,0,29432,1,95,749
166,26/08/2026 19:49,36,ENTITY,29628,420077,779,56,0,28790,1,95,747
167,26/08/2026 19:49,36,ENTITY,29736,401163,779,56,0,28897,1,95,740
168,26/08/2026 19:50,36,ENTITY,29746,388028,780,59,0,28904,1,95,747
169,26/08/2026 19:50,36,ENTITY,29436,413741,787,76,0,28570,1,95,743
170,26/08/2026 19:51,36,ENTITY,29549,291326,771,57,0,28717,1,96,756
171,26/08/2026 19:51,36,ENTITY,29698,375569,797,58,0,28840,1,95,748
172,26/08/2026 19:52,36,ENTITY,29836,419912,781,58,0,28995,1,95,752
173,26/08/2026 19:52,36,ENTITY,29860,400866,777,58,0,29022,1,95,735
174,26/08/2026 19:53,36,ENTITY,29338,413792,781,55,0,28498,1,95,720
175,26/08/2026 19:53,36,ENTITY,29470,413422,777,55,0,28634,1,95,754
176,26/08/2026 19:54,36,ENTITY,29689,387989,778,56,0,28851,1,95,746
177,26/08/2026 19:54,36,ENTITY,29893,413724,774,55,0,29061,1,95,745
178,26/08/2026 19:55,36,ENTITY,29402,413858,777,56,0,28565,1,95,747
179,26/08/2026 19:55,36,ENTITY,29567,401085,781,57,0,28726,1,95,748
180,26/08/2026 19:56,36,ENTITY,29843,425980,785,68,0,28986,1,95,746
181,26/08/2026 19:56,36,ENTITY,29600,419909,792,55,0,28749,1,95,754
182,26/08/2026 19:57,36,ENTITY,29683,468987,809,59,0,28812,1,94,743
183,26/08/2026 19:57,36,ENTITY,29730,413832,778,58,0,28890,1,95,744
184,26/08/2026 19:58,36,ENTITY,30014,375667,840,66,0,29104,1,95,752
185,26/08/2026 19:58,36,ENTITY,29892,419912,778,56,0,29054,1,95,750
186,26/08/2026 19:59,36,ENTITY,29773,375544,775,58,0,28937,1,95,747
187,26/08/2026 19:59,36,ENTITY,29464,401151,789,56,0,28616,1,95,746
188,26/08/2026 20:00,36,ENTITY,29463,475715,782,56,0,28621,1,94,749
189,26/08/2026 20:00,36,ENTITY,29976,291172,784,57,0,29132,1,96,756
190,26/08/2026 20:01,36,ENTITY,29863,278110,816,77,0,28967,1,95,762
191,26/08/2026 20:01,36,ENTITY,29726,400911,845,57,0,28821,1,95,743
192,26/08/2026 20:02,36,ENTITY,29914,413881,777,57,0,29077,1,95,756
193,26/08/2026 20:02,36,ENTITY,29712,387941,772,55,0,28882,1,95,760
194,26/08/2026 20:03,36,ENTITY,29847,419825,834,57,0,28952,1,95,753
195,26/08/2026 20:03,36,ENTITY,29626,407444,777,56,0,28790,1,95,731
196,26/08/2026 20:04,36,ENTITY,29172,414070,773,57,0,28338,1,95,759
197,26/08/2026 20:04,36,ENTITY,29918,400748,775,55,0,29083,1,95,745
198,26/08/2026 20:05,36,ENTITY,29716,401101,772,55,0,28885,1,95,749
199,26/08/2026 20:05,36,ENTITY,29515,400933,823,66,0,28622,1,95,752
200,26/08/2026 20:06,36,ENTITY,29772,413596,772,57,0,28940,1,95,753
1,26/08/2026 20:07,45,ENTITY,78701,502979,797,83,0,77819,1,212,2245
2,26/08/2026 20:09,45,ENTITY,78109,302312,771,65,0,77269,1,213,2207
3,26/08/2026 20:10,45,ENTITY,77692,391305,780,79,0,76830,1,213,2204
4,26/08/2026 20:11,45,ENTITY,78072,409890,771,61,0,77236,1,213,2219
5,26/08/2026 20:12,45,ENTITY,80019,347690,778,59,0,79178,1,213,2236
6,26/08/2026 20:14,45,ENTITY,80160,501665,770,65,0,79322,1,213,2250
7,26/08/2026 20:15,45,ENTITY,78748,359212,783,81,0,77880,1,213,2215
8,26/08/2026 20:16,45,ENTITY,78473,497022,768,65,0,77637,1,212,2229
9,26/08/2026 20:18,45,ENTITY,78679,335061,768,65,0,77842,1,213,2296
10,26/08/2026 20:19,45,ENTITY,78422,422166,766,63,0,77590,1,213,2231
11,26/08/2026 20:20,45,ENTITY,78127,422704,772,62,0,77290,1,213,2232
12,26/08/2026 20:22,45,ENTITY,78509,351840,775,67,0,77664,1,215,2230
13,26/08/2026 20:23,45,ENTITY,80057,441624,831,75,0,79148,1,214,2222
14,26/08/2026 20:24,45,ENTITY,78547,296218,833,62,0,77649,1,213,2260
15,26/08/2026 20:26,45,ENTITY,76834,397351,774,65,0,75991,1,213,2218
16,26/08/2026 20:27,45,ENTITY,79046,473186,770,63,0,78209,1,214,2226
17,26/08/2026 20:28,45,ENTITY,80174,522155,837,82,0,79251,1,212,2234
18,26/08/2026 20:30,45,ENTITY,78766,459994,775,62,0,77924,1,212,2250
19,26/08/2026 20:31,45,ENTITY,79295,334291,777,64,0,78450,1,215,2258
20,26/08/2026 20:32,45,ENTITY,77644,289848,780,64,0,76796,1,213,2250
21,26/08/2026 20:34,45,ENTITY,77604,333717,774,64,0,76763,1,213,2225
22,26/08/2026 20:35,45,ENTITY,78001,503486,797,77,0,77124,1,212,2219
23,26/08/2026 20:36,45,ENTITY,78381,447685,778,63,0,77537,1,213,2248
24,26/08/2026 20:37,45,ENTITY,78530,359149,767,63,0,77697,1,213,2238
25,26/08/2026 20:39,45,ENTITY,78682,489889,812,81,0,77786,1,213,2217
26,26/08/2026 20:40,45,ENTITY,77514,466974,801,64,0,76646,1,213,2196
27,26/08/2026 20:41,45,ENTITY,78483,478072,776,62,0,77642,1,213,2236
28,26/08/2026 20:43,45,ENTITY,79288,410060,776,58,0,78450,1,213,2214
29,26/08/2026 20:44,45,ENTITY,78409,289783,779,62,0,77564,1,213,2243
30,26/08/2026 20:45,45,ENTITY,78325,276278,814,84,0,77424,1,215,2262
31,26/08/2026 20:47,45,ENTITY,77184,212395,793,73,0,76314,1,213,2214
32,26/08/2026 20:48,45,ENTITY,78159,514297,797,90,0,77269,1,213,2231
33,26/08/2026 20:49,45,ENTITY,77961,322382,779,62,0,77118,1,213,2238
34,26/08/2026 20:50,45,ENTITY,77313,359314,785,64,0,76460,1,213,2207
35,26/08/2026 20:52,45,ENTITY,80382,289690,775,65,0,79539,1,213,2260
36,26/08/2026 20:53,45,ENTITY,78807,465272,770,62,0,77972,2,213,2246
37,26/08/2026 20:54,45,ENTITY,79866,453835,779,64,0,79019,1,214,2236
38,26/08/2026 20:56,45,ENTITY,77287,367274,774,65,0,76444,1,213,2227
39,26/08/2026 20:57,45,ENTITY,80716,354303,790,61,0,79861,1,213,2254
40,26/08/2026 20:58,45,ENTITY,78863,269590,795,64,0,78001,1,212,2277
41,26/08/2026 21:00,45,ENTITY,78994,359036,826,77,0,78087,1,213,2301
42,26/08/2026 21:01,45,ENTITY,78098,365644,776,63,0,77255,1,213,2258
43,26/08/2026 21:02,45,ENTITY,79458,384619,786,62,0,78607,1,212,2252
44,26/08/2026 21:04,45,ENTITY,77099,522515,819,76,0,76200,1,212,2229
45,26/08/2026 21:05,45,ENTITY,78670,506028,775,63,0,77828,1,213,2273
46,26/08/2026 21:06,45,ENTITY,79598,275017,779,65,0,78750,1,213,2250
47,26/08/2026 21:08,45,ENTITY,78868,276209,841,62,0,77962,1,213,2231
48,26/08/2026 21:09,45,ENTITY,78090,359409,803,80,0,77204,1,213,2236
49,26/08/2026 21:10,45,ENTITY,80354,447668,789,69,0,79493,1,213,2222
50,26/08/2026 21:12,45,ENTITY,77412,307183,781,63,0,76565,1,213,2245
51,26/08/2026 21:13,45,ENTITY,78675,296456,831,85,0,77756,1,213,2259
52,26/08/2026 21:14,45,ENTITY,78516,251022,775,73,0,77665,1,215,2280
53,26/08/2026 21:16,45,ENTITY,77354,352156,786,60,0,76505,1,215,2250
54,26/08/2026 21:17,45,ENTITY,79299,354210,825,85,0,78386,1,213,2222
55,26/08/2026 21:18,45,ENTITY,77577,333423,778,61,0,76735,1,213,2230
56,26/08/2026 21:19,45,ENTITY,78273,339245,773,62,0,77435,1,213,2281
57,26/08/2026 21:21,45,ENTITY,79503,458465,785,57,0,78657,1,213,2228
58,26/08/2026 21:22,45,ENTITY,79658,333074,791,91,0,78772,1,213,2219
59,26/08/2026 21:23,45,ENTITY,76965,386020,764,62,0,76136,1,213,2193
60,26/08/2026 21:25,45,ENTITY,79845,296184,793,61,0,78988,1,213,2223
61,26/08/2026 21:26,45,ENTITY,79500,522668,772,63,0,78661,1,214,2291
62,26/08/2026 21:27,45,ENTITY,80053,327056,770,64,0,79215,1,215,2222
63,26/08/2026 21:29,45,ENTITY,77349,335172,773,64,0,76509,1,213,2236
64,26/08/2026 21:30,45,ENTITY,78273,403602,806,65,0,77398,1,213,2198
65,26/08/2026 21:31,45,ENTITY,79061,464550,773,63,0,78221,1,213,2199
66,26/08/2026 21:33,45,ENTITY,78586,301189,777,63,0,77743,1,213,2239
67,26/08/2026 21:34,45,ENTITY,76824,397323,774,64,0,75983,1,213,2244
68,26/08/2026 21:35,45,ENTITY,77249,295877,771,62,0,76413,1,213,2292
69,26/08/2026 21:37,45,ENTITY,78304,471721,771,63,0,77466,1,213,2207
70,26/08/2026 21:38,45,ENTITY,77361,326877,769,62,0,76526,1,215,2215
71,26/08/2026 21:39,45,ENTITY,78452,339514,771,64,0,77614,1,213,2239
72,26/08/2026 21:40,45,ENTITY,78834,289149,827,69,0,77934,1,213,2281
73,26/08/2026 21:42,45,ENTITY,79755,333270,773,62,0,78916,1,213,2242
74,26/08/2026 21:43,45,ENTITY,78225,340089,771,62,0,77389,1,213,2240
75,26/08/2026 21:44,45,ENTITY,76946,283258,776,65,0,76102,1,213,2247
76,26/08/2026 21:46,45,ENTITY,78728,335192,785,65,0,77875,1,213,2258
77,26/08/2026 21:47,45,ENTITY,77363,359287,774,64,0,76522,1,213,2246
78,26/08/2026 21:48,45,ENTITY,79054,458920,781,96,0,78173,1,213,2217
79,26/08/2026 21:50,45,ENTITY,78964,352921,779,65,0,78118,1,213,2239
80,26/08/2026 21:51,45,ENTITY,79918,333095,778,62,0,79074,1,213,2273
81,26/08/2026 21:52,45,ENTITY,78685,302295,777,62,0,77842,1,213,2238
82,26/08/2026 21:54,45,ENTITY,77174,335115,777,64,0,76329,1,213,2203
83,26/08/2026 21:55,45,ENTITY,79256,465017,780,65,0,78408,1,213,2252
84,26/08/2026 21:56,45,ENTITY,77484,326428,782,62,0,76638,1,215,2225
85,26/08/2026 21:58,45,ENTITY,78579,415889,824,80,0,77672,1,212,2221
86,26/08/2026 21:59,45,ENTITY,77851,509079,812,94,0,76941,1,212,2242
87,26/08/2026 22:00,45,ENTITY,78533,296093,773,64,0,77692,1,213,2243
88,26/08/2026 22:01,45,ENTITY,77554,465643,772,64,0,76714,1,213,2254
89,26/08/2026 22:03,45,ENTITY,79992,332976,842,85,0,79061,1,213,2242
90,26/08/2026 22:04,45,ENTITY,79878,333096,769,65,0,79041,1,213,2243
91,26/08/2026 22:05,45,ENTITY,76997,483281,791,66,0,76137,1,213,2200
92,26/08/2026 22:07,45,ENTITY,76793,483650,783,63,0,75944,1,213,2220
93,26/08/2026 22:08,45,ENTITY,77199,416140,768,64,0,76363,1,213,2258
94,26/08/2026 22:09,45,ENTITY,78510,212525,789,65,0,77653,1,215,2246
95,26/08/2026 22:11,45,ENTITY,79135,334998,837,62,0,78233,1,213,2287
96,26/08/2026 22:12,45,ENTITY,77340,364481,778,62,0,76496,1,215,2268
97,26/08/2026 22:13,45,ENTITY,78560,212296,779,65,0,77713,1,213,2280
98,26/08/2026 22:15,45,ENTITY,78324,483027,782,63,0,77476,1,213,2236
99,26/08/2026 22:16,45,ENTITY,77263,416128,776,66,0,76418,1,213,2234
100,26/08/2026 22:17,45,ENTITY,78521,483201,777,65,0,77676,1,213,2222
101,26/08/2026 22:18,45,ENTITY,80158,339531,781,62,0,79311,2,213,2258
102,26/08/2026 22:20,45,ENTITY,77031,422494,772,63,0,76192,1,213,2242
103,26/08/2026 22:21,45,ENTITY,78761,219034,791,79,0,77889,1,213,2231
104,26/08/2026 22:22,45,ENTITY,78826,501957,780,65,0,77977,1,213,2210
105,26/08/2026 22:24,45,ENTITY,77181,384283,789,86,0,76302,1,212,2243
106,26/08/2026 22:25,45,ENTITY,79707,415760,771,62,0,78871,1,213,2236
107,26/08/2026 22:26,45,ENTITY,77109,281749,777,63,0,76266,1,213,2245
108,26/08/2026 22:28,45,ENTITY,79336,333611,778,61,0,78493,2,213,2222
109,26/08/2026 22:29,45,ENTITY,78541,347160,787,63,0,77688,1,213,2241
110,26/08/2026 22:30,45,ENTITY,78942,367239,778,62,0,78099,1,213,2271
111,26/08/2026 22:32,45,ENTITY,77684,264010,776,64,0,76840,1,215,2268
112,26/08/2026 22:33,45,ENTITY,78097,302353,823,69,0,77202,1,213,2240
113,26/08/2026 22:34,45,ENTITY,78683,441615,771,62,0,77846,1,213,2270
114,26/08/2026 22:35,45,ENTITY,78385,495509,776,63,0,77542,1,213,2261
115,26/08/2026 22:37,45,ENTITY,78305,326990,768,55,0,77479,1,213,2236
116,26/08/2026 22:38,45,ENTITY,79236,397429,779,82,0,78371,1,213,2254
117,26/08/2026 22:39,45,ENTITY,77256,360561,814,62,0,76377,1,213,2232
118,26/08/2026 22:41,45,ENTITY,77354,333031,779,62,0,76510,1,213,2234
119,26/08/2026 22:42,45,ENTITY,79344,447937,777,62,0,78501,1,213,2273
120,26/08/2026 22:43,45,ENTITY,77341,458932,792,63,0,76483,1,213,2273
121,26/08/2026 22:45,45,ENTITY,77045,470352,775,64,0,76203,1,213,2218
122,26/08/2026 22:46,45,ENTITY,79339,281967,781,63,0,78493,1,213,2202
123,26/08/2026 22:47,45,ENTITY,76884,326943,774,62,0,76045,1,213,2208
124,26/08/2026 22:49,45,ENTITY,79434,458513,783,65,0,78583,1,213,2237
125,26/08/2026 22:50,45,ENTITY,78269,333121,796,80,0,77389,1,213,2262
126,26/08/2026 22:51,45,ENTITY,78988,441057,770,58,0,78157,1,213,2216
127,26/08/2026 22:52,45,ENTITY,77428,409936,780,66,0,76578,2,212,2215
128,26/08/2026 22:54,45,ENTITY,78347,458314,817,81,0,77446,1,213,2251
129,26/08/2026 22:55,45,ENTITY,79248,323216,808,98,0,78339,1,213,2228
130,26/08/2026 22:56,45,ENTITY,77984,332578,771,62,0,77148,1,215,2253
131,26/08/2026 22:58,45,ENTITY,78313,390684,817,72,0,77420,1,212,2221
132,26/08/2026 22:59,45,ENTITY,78340,296048,771,64,0,77501,1,213,2213
133,26/08/2026 23:00,45,ENTITY,78732,352943,779,58,0,77891,1,213,2242
134,26/08/2026 23:02,45,ENTITY,80452,326789,778,62,0,79609,1,213,2250
135,26/08/2026 23:03,45,ENTITY,79042,295916,847,77,0,78114,1,213,2236
136,26/08/2026 23:04,45,ENTITY,79682,522325,789,63,0,78826,1,212,2241
137,26/08/2026 23:06,45,ENTITY,79566,423316,779,65,0,78719,1,213,2222
138,26/08/2026 23:07,45,ENTITY,78964,464914,779,63,0,78119,1,213,2205
139,26/08/2026 23:08,45,ENTITY,79804,458468,771,63,0,78967,1,213,2219
140,26/08/2026 23:10,45,ENTITY,78868,339602,780,65,0,78019,1,215,2266
141,26/08/2026 23:11,45,ENTITY,77973,415716,863,86,0,77021,1,213,2311
142,26/08/2026 23:12,45,ENTITY,78768,329415,768,64,0,77933,1,213,2236
143,26/08/2026 23:14,45,ENTITY,78389,329484,777,65,0,77543,1,213,2237
144,26/08/2026 23:15,45,ENTITY,77560,367235,779,65,0,76713,1,213,2225
145,26/08/2026 23:16,45,ENTITY,79194,503234,806,84,0,78300,1,212,2210
146,26/08/2026 23:17,45,ENTITY,76987,333167,778,63,0,76143,1,213,2225
147,26/08/2026 23:19,45,ENTITY,79541,322506,796,80,0,78662,1,213,2281
148,26/08/2026 23:20,45,ENTITY,77518,495099,779,65,0,76670,1,213,2230
149,26/08/2026 23:21,45,ENTITY,77525,470547,777,65,0,76679,1,213,2254
150,26/08/2026 23:23,45,ENTITY,78709,346040,845,76,0,77784,1,215,2238
151,26/08/2026 23:24,45,ENTITY,78352,351690,794,65,0,77489,1,213,2245
152,26/08/2026 23:25,45,ENTITY,80095,354597,781,64,0,79246,1,213,2246
153,26/08/2026 23:27,45,ENTITY,77555,479044,794,64,0,76693,1,214,2236
154,26/08/2026 23:28,45,ENTITY,77795,294870,776,62,0,76953,1,213,2220
155,26/08/2026 23:29,45,ENTITY,79692,289708,778,63,0,78847,1,213,2244
156,26/08/2026 23:31,45,ENTITY,78893,290018,785,61,0,78043,1,213,2225
157,26/08/2026 23:32,45,ENTITY,78568,435393,779,65,0,77721,1,213,2244
158,26/08/2026 23:33,45,ENTITY,78335,289955,772,65,0,77495,1,213,2230
159,26/08/2026 23:35,45,ENTITY,77124,522680,797,58,0,76265,1,214,2193
160,26/08/2026 23:36,45,ENTITY,78109,328620,774,63,0,77269,1,213,2220
161,26/08/2026 23:37,45,ENTITY,77637,276450,773,65,0,76795,1,215,2246
162,26/08/2026 23:38,45,ENTITY,78542,497381,820,60,0,77658,1,212,2199
163,26/08/2026 23:40,45,ENTITY,78096,282801,778,63,0,77251,1,213,2219
164,26/08/2026 23:41,45,ENTITY,78374,510482,770,62,0,77539,1,214,2261
165,26/08/2026 23:42,45,ENTITY,77250,397903,771,64,0,76413,1,213,2227
166,26/08/2026 23:44,45,ENTITY,78670,333422,847,71,0,77748,1,213,2260
167,26/08/2026 23:45,45,ENTITY,77682,365174,778,63,0,76838,1,215,2216
168,26/08/2026 23:46,45,ENTITY,78001,333210,775,65,0,77158,1,213,2236
169,26/08/2026 23:48,45,ENTITY,77081,497658,775,58,0,76245,1,212,2258
170,26/08/2026 23:49,45,ENTITY,79055,367629,772,62,0,78219,1,213,2211
171,26/08/2026 23:50,45,ENTITY,78857,339611,773,64,0,78017,1,213,2266
172,26/08/2026 23:52,45,ENTITY,78633,276434,770,62,0,77797,1,213,2224
173,26/08/2026 23:53,45,ENTITY,78965,403720,809,86,0,78067,1,213,2237
174,26/08/2026 23:54,45,ENTITY,77351,360799,787,76,0,76485,1,213,2270
175,26/08/2026 23:55,45,ENTITY,78700,288236,775,65,0,77857,1,213,2214
176,26/08/2026 23:57,45,ENTITY,77812,296066,771,62,0,76976,1,213,2223
177,26/08/2026 23:58,45,ENTITY,77448,485557,796,65,0,76583,1,214,2220
178,26/08/2026 23:59,45,ENTITY,77913,250577,782,62,0,77065,1,215,2242
179,27/08/2026 00:01,45,ENTITY,78503,282185,781,63,0,77655,1,213,2231
180,27/08/2026 00:02,45,ENTITY,77904,416173,836,77,0,76987,1,213,2255
181,27/08/2026 00:03,45,ENTITY,78319,458550,778,73,0,77464,1,213,2205
182,27/08/2026 00:05,45,ENTITY,77713,460232,775,64,0,76869,1,213,2228
183,27/08/2026 00:06,45,ENTITY,78906,423224,773,63,0,78067,1,213,2265
184,27/08/2026 00:07,45,ENTITY,77146,503611,778,65,0,76300,1,212,2242
185,27/08/2026 00:09,45,ENTITY,78871,333323,795,76,0,77996,1,213,2253
186,27/08/2026 00:10,45,ENTITY,78556,367424,782,65,0,77706,1,213,2248
187,27/08/2026 00:11,45,ENTITY,78754,464828,771,61,0,77919,1,213,2271
188,27/08/2026 00:12,45,ENTITY,77671,460282,773,65,0,76830,1,213,2207
189,27/08/2026 00:14,45,ENTITY,77378,483009,774,65,0,76536,1,213,2254
190,27/08/2026 00:15,45,ENTITY,78322,359291,772,64,0,77483,1,213,2248
191,27/08/2026 00:16,45,ENTITY,77743,458630,774,63,0,76903,1,213,2246
192,27/08/2026 00:18,45,ENTITY,78942,282317,769,64,0,78105,1,215,2229
193,27/08/2026 00:19,45,ENTITY,77617,516165,771,62,0,76781,1,214,2254
194,27/08/2026 00:20,45,ENTITY,76807,327536,778,63,0,75963,1,213,2247
195,27/08/2026 00:22,45,ENTITY,79675,296108,771,62,0,78839,1,213,2245
196,27/08/2026 00:23,45,ENTITY,78421,460654,809,64,0,77545,1,214,2254
197,27/08/2026 00:24,45,ENTITY,77940,397529,782,64,0,77091,1,213,2225
198,27/08/2026 00:26,45,ENTITY,79682,339537,775,60,0,78843,1,213,2250
199,27/08/2026 00:27,45,ENTITY,80110,429474,771,63,0,79272,1,213,2257
200,27/08/2026 00:28,45,ENTITY,79200,281804,773,64,0,78360,1,213,2235
1,27/08/2026 00:29,54,ENTITY,64916,412112,774,68,0,64071,1,185,1477
2,27/08/2026 00:30,54,ENTITY,64943,445182,776,69,0,64094,1,185,1440
3,27/08/2026 00:32,54,ENTITY,65561,425080,814,97,0,64646,1,186,1571
4,27/08/2026 00:33,54,ENTITY,64782,729380,769,70,0,63940,1,184,1453
5,27/08/2026 00:34,54,ENTITY,65940,730054,770,67,0,65100,1,184,1442
6,27/08/2026 00:35,54,ENTITY,64664,661875,776,68,0,63817,1,185,1438
7,27/08/2026 00:36,54,ENTITY,64917,425084,776,76,0,64062,1,185,1454
8,27/08/2026 00:37,54,ENTITY,65071,425412,771,69,0,64227,1,185,1483
9,27/08/2026 00:38,54,ENTITY,64971,412098,795,68,0,64104,1,185,1453
10,27/08/2026 00:39,54,ENTITY,66006,729482,770,70,0,65163,1,184,1441
11,27/08/2026 00:40,54,ENTITY,65007,709787,773,67,0,64162,1,184,1451
12,27/08/2026 00:41,54,ENTITY,64808,724290,838,67,0,63900,1,184,1466
13,27/08/2026 00:42,54,ENTITY,65190,654795,777,68,0,64341,1,185,1454
14,27/08/2026 00:44,54,ENTITY,65123,425386,801,84,0,64234,1,185,1493
15,27/08/2026 00:45,54,ENTITY,65104,431407,772,69,0,64259,1,185,1461
16,27/08/2026 00:46,54,ENTITY,65023,716153,776,68,0,64175,1,184,1466
17,27/08/2026 00:47,54,ENTITY,64210,425451,772,67,0,63368,1,185,1472
18,27/08/2026 00:48,54,ENTITY,65087,661547,769,63,0,64252,1,185,1463
19,27/08/2026 00:49,54,ENTITY,64917,418714,769,70,0,64075,1,185,1456
20,27/08/2026 00:50,54,ENTITY,64901,432105,775,66,0,64056,1,185,1465
21,27/08/2026 00:51,54,ENTITY,64909,451775,775,67,0,64064,1,185,1468
22,27/08/2026 00:52,54,ENTITY,64858,709297,810,89,0,63956,1,184,1475
23,27/08/2026 00:53,54,ENTITY,65555,418559,786,67,0,64699,1,185,1494
24,27/08/2026 00:54,54,ENTITY,64526,425323,770,67,0,63685,1,185,1442
25,27/08/2026 00:55,54,ENTITY,64516,424740,805,87,0,63620,1,185,1436
26,27/08/2026 00:57,54,ENTITY,65007,622184,778,70,0,64155,1,185,1459
27,27/08/2026 00:58,54,ENTITY,64773,432004,773,67,0,63929,1,185,1450
28,27/08/2026 00:59,54,ENTITY,64127,655343,773,68,0,63282,1,185,1466
29,27/08/2026 01:00,54,ENTITY,64670,716191,764,70,0,63833,2,184,1476
30,27/08/2026 01:01,54,ENTITY,65389,452155,772,69,0,64544,1,185,1505
31,27/08/2026 01:02,54,ENTITY,65456,425080,786,70,0,64597,1,185,1442
32,27/08/2026 01:03,54,ENTITY,65174,696205,781,68,0,64321,1,184,1455
33,27/08/2026 01:04,54,ENTITY,65235,425062,789,70,0,64372,1,185,1447
34,27/08/2026 01:05,54,ENTITY,65055,424565,769,70,0,64213,1,186,1449
35,27/08/2026 01:06,54,ENTITY,64174,654936,774,71,0,63326,1,185,1442
36,27/08/2026 01:07,54,ENTITY,65338,431642,799,69,0,64466,1,185,1464
37,27/08/2026 01:08,54,ENTITY,64159,661830,783,69,0,63304,1,185,1472
38,27/08/2026 01:10,54,ENTITY,64824,411954,783,63,0,63975,1,185,1477
39,27/08/2026 01:11,54,ENTITY,65195,715500,777,69,0,64345,1,184,1444
40,27/08/2026 01:12,54,ENTITY,64203,412088,775,67,0,63358,1,185,1489
41,27/08/2026 01:13,54,ENTITY,65094,716504,770,67,0,64253,1,184,1457
42,27/08/2026 01:14,54,ENTITY,65112,418565,772,69,0,64268,1,185,1507
43,27/08/2026 01:15,54,ENTITY,65021,655444,776,70,0,64172,1,185,1474
44,27/08/2026 01:16,54,ENTITY,64884,418782,828,82,0,63970,1,185,1483
45,27/08/2026 01:17,54,ENTITY,64122,405918,787,69,0,63262,1,185,1492
46,27/08/2026 01:18,54,ENTITY,65463,648646,773,68,0,64619,1,185,1473
47,27/08/2026 01:19,54,ENTITY,64278,405306,775,71,0,63429,1,185,1458
48,27/08/2026 01:20,54,ENTITY,64625,655420,776,69,0,63778,1,185,1458
49,27/08/2026 01:21,54,ENTITY,65322,655019,779,67,0,64472,1,185,1447
50,27/08/2026 01:23,54,ENTITY,65360,722962,769,70,0,64518,1,184,1466
51,27/08/2026 01:24,54,ENTITY,65249,661382,835,93,0,64318,1,185,1450
52,27/08/2026 01:25,54,ENTITY,65145,418765,818,81,0,64243,1,185,1478
53,27/08/2026 01:26,54,ENTITY,64132,431973,774,68,0,63287,1,185,1497
54,27/08/2026 01:27,54,ENTITY,65148,431792,772,69,0,64304,1,185,1468
55,27/08/2026 01:28,54,ENTITY,64980,425136,774,67,0,64136,1,185,1487
56,27/08/2026 01:29,54,ENTITY,65445,432009,815,86,0,64541,1,185,1460
57,27/08/2026 01:30,54,ENTITY,64439,648927,770,69,0,63595,1,185,1456
58,27/08/2026 01:31,54,ENTITY,65012,425224,770,69,0,64169,1,185,1478
59,27/08/2026 01:32,54,ENTITY,64917,721504,775,78,0,64060,1,186,1462
60,27/08/2026 01:33,54,ENTITY,65495,708976,771,74,0,64647,1,184,1444
61,27/08/2026 01:35,54,ENTITY,64910,418333,776,69,0,64061,1,186,1475
62,27/08/2026 01:36,54,ENTITY,64762,425016,773,68,0,63919,1,185,1476
63,27/08/2026 01:37,54,ENTITY,64416,425173,772,67,0,63573,1,185,1503
64,27/08/2026 01:38,54,ENTITY,64415,718800,800,74,0,63538,1,184,1444
65,27/08/2026 01:39,54,ENTITY,65158,425451,771,65,0,64320,1,185,1462
66,27/08/2026 01:40,54,ENTITY,65092,710041,793,90,0,64205,1,184,1456
67,27/08/2026 01:41,54,ENTITY,64219,715901,768,70,0,63378,1,184,1441
68,27/08/2026 01:42,54,ENTITY,65799,709641,768,71,0,64957,1,184,1459
69,27/08/2026 01:43,54,ENTITY,65714,452370,778,67,0,64865,1,185,1557
70,27/08/2026 01:44,54,ENTITY,65106,655084,776,67,0,64259,1,185,1478
71,27/08/2026 01:45,54,ENTITY,64247,425385,825,85,0,63334,1,185,1445
72,27/08/2026 01:46,54,ENTITY,65211,411864,780,67,0,64361,2,185,1460
73,27/08/2026 01:48,54,ENTITY,65155,425528,806,86,0,64260,1,185,1493
74,27/08/2026 01:49,54,ENTITY,64601,729860,832,80,0,63685,1,184,1440
75,27/08/2026 01:50,54,ENTITY,64865,405392,796,82,0,63973,12,185,1523
76,27/08/2026 01:51,54,ENTITY,65509,431921,773,69,0,64664,1,185,1484
77,27/08/2026 01:52,54,ENTITY,63844,642120,773,65,0,63003,1,185,1443
78,27/08/2026 01:53,54,ENTITY,65364,438643,772,66,0,64523,1,185,1462
79,27/08/2026 01:54,54,ENTITY,64119,425444,771,70,0,63275,1,185,1461
80,27/08/2026 01:55,54,ENTITY,65451,662979,862,86,0,64499,1,186,1495
81,27/08/2026 01:56,54,ENTITY,65436,722955,832,107,0,64494,1,184,1455
82,27/08/2026 01:57,54,ENTITY,65250,710120,769,70,0,64407,1,184,1486
83,27/08/2026 01:58,54,ENTITY,65066,418976,768,70,0,64225,1,185,1464
84,27/08/2026 02:00,54,ENTITY,65147,418660,812,68,0,64264,1,185,1446
85,27/08/2026 02:01,54,ENTITY,64117,451976,770,68,0,63275,1,185,1486
86,27/08/2026 02:02,54,ENTITY,64713,431710,775,69,0,63866,1,185,1430
87,27/08/2026 02:03,54,ENTITY,65295,445058,792,84,0,64416,1,185,1457
88,27/08/2026 02:04,54,ENTITY,64658,709556,767,70,0,63818,1,184,1445
89,27/08/2026 02:05,54,ENTITY,64555,432022,822,92,0,63638,1,185,1453
90,27/08/2026 02:06,54,ENTITY,65169,445397,772,68,0,64326,1,185,1466
91,27/08/2026 02:07,54,ENTITY,64331,425125,769,68,0,63491,1,185,1464
92,27/08/2026 02:08,54,ENTITY,64875,418796,774,67,0,64031,1,185,1475
93,27/08/2026 02:09,54,ENTITY,64626,722864,771,68,0,63783,1,184,1471
94,27/08/2026 02:10,54,ENTITY,66553,425155,822,72,0,65656,1,185,1455
95,27/08/2026 02:11,54,ENTITY,64569,418588,770,67,0,63728,1,185,1484
96,27/08/2026 02:13,54,ENTITY,65240,418647,774,67,0,64396,1,185,1481
97,27/08/2026 02:14,54,ENTITY,64603,643593,769,67,0,63764,1,186,1523
98,27/08/2026 02:15,54,ENTITY,64984,425460,771,65,0,64145,1,185,1430
99,27/08/2026 02:16,54,ENTITY,65179,708445,775,70,0,64331,1,185,1488
100,27/08/2026 02:17,54,ENTITY,65543,425201,770,70,0,64699,1,185,1468
101,27/08/2026 02:18,54,ENTITY,64863,411991,773,68,0,64018,1,185,1446
102,27/08/2026 02:19,54,ENTITY,65331,723055,769,70,0,64489,1,184,1452
103,27/08/2026 02:20,54,ENTITY,64533,697919,809,91,0,63630,1,184,1501
104,27/08/2026 02:21,54,ENTITY,65059,418758,773,69,0,64213,1,185,1518
105,27/08/2026 02:22,54,ENTITY,64641,431927,773,67,0,63797,1,185,1475
106,27/08/2026 02:23,54,ENTITY,65372,438257,767,69,0,64533,1,185,1470
107,27/08/2026 02:25,54,ENTITY,65026,716363,775,70,0,64178,1,184,1465
108,27/08/2026 02:26,54,ENTITY,65188,716468,812,70,0,64303,1,184,1476
109,27/08/2026 02:27,54,ENTITY,65363,710010,785,68,0,64506,1,184,1453
110,27/08/2026 02:28,54,ENTITY,65016,661572,775,67,0,64171,1,185,1483
111,27/08/2026 02:29,54,ENTITY,64908,411916,772,66,0,64067,1,185,1459
112,27/08/2026 02:30,54,ENTITY,64801,411786,785,69,0,63943,1,185,1504
113,27/08/2026 02:31,54,ENTITY,65565,405141,769,68,0,64725,1,186,1482
114,27/08/2026 02:32,54,ENTITY,64973,703064,773,67,0,64130,1,184,1462
115,27/08/2026 02:33,54,ENTITY,65517,424846,779,68,0,64667,1,185,1473
116,27/08/2026 02:34,54,ENTITY,65125,702171,774,68,0,64279,1,184,1410
117,27/08/2026 02:35,54,ENTITY,64900,709709,803,67,0,64027,1,184,1455
118,27/08/2026 02:36,54,ENTITY,64800,425178,774,70,0,63952,1,185,1464
119,27/08/2026 02:38,54,ENTITY,64604,716134,771,70,0,63761,1,184,1422
120,27/08/2026 02:39,54,ENTITY,64521,655424,767,67,0,63683,1,185,1451
121,27/08/2026 02:40,54,ENTITY,64882,451870,773,70,0,64036,1,185,1484
122,27/08/2026 02:41,54,ENTITY,65564,722839,797,68,0,64696,1,184,1441
123,27/08/2026 02:42,54,ENTITY,64539,431865,768,66,0,63701,1,185,1476
124,27/08/2026 02:43,54,ENTITY,64832,654135,780,89,0,63959,1,183,1443
125,27/08/2026 02:44,54,ENTITY,64767,717416,771,69,0,63924,1,184,1455
126,27/08/2026 02:45,54,ENTITY,65801,412357,813,70,0,64915,2,185,1486
127,27/08/2026 02:46,54,ENTITY,65620,655551,779,90,0,64747,2,185,1506
128,27/08/2026 02:47,54,ENTITY,64605,425370,772,70,0,63760,1,185,1470
129,27/08/2026 02:48,54,ENTITY,64985,424794,770,69,0,64143,1,185,1447
130,27/08/2026 02:50,54,ENTITY,64557,425263,804,67,0,63683,1,185,1500
131,27/08/2026 02:51,54,ENTITY,65404,425387,793,82,0,64525,1,186,1471
132,27/08/2026 02:52,54,ENTITY,64888,654088,772,70,0,64043,1,183,1464
133,27/08/2026 02:53,54,ENTITY,65166,425021,781,70,0,64311,1,186,1481
134,27/08/2026 02:54,54,ENTITY,64779,674724,788,86,0,63902,1,185,1468
135,27/08/2026 02:55,54,ENTITY,64926,425165,772,71,0,64079,1,185,1498
136,27/08/2026 02:56,54,ENTITY,65684,425066,773,67,0,64840,1,186,1471
137,27/08/2026 02:57,54,ENTITY,64338,424911,772,70,0,63492,1,185,1462
138,27/08/2026 02:58,54,ENTITY,65226,425157,797,69,0,64356,1,186,1507
139,27/08/2026 02:59,54,ENTITY,65040,425872,774,70,0,64193,1,185,1462
140,27/08/2026 03:00,54,ENTITY,65219,424974,809,70,0,64336,1,185,1464
141,27/08/2026 03:01,54,ENTITY,64841,405761,768,67,0,64002,1,185,1469
142,27/08/2026 03:03,54,ENTITY,65016,431814,767,69,0,64177,1,185,1481
143,27/08/2026 03:04,54,ENTITY,64687,668077,769,68,0,63847,1,185,1445
144,27/08/2026 03:05,54,ENTITY,64954,425308,781,71,0,64100,1,185,1455
145,27/08/2026 03:06,54,ENTITY,64826,709790,777,68,0,63977,1,184,1437
146,27/08/2026 03:07,54,ENTITY,65752,709966,768,70,0,64910,1,184,1467
147,27/08/2026 03:08,54,ENTITY,64162,424905,774,69,0,63316,1,185,1479
148,27/08/2026 03:09,54,ENTITY,65300,425219,795,91,0,64411,1,185,1451
149,27/08/2026 03:10,54,ENTITY,65613,669815,769,69,0,64772,1,186,1461
150,27/08/2026 03:11,54,ENTITY,65027,418697,796,84,0,64144,1,185,1470
151,27/08/2026 03:12,54,ENTITY,65066,431823,773,68,0,64222,1,185,1511
152,27/08/2026 03:13,54,ENTITY,65406,723355,796,67,0,64540,1,184,1472
153,27/08/2026 03:15,54,ENTITY,64649,444865,804,92,0,63750,1,186,1437
154,27/08/2026 03:16,54,ENTITY,64262,425330,774,69,0,63416,1,185,1454
155,27/08/2026 03:17,54,ENTITY,64894,418563,769,70,0,64052,1,185,1441
156,27/08/2026 03:18,54,ENTITY,65196,676937,806,84,0,64303,1,184,1451
157,27/08/2026 03:19,54,ENTITY,65174,667827,768,70,0,64333,1,185,1475
158,27/08/2026 03:20,54,ENTITY,64433,425598,769,68,0,63592,1,185,1485
159,27/08/2026 03:21,54,ENTITY,65267,654728,771,68,0,64424,1,185,1476
160,27/08/2026 03:22,54,ENTITY,65193,425455,834,85,0,64271,1,185,1484
161,27/08/2026 03:23,54,ENTITY,65246,722883,798,70,0,64374,1,184,1429
162,27/08/2026 03:24,54,ENTITY,64811,709983,775,108,0,63924,1,184,1444
163,27/08/2026 03:25,54,ENTITY,65964,418339,778,69,0,65112,1,186,1470
164,27/08/2026 03:27,54,ENTITY,65536,654836,804,88,0,64640,1,185,1469
165,27/08/2026 03:28,54,ENTITY,64589,418662,771,65,0,63750,1,185,1439
166,27/08/2026 03:29,54,ENTITY,65638,716669,772,69,0,64793,1,184,1463
167,27/08/2026 03:30,54,ENTITY,65388,418688,766,70,0,64548,1,186,1454
168,27/08/2026 03:31,54,ENTITY,65465,694984,779,67,0,64615,1,185,1463
169,27/08/2026 03:32,54,ENTITY,65193,425121,818,85,0,64286,1,185,1530
170,27/08/2026 03:33,54,ENTITY,65298,715921,772,67,0,64456,1,184,1447
171,27/08/2026 03:34,54,ENTITY,65240,729025,808,86,0,64343,1,184,1458
172,27/08/2026 03:35,54,ENTITY,64368,444892,791,83,0,63490,1,185,1467
173,27/08/2026 03:36,54,ENTITY,65151,418435,805,96,0,64246,1,185,1453
174,27/08/2026 03:37,54,ENTITY,65665,628825,777,67,0,64817,1,185,1456
175,27/08/2026 03:39,54,ENTITY,64878,411937,802,80,0,63992,1,185,1467
176,27/08/2026 03:40,54,ENTITY,65540,700943,786,70,0,64681,1,185,1445
177,27/08/2026 03:41,54,ENTITY,65035,432278,769,65,0,64197,1,185,1487
178,27/08/2026 03:42,54,ENTITY,65278,424738,798,87,0,64390,1,185,1478
179,27/08/2026 03:43,54,ENTITY,65153,648696,770,70,0,64310,1,185,1460
180,27/08/2026 03:44,54,ENTITY,65545,716640,774,88,0,64679,1,184,1498
181,27/08/2026 03:45,54,ENTITY,63980,425350,772,68,0,63136,1,185,1494
182,27/08/2026 03:46,54,ENTITY,64581,424472,771,69,0,63739,1,186,1457
183,27/08/2026 03:47,54,ENTITY,65293,425146,781,71,0,64438,1,185,1465
184,27/08/2026 03:48,54,ENTITY,64948,418650,823,88,0,64034,1,185,1467
185,27/08/2026 03:49,54,ENTITY,64881,589591,812,95,0,63971,1,183,1540
186,27/08/2026 03:50,54,ENTITY,64456,628996,770,67,0,63616,1,185,1446
187,27/08/2026 03:52,54,ENTITY,64813,431886,779,71,0,63959,1,185,1482
188,27/08/2026 03:53,54,ENTITY,64316,730174,816,81,0,63415,1,184,1478
189,27/08/2026 03:54,54,ENTITY,64958,634839,772,68,0,64115,1,185,1510
190,27/08/2026 03:55,54,ENTITY,65049,717778,769,68,0,64209,1,184,1474
191,27/08/2026 03:56,54,ENTITY,65300,655378,798,79,0,64420,1,185,1449
192,27/08/2026 03:57,54,ENTITY,65203,425247,777,67,0,64355,1,185,1480
193,27/08/2026 03:58,54,ENTITY,64982,722828,799,67,0,64113,1,184,1476
194,27/08/2026 03:59,54,ENTITY,64557,431935,778,69,0,63707,1,185,1462
195,27/08/2026 04:00,54,ENTITY,64505,425765,773,67,0,63662,1,185,1458
196,27/08/2026 04:01,54,ENTITY,65218,425219,774,67,0,64373,1,185,1474
197,27/08/2026 04:02,54,ENTITY,64108,412053,795,69,0,63240,1,185,1479
198,27/08/2026 04:03,54,ENTITY,64259,655284,770,71,0,63415,1,185,1479
199,27/08/2026 04:05,54,ENTITY,65107,654232,773,67,0,64264,1,183,1446
200,27/08/2026 04:06,54,ENTITY,64900,709275,773,69,0,64054,1,184,1478
1,27/08/2026 04:11,63,ENTITY,304749,901966,773,74,0,303897,1,812,7635
2,27/08/2026 04:16,63,ENTITY,302084,898592,773,73,0,301234,1,811,7655
3,27/08/2026 04:21,63,ENTITY,302671,670622,770,75,0,301822,1,815,7658
4,27/08/2026 04:26,63,ENTITY,302390,867502,766,69,0,301552,1,812,7844
5,27/08/2026 04:31,63,ENTITY,307652,627824,770,75,0,306804,1,816,7645
6,27/08/2026 04:36,63,ENTITY,299271,867933,771,75,0,298422,1,816,7695
7,27/08/2026 04:41,63,ENTITY,304505,849527,776,73,0,303654,1,812,7873
8,27/08/2026 04:46,63,ENTITY,304909,866157,843,99,0,303964,1,812,7719
9,27/08/2026 04:51,63,ENTITY,303257,879810,772,72,0,302409,1,814,7843
10,27/08/2026 04:56,63,ENTITY,304656,853001,784,88,0,303781,1,812,7844
11,27/08/2026 05:01,63,ENTITY,299408,888242,777,75,0,298553,2,812,7634
12,27/08/2026 05:06,63,ENTITY,301365,781266,772,73,0,300517,1,814,7716
13,27/08/2026 05:11,63,ENTITY,305132,624686,775,72,0,304280,1,816,7868
14,27/08/2026 05:17,63,ENTITY,301947,899953,769,75,0,301100,1,811,7746
15,27/08/2026 05:22,63,ENTITY,304276,746058,773,73,0,303427,1,813,8340
16,27/08/2026 05:27,63,ENTITY,302268,841365,772,72,0,301420,1,812,7603
17,27/08/2026 05:32,63,ENTITY,295737,614805,775,77,0,294882,1,812,7720
18,27/08/2026 05:37,63,ENTITY,300185,869112,774,75,0,299333,1,812,8199
19,27/08/2026 05:42,63,ENTITY,305196,874191,846,93,0,304254,1,816,7687
20,27/08/2026 05:47,63,ENTITY,300990,841606,860,98,0,300028,1,810,7891
21,27/08/2026 05:52,63,ENTITY,300075,806156,773,72,0,299226,1,812,7581
22,27/08/2026 05:57,63,ENTITY,294600,868336,773,72,0,293752,1,812,7799
23,27/08/2026 06:02,63,ENTITY,298805,626049,769,72,0,297960,1,816,7836
24,27/08/2026 06:07,63,ENTITY,303502,757454,812,73,0,302613,1,813,7650
25,27/08/2026 06:12,63,ENTITY,306711,613203,843,90,0,305774,1,816,7787
26,27/08/2026 06:17,63,ENTITY,306959,815722,773,75,0,306108,2,816,7722
27,27/08/2026 06:22,63,ENTITY,295106,599196,775,73,0,294254,1,815,7874
28,27/08/2026 06:27,63,ENTITY,301198,860227,815,75,0,300304,1,812,7730
29,27/08/2026 06:32,63,ENTITY,304310,853368,775,72,0,303460,1,812,7893
30,27/08/2026 06:37,63,ENTITY,303085,806647,768,79,0,302234,1,807,7809
31,27/08/2026 06:42,63,ENTITY,304135,723136,773,75,0,303283,1,812,7654
32,27/08/2026 06:47,63,ENTITY,306688,776383,776,74,0,305834,1,816,7724
33,27/08/2026 06:52,63,ENTITY,304194,860046,771,74,0,303345,1,812,7813
34,27/08/2026 06:57,63,ENTITY,302932,923238,766,73,0,302089,2,812,7729
35,27/08/2026 07:02,63,ENTITY,301757,860273,769,73,0,300912,1,812,7871
36,27/08/2026 07:07,63,ENTITY,301896,848469,776,72,0,301044,1,812,7736
37,27/08/2026 07:12,63,ENTITY,300572,765360,778,75,0,299715,1,816,7658
38,27/08/2026 07:17,63,ENTITY,304273,901664,772,76,0,303421,1,812,7654
39,27/08/2026 07:23,63,ENTITY,304012,875856,780,72,0,303157,1,814,7801
40,27/08/2026 07:28,63,ENTITY,304522,854862,773,73,0,303672,1,812,7665
41,27/08/2026 07:33,63,ENTITY,306336,619100,774,72,0,305487,1,816,7720
42,27/08/2026 07:38,63,ENTITY,302384,852514,786,73,0,301522,1,812,7804
43,27/08/2026 07:43,63,ENTITY,303209,604364,771,100,0,302334,1,813,7801
44,27/08/2026 07:48,63,ENTITY,303475,882373,825,72,0,302574,1,812,7686
45,27/08/2026 07:53,63,ENTITY,301583,855152,766,72,0,300741,2,812,7634
46,27/08/2026 07:58,63,ENTITY,303652,917271,788,86,0,302775,1,812,7674
47,27/08/2026 08:03,63,ENTITY,304113,866309,832,93,0,303185,1,812,7726
48,27/08/2026 08:08,63,ENTITY,304753,884937,771,74,0,303904,1,814,7629
49,27/08/2026 08:13,63,ENTITY,302796,860062,771,75,0,301946,1,812,7805
50,27/08/2026 08:18,63,ENTITY,304784,853286,784,88,0,303909,1,812,7833
51,27/08/2026 08:23,63,ENTITY,302514,645172,771,77,0,301662,1,819,7861
52,27/08/2026 08:28,63,ENTITY,298225,630768,809,100,0,297312,1,816,7732
53,27/08/2026 08:33,63,ENTITY,300935,880629,779,73,0,300079,1,812,7601
54,27/08/2026 08:38,63,ENTITY,298741,855317,772,74,0,297892,1,812,7666
55,27/08/2026 08:43,63,ENTITY,296774,849547,846,100,0,295824,1,812,7813
56,27/08/2026 08:48,63,ENTITY,303069,829116,770,80,0,302216,1,814,7662
57,27/08/2026 08:53,63,ENTITY,304872,705043,768,73,0,304028,1,813,7864
58,27/08/2026 08:58,63,ENTITY,304775,860364,770,74,0,303927,1,814,8208
59,27/08/2026 09:03,63,ENTITY,299243,619900,772,73,0,298395,1,812,7615
60,27/08/2026 09:08,63,ENTITY,300853,612254,774,73,0,300003,1,816,8000
61,27/08/2026 09:13,63,ENTITY,301780,847802,773,73,0,300931,1,812,7750
62,27/08/2026 09:18,63,ENTITY,298887,854114,770,108,0,298005,1,812,7691
63,27/08/2026 09:23,63,ENTITY,299409,846680,771,72,0,298561,1,812,7880
64,27/08/2026 09:28,63,ENTITY,299555,913038,778,73,0,298700,1,812,7675
65,27/08/2026 09:34,63,ENTITY,301786,726020,793,72,0,300918,1,815,7709
66,27/08/2026 09:39,63,ENTITY,305612,763964,769,72,0,304767,1,815,7697
67,27/08/2026 09:44,63,ENTITY,302557,848265,769,72,0,301713,1,812,7680
68,27/08/2026 09:49,63,ENTITY,300316,860504,773,74,0,299466,1,812,7650
69,27/08/2026 09:54,63,ENTITY,299847,718718,772,85,0,298987,1,815,7632
70,27/08/2026 09:59,63,ENTITY,303957,802995,772,72,0,303109,1,816,7785
71,27/08/2026 10:04,63,ENTITY,303992,836573,804,75,0,303109,2,813,7677
72,27/08/2026 10:09,63,ENTITY,303661,753624,768,75,0,302815,1,813,7648
73,27/08/2026 10:14,63,ENTITY,298928,874149,774,74,0,298076,1,816,7630
74,27/08/2026 10:19,63,ENTITY,302941,843090,772,75,0,302091,1,812,7700
75,27/08/2026 10:24,63,ENTITY,301944,847942,814,104,0,301023,1,812,7711
76,27/08/2026 10:29,63,ENTITY,302207,820981,768,73,0,301362,1,816,7671
77,27/08/2026 10:34,63,ENTITY,301794,848588,774,71,0,300945,1,812,7863
78,27/08/2026 10:39,63,ENTITY,299956,854264,770,66,0,299116,1,812,7713
79,27/08/2026 10:44,63,ENTITY,302798,629411,762,69,0,301963,1,816,7709
80,27/08/2026 10:49,63,ENTITY,303455,854008,774,75,0,302602,1,812,7785
81,27/08/2026 10:54,63,ENTITY,304575,867976,782,74,0,303715,1,814,7753
82,27/08/2026 10:59,63,ENTITY,300897,611745,775,75,0,300043,1,815,8118
83,27/08/2026 11:04,63,ENTITY,298166,874381,835,83,0,297245,1,812,8267
84,27/08/2026 11:09,63,ENTITY,303700,853757,772,75,0,302850,1,812,7793
85,27/08/2026 11:14,63,ENTITY,300884,740517,801,72,0,300008,1,812,7741
86,27/08/2026 11:19,63,ENTITY,303360,746241,811,85,0,302461,1,813,7823
87,27/08/2026 11:24,63,ENTITY,300127,612071,773,76,0,299275,1,816,7750
88,27/08/2026 11:29,63,ENTITY,301508,853728,770,81,0,300654,1,812,7896
89,27/08/2026 11:34,63,ENTITY,301560,880474,768,74,0,300714,1,812,8315
90,27/08/2026 11:39,63,ENTITY,302501,874166,782,74,0,301641,1,812,7665
91,27/08/2026 11:45,63,ENTITY,304871,906537,783,88,0,303996,1,815,7667
92,27/08/2026 11:50,63,ENTITY,300357,664348,819,92,0,299441,1,812,7825
93,27/08/2026 11:55,63,ENTITY,299892,853153,781,68,0,299039,1,812,7618
94,27/08/2026 12:00,63,ENTITY,302227,820514,785,75,0,301363,1,812,7784
95,27/08/2026 12:05,63,ENTITY,303237,854408,781,91,0,302362,1,812,7557
96,27/08/2026 12:10,63,ENTITY,304078,831346,836,102,0,303136,1,816,7873
97,27/08/2026 12:15,63,ENTITY,304380,718356,769,74,0,303533,1,815,7773
98,27/08/2026 12:20,63,ENTITY,307913,619174,830,90,0,306989,1,816,7367
99,27/08/2026 12:25,63,ENTITY,307085,847444,778,76,0,306228,1,812,7858
100,27/08/2026 12:30,63,ENTITY,300053,796003,777,69,0,299203,1,807,7681
101,27/08/2026 12:35,63,ENTITY,303463,908731,779,75,0,302606,1,812,7807
102,27/08/2026 12:40,63,ENTITY,304825,592797,815,90,0,303916,2,813,7847
103,27/08/2026 12:45,63,ENTITY,301933,860109,772,72,0,301086,1,811,7592
104,27/08/2026 12:50,63,ENTITY,297794,859310,781,73,0,296937,1,812,7718
105,27/08/2026 12:55,63,ENTITY,300805,602111,770,73,0,299959,1,816,7766
106,27/08/2026 13:00,63,ENTITY,302025,874135,769,75,0,301177,1,812,7609
107,27/08/2026 13:05,63,ENTITY,300858,871062,773,72,0,300010,2,812,7715
108,27/08/2026 13:10,63,ENTITY,300741,848928,774,75,0,299890,1,812,7687
109,27/08/2026 13:15,63,ENTITY,304281,646279,775,72,0,303430,1,813,7887
110,27/08/2026 13:20,63,ENTITY,301832,593731,766,72,0,300990,2,813,7850
111,27/08/2026 13:26,63,ENTITY,303797,650178,775,74,0,302944,1,818,7801
112,27/08/2026 13:31,63,ENTITY,300731,893143,772,66,0,299889,1,812,7603
113,27/08/2026 13:36,63,ENTITY,304924,830608,776,72,0,304072,1,816,7814
114,27/08/2026 13:41,63,ENTITY,299650,848675,791,73,0,298783,1,812,7785
115,27/08/2026 13:46,63,ENTITY,301771,847583,780,73,0,300915,1,812,7811
116,27/08/2026 13:51,63,ENTITY,300067,743183,771,74,0,299218,1,813,7800
117,27/08/2026 13:56,63,ENTITY,300232,914349,771,73,0,299385,1,812,8062
118,27/08/2026 14:01,63,ENTITY,304100,865232,769,75,0,303253,1,814,7916
119,27/08/2026 14:06,63,ENTITY,302668,587406,774,74,0,301816,1,813,7617
120,27/08/2026 14:11,63,ENTITY,296197,853868,845,98,0,295251,1,812,7662
121,27/08/2026 14:16,63,ENTITY,303792,902100,821,72,0,302896,1,815,7637
122,27/08/2026 14:21,63,ENTITY,297287,749618,772,76,0,296435,1,812,8104
123,27/08/2026 14:26,63,ENTITY,303232,855768,773,72,0,302384,1,812,7756
124,27/08/2026 14:31,63,ENTITY,303641,853430,770,75,0,302793,1,814,7716
125,27/08/2026 14:36,63,ENTITY,304924,617605,769,74,0,304077,1,816,7623
126,27/08/2026 14:41,63,ENTITY,301927,585804,771,75,0,301076,1,813,7588
127,27/08/2026 14:46,63,ENTITY,301258,853771,803,90,0,300361,1,812,7674
128,27/08/2026 14:51,63,ENTITY,301073,842031,768,72,0,300229,1,812,8382
129,27/08/2026 14:56,63,ENTITY,301943,781203,783,72,0,301084,1,814,7686
130,27/08/2026 15:01,63,ENTITY,303795,710657,769,72,0,302950,1,815,8122
131,27/08/2026 15:06,63,ENTITY,303166,898956,790,75,0,302298,1,812,7793
132,27/08/2026 15:11,63,ENTITY,298604,873675,775,71,0,297754,1,814,7895
133,27/08/2026 15:16,63,ENTITY,302148,706278,804,72,0,301268,1,815,7875
134,27/08/2026 15:21,63,ENTITY,302491,626474,785,102,0,301601,1,816,8191
135,27/08/2026 15:26,63,ENTITY,301358,848138,809,73,0,300473,1,812,7850
136,27/08/2026 15:31,63,ENTITY,302834,626699,768,74,0,301988,1,816,7606
137,27/08/2026 15:36,63,ENTITY,305088,878331,771,74,0,304240,1,815,7672
138,27/08/2026 15:41,63,ENTITY,303264,892597,779,73,0,302408,1,815,7952
139,27/08/2026 15:46,63,ENTITY,299878,877402,776,66,0,299033,1,817,7862
140,27/08/2026 15:52,63,ENTITY,302993,878547,769,75,0,302145,1,814,7676
141,27/08/2026 15:57,63,ENTITY,304179,860780,810,74,0,303291,1,812,7896
142,27/08/2026 16:02,63,ENTITY,301483,854372,844,90,0,300545,1,812,7792
143,27/08/2026 16:07,63,ENTITY,303570,745462,821,89,0,302656,1,812,7698
144,27/08/2026 16:12,63,ENTITY,304660,797661,779,73,0,303805,1,816,7721
145,27/08/2026 16:17,63,ENTITY,301308,743700,773,73,0,300459,1,813,7694
146,27/08/2026 16:22,63,ENTITY,303070,594298,781,75,0,302210,1,813,8259
147,27/08/2026 16:27,63,ENTITY,305955,588846,787,75,0,305090,1,813,7629
148,27/08/2026 16:32,63,ENTITY,304942,769015,802,72,0,304065,1,815,7818
149,27/08/2026 16:37,63,ENTITY,303128,900638,800,88,0,302237,1,812,7679
150,27/08/2026 16:42,63,ENTITY,304459,847997,810,109,0,303535,1,812,7817
151,27/08/2026 16:47,63,ENTITY,303123,686809,775,73,0,302272,1,815,7885
152,27/08/2026 16:52,63,ENTITY,303756,637984,804,75,0,302873,1,816,7879
153,27/08/2026 16:57,63,ENTITY,305366,868089,772,73,0,304518,1,812,8179
154,27/08/2026 17:02,63,ENTITY,300484,597423,773,74,0,299633,2,816,7649
155,27/08/2026 17:07,63,ENTITY,300713,901522,817,89,0,299803,1,815,7694
156,27/08/2026 17:13,63,ENTITY,305021,875264,776,77,0,304165,1,812,7836
157,27/08/2026 17:18,63,ENTITY,304323,623901,776,75,0,303468,1,816,7822
158,27/08/2026 17:23,63,ENTITY,303545,854180,771,68,0,302703,1,812,7903
159,27/08/2026 17:28,63,ENTITY,304852,834285,773,72,0,304003,1,816,7648
160,27/08/2026 17:33,63,ENTITY,306421,790870,858,108,0,305452,1,816,7787
161,27/08/2026 17:38,63,ENTITY,305919,757072,770,75,0,305069,1,813,7851
162,27/08/2026 17:43,63,ENTITY,305419,603736,774,72,0,304568,2,816,7831
163,27/08/2026 17:48,63,ENTITY,305183,890189,770,75,0,304334,1,815,7646
164,27/08/2026 17:53,63,ENTITY,302061,848042,776,75,0,301206,1,812,8357
165,27/08/2026 17:58,63,ENTITY,304449,881306,770,72,0,303603,1,812,7816
166,27/08/2026 18:03,63,ENTITY,301203,859820,790,107,0,300302,1,812,7798
167,27/08/2026 18:08,63,ENTITY,305043,875318,815,75,0,304149,1,816,7870
168,27/08/2026 18:13,63,ENTITY,300890,767124,780,72,0,300034,1,813,7708
169,27/08/2026 18:18,63,ENTITY,303415,848085,770,76,0,302566,1,812,7860
170,27/08/2026 18:23,63,ENTITY,301856,631553,773,73,0,301006,1,816,7647
171,27/08/2026 18:29,63,ENTITY,302389,858158,772,75,0,301539,1,812,7972
172,27/08/2026 18:34,63,ENTITY,303428,904030,782,75,0,302568,1,813,7526
173,27/08/2026 18:39,63,ENTITY,301959,591352,770,73,0,301112,1,812,7673
174,27/08/2026 18:44,63,ENTITY,302570,847553,772,66,0,301728,1,812,7653
175,27/08/2026 18:49,63,ENTITY,296944,600513,771,75,0,296094,1,812,7604
176,27/08/2026 18:54,63,ENTITY,305667,627192,806,94,0,304764,1,816,7674
177,27/08/2026 18:59,63,ENTITY,300921,906645,767,72,0,300079,1,812,7627
178,27/08/2026 19:04,63,ENTITY,299165,832866,792,88,0,298281,1,810,7631
179,27/08/2026 19:09,63,ENTITY,303958,847095,776,76,0,303103,1,812,7926
180,27/08/2026 19:14,63,ENTITY,303211,855846,771,72,0,302364,2,812,7890
181,27/08/2026 19:19,63,ENTITY,304445,854302,774,72,0,303596,1,812,7901
182,27/08/2026 19:24,63,ENTITY,297194,612030,820,93,0,296277,1,812,7616
183,27/08/2026 19:29,63,ENTITY,303418,784032,778,75,0,302561,1,816,7735
184,27/08/2026 19:34,63,ENTITY,303700,588475,817,80,0,302790,11,813,7656
185,27/08/2026 19:39,63,ENTITY,303096,605341,773,72,0,302247,1,813,7907
186,27/08/2026 19:44,63,ENTITY,303155,868231,770,75,0,302306,1,812,7889
187,27/08/2026 19:49,63,ENTITY,304109,763644,768,73,0,303265,1,813,7712
188,27/08/2026 19:54,63,ENTITY,302797,630210,771,75,0,301947,1,816,7583
189,27/08/2026 19:59,63,ENTITY,301394,861482,772,70,0,300549,1,812,7622
190,27/08/2026 20:04,63,ENTITY,304267,855717,770,67,0,303427,1,814,7716
191,27/08/2026 20:09,63,ENTITY,303452,874284,838,109,0,302501,1,812,7840
192,27/08/2026 20:14,63,ENTITY,299588,861507,796,99,0,298690,1,812,7737
193,27/08/2026 20:19,63,ENTITY,300955,859914,769,72,0,300111,1,812,7941
194,27/08/2026 20:25,63,ENTITY,305508,621681,773,75,0,304656,1,816,7801
195,27/08/2026 20:30,63,ENTITY,302669,867476,773,76,0,301816,2,812,7706
196,27/08/2026 20:35,63,ENTITY,302908,848346,825,73,0,302006,1,812,7917
197,27/08/2026 20:40,63,ENTITY,300834,623857,770,68,0,299992,1,816,7737
198,27/08/2026 20:45,63,ENTITY,299771,879932,782,74,0,298912,1,812,7559
199,27/08/2026 20:50,63,ENTITY,306013,866870,783,82,0,305145,1,816,7803
200,27/08/2026 20:55,63,ENTITY,302862,867083,774,73,0,302011,1,814,7727
1,27/08/2026 21:11,72,ENTITY,947665,412908,770,72,0,946819,1,2749,26742
2,27/08/2026 21:27,72,ENTITY,953975,794493,774,79,0,953118,1,2747,26644
3,27/08/2026 21:42,72,ENTITY,950145,509090,772,78,0,949293,1,2749,26681
4,27/08/2026 21:58,72,ENTITY,956448,465398,787,105,0,955553,1,2747,26753
5,27/08/2026 22:14,72,ENTITY,956096,452266,819,78,0,955196,1,2748,26981
6,27/08/2026 22:30,72,ENTITY,950906,483504,775,80,0,950048,1,2748,27189
7,27/08/2026 22:46,72,ENTITY,949543,384095,827,95,1,948617,1,2748,27010
8,27/08/2026 23:02,72,ENTITY,969590,675923,783,105,0,968699,1,2766,27229
9,27/08/2026 23:18,72,ENTITY,941269,701327,772,77,0,940417,1,2729,26844
10,27/08/2026 23:34,72,ENTITY,958924,604017,778,78,0,958064,1,2767,27080
11,27/08/2026 23:50,72,ENTITY,950664,696217,771,78,0,949811,1,2747,26726
12,28/08/2026 00:06,72,ENTITY,950709,597851,770,94,0,949841,2,2748,26812
13,28/08/2026 00:21,72,ENTITY,955822,635594,771,75,0,954972,1,2747,26985
14,28/08/2026 00:37,72,ENTITY,944999,450094,786,87,0,944122,1,2749,26954
15,28/08/2026 00:53,72,ENTITY,948305,569184,770,81,0,947451,1,2744,26658
16,28/08/2026 01:09,72,ENTITY,954626,841472,769,81,0,953773,1,2748,26701
17,28/08/2026 01:25,72,ENTITY,961909,460239,774,80,0,961052,1,2748,26856
18,28/08/2026 01:41,72,ENTITY,947474,491960,816,104,0,946550,1,2748,26827
19,28/08/2026 01:56,72,ENTITY,939865,733706,774,71,0,939016,1,2747,26703
20,28/08/2026 02:12,72,ENTITY,955445,581521,772,81,0,954588,1,2747,26993
21,28/08/2026 02:28,72,ENTITY,943655,696802,845,103,0,942704,1,2767,26787
22,28/08/2026 02:44,72,ENTITY,937889,422849,771,79,0,937035,1,2748,26942
23,28/08/2026 03:00,72,ENTITY,944509,554389,779,79,0,943648,1,2748,26851
24,28/08/2026 03:15,72,ENTITY,932637,634543,769,78,0,931786,1,2747,26752
25,28/08/2026 03:31,72,ENTITY,944375,403746,788,82,0,943502,1,2749,26675
26,28/08/2026 03:47,72,ENTITY,946112,432129,790,112,0,945206,1,2744,26677
27,28/08/2026 04:03,72,ENTITY,955000,392852,799,80,0,954117,1,2744,26999
28,28/08/2026 04:18,72,ENTITY,939232,438772,788,81,0,938360,1,2748,26841
29,28/08/2026 04:34,72,ENTITY,949724,591929,772,87,0,948861,1,2748,26942
30,28/08/2026 04:50,72,ENTITY,948415,550597,769,94,0,947547,1,2749,26409
31,28/08/2026 05:06,72,ENTITY,950029,462755,782,75,0,949169,1,2749,26963
32,28/08/2026 05:21,72,ENTITY,945200,423310,773,83,0,944341,1,2749,26895
33,28/08/2026 05:37,72,ENTITY,950477,715367,774,74,0,949626,1,2766,26686
34,28/08/2026 05:53,72,ENTITY,959739,396478,769,78,0,958889,1,2748,26902
35,28/08/2026 06:09,72,ENTITY,946180,660740,766,81,0,945330,1,2748,26680
36,28/08/2026 06:25,72,ENTITY,952406,416505,777,83,0,951542,1,2749,26928
37,28/08/2026 06:41,72,ENTITY,963129,420410,760,81,0,962284,1,2744,26951
38,28/08/2026 06:57,72,ENTITY,939118,352872,770,79,0,938266,1,2745,26699
39,28/08/2026 07:13,72,ENTITY,953070,573112,771,80,0,952216,1,2748,26972
40,28/08/2026 07:28,72,ENTITY,931023,659854,770,78,0,930172,1,2747,26508
41,28/08/2026 07:44,72,ENTITY,952810,449015,783,78,0,951945,1,2748,26650
42,28/08/2026 08:00,72,ENTITY,951222,363442,771,77,0,950369,1,2745,26940
43,28/08/2026 08:16,72,ENTITY,944481,405326,776,73,0,943629,1,2748,26804
44,28/08/2026 08:31,72,ENTITY,944069,439522,767,80,0,943217,1,2748,27013
45,28/08/2026 08:47,72,ENTITY,954146,653781,815,78,0,953249,1,2748,26789
46,28/08/2026 09:03,72,ENTITY,954528,465547,835,89,0,953600,1,2748,26834
47,28/08/2026 09:19,72,ENTITY,950289,676432,774,90,0,949422,1,2766,26784
48,28/08/2026 09:35,72,ENTITY,941696,623739,824,102,0,940766,1,2747,26719
49,28/08/2026 09:50,72,ENTITY,949872,506930,799,96,0,948973,1,2748,26842
50,28/08/2026 10:06,72,ENTITY,954796,598636,779,71,0,953943,1,2744,26695
51,28/08/2026 10:22,72,ENTITY,951751,732252,773,99,0,950876,2,2767,26940
52,28/08/2026 10:38,72,ENTITY,930380,643432,770,77,0,929530,1,2747,26731
53,28/08/2026 10:53,72,ENTITY,944656,457781,771,77,0,943804,1,2749,26731
54,28/08/2026 11:09,72,ENTITY,947874,502284,771,81,0,947018,1,2747,26767
55,28/08/2026 11:25,72,ENTITY,948887,737873,779,77,0,948027,1,2766,26808
56,28/08/2026 11:41,72,ENTITY,939988,678632,779,80,0,939125,2,2747,26883
57,28/08/2026 11:57,72,ENTITY,956161,411436,779,81,0,955297,1,2748,26664
58,28/08/2026 12:13,72,ENTITY,957573,592173,769,81,0,956719,1,2749,26631
59,28/08/2026 12:29,72,ENTITY,952951,431851,796,78,0,952073,1,2748,26665
60,28/08/2026 12:44,72,ENTITY,950329,750210,780,78,0,949467,1,2743,26832
61,28/08/2026 13:00,72,ENTITY,957058,390611,779,79,0,956196,1,2750,26615
62,28/08/2026 13:16,72,ENTITY,946137,736839,787,110,0,945236,1,2747,26889
63,28/08/2026 13:32,72,ENTITY,950845,603587,770,72,0,950000,1,2767,26875
64,28/08/2026 13:48,72,ENTITY,941199,381491,774,78,0,940344,1,2749,26781
65,28/08/2026 14:03,72,ENTITY,947079,401015,773,78,0,946224,1,2749,26667
66,28/08/2026 14:19,72,ENTITY,944154,721047,771,78,0,943301,1,2745,26792
67,28/08/2026 14:35,72,ENTITY,948403,412456,771,76,0,947552,1,2747,26836
68,28/08/2026 14:51,72,ENTITY,938998,587410,775,90,0,938130,1,2747,26679
69,28/08/2026 15:06,72,ENTITY,939073,495232,835,86,0,938149,2,2744,26836
70,28/08/2026 15:22,72,ENTITY,957330,697502,793,89,0,956444,1,2747,26794
71,28/08/2026 15:38,72,ENTITY,949305,655356,779,81,0,948442,1,2747,26840
72,28/08/2026 15:54,72,ENTITY,950372,382010,802,97,0,949469,1,2748,26657
73,28/08/2026 16:10,72,ENTITY,954920,499281,768,74,0,954075,1,2748,26760
74,28/08/2026 16:26,72,ENTITY,950473,650350,775,84,0,949609,1,2748,26830
75,28/08/2026 16:42,72,ENTITY,947974,358201,768,93,0,947109,2,2745,26899
76,28/08/2026 16:57,72,ENTITY,930141,626741,839,114,0,929185,1,2749,26667
77,28/08/2026 17:13,72,ENTITY,946180,643608,777,80,0,945320,2,2747,27213
78,28/08/2026 17:28,72,ENTITY,926404,641547,842,78,0,925480,1,2747,26993
79,28/08/2026 17:44,72,ENTITY,948437,377017,767,81,0,947586,1,2745,26781
80,28/08/2026 18:00,72,ENTITY,948799,744359,771,78,0,947947,1,2739,26753
81,28/08/2026 18:16,72,ENTITY,945854,411149,815,107,0,944928,1,2749,26601
82,28/08/2026 18:31,72,ENTITY,943041,594055,771,78,0,942188,2,2748,26892
83,28/08/2026 18:47,72,ENTITY,954580,437816,772,78,0,953727,2,2745,26692
84,28/08/2026 19:03,72,ENTITY,956492,478733,814,104,0,955570,1,2747,26958
85,28/08/2026 19:19,72,ENTITY,946673,467063,792,72,0,945805,1,2744,26647
86,28/08/2026 19:35,72,ENTITY,948885,427328,766,78,0,948037,1,2749,26814
87,28/08/2026 19:51,72,ENTITY,944226,733642,773,80,0,943369,1,2748,26856
88,28/08/2026 20:06,72,ENTITY,946141,472003,798,75,0,945264,1,2743,26822
89,28/08/2026 20:22,72,ENTITY,961497,621290,774,73,0,960646,1,2747,26769
90,28/08/2026 20:38,72,ENTITY,950060,363441,780,81,0,949196,2,2749,27166
91,28/08/2026 20:54,72,ENTITY,952923,672584,770,78,0,952071,1,2747,26506
92,28/08/2026 21:10,72,ENTITY,951542,521231,818,99,0,950621,1,2747,26985
93,28/08/2026 21:26,72,ENTITY,953346,427340,769,74,0,952499,1,2748,26630
94,28/08/2026 21:42,72,ENTITY,958681,854270,805,92,0,957780,1,2766,27129
95,28/08/2026 21:58,72,ENTITY,955577,445285,774,82,0,954718,1,2748,26716
96,28/08/2026 22:14,72,ENTITY,954139,400176,774,78,0,953283,1,2745,26566
97,28/08/2026 22:29,72,ENTITY,947696,439752,810,97,0,946785,1,2748,26948
98,28/08/2026 22:45,72,ENTITY,951151,418379,769,78,0,950300,1,2749,26914
99,28/08/2026 23:01,72,ENTITY,950420,660160,773,83,0,949561,1,2748,26598
100,28/08/2026 23:17,72,ENTITY,953256,693686,785,77,0,952390,1,2747,26725
101,28/08/2026 23:33,72,ENTITY,959276,450295,770,78,0,958424,1,2744,26818
102,28/08/2026 23:49,72,ENTITY,927513,768763,834,92,0,926584,2,2744,26676
103,29/08/2026 00:04,72,ENTITY,946616,468132,772,82,0,945758,1,2747,26470
104,29/08/2026 00:20,72,ENTITY,957190,534368,771,79,0,956335,2,2747,26912
105,29/08/2026 00:36,72,ENTITY,938906,600784,771,91,0,938041,1,2728,26779
106,29/08/2026 00:52,72,ENTITY,951040,673717,772,79,0,950186,1,2747,26875
107,29/08/2026 01:08,72,ENTITY,943863,533729,769,75,0,943015,1,2748,26958
108,29/08/2026 01:23,72,ENTITY,952085,452696,772,80,0,951229,1,2749,26929
109,29/08/2026 01:39,72,ENTITY,942489,750608,774,79,0,941632,1,2747,26658
110,29/08/2026 01:55,72,ENTITY,951386,525211,773,78,0,950532,1,2747,26864
111,29/08/2026 02:11,72,ENTITY,949770,682254,777,78,0,948911,2,2739,26859
112,29/08/2026 02:27,72,ENTITY,947223,587334,773,77,0,946369,2,2748,27059
113,29/08/2026 02:43,72,ENTITY,955395,404789,776,80,0,954534,1,2748,26848
114,29/08/2026 02:58,72,ENTITY,958902,526436,779,83,0,958036,1,2748,26691
115,29/08/2026 03:14,72,ENTITY,949688,568987,776,78,0,948830,1,2748,26780
116,29/08/2026 03:30,72,ENTITY,930379,495279,835,97,0,929443,1,2749,26589
117,29/08/2026 03:46,72,ENTITY,949144,575337,771,80,0,948289,1,2748,27135
118,29/08/2026 04:02,72,ENTITY,951470,461308,772,80,0,950614,1,2747,26700
119,29/08/2026 04:18,72,ENTITY,959297,730103,781,73,0,958439,1,2745,26685
120,29/08/2026 04:33,72,ENTITY,947144,715037,773,84,0,946283,1,2766,26718
121,29/08/2026 04:49,72,ENTITY,944086,388315,835,88,0,943160,1,2748,26803
122,29/08/2026 05:05,72,ENTITY,948871,371524,810,99,0,947959,1,2749,26774
123,29/08/2026 05:21,72,ENTITY,938249,460135,774,78,0,937393,1,2744,26678
124,29/08/2026 05:36,72,ENTITY,954793,443153,768,80,0,953941,1,2748,26958
125,29/08/2026 05:52,72,ENTITY,953041,400997,775,73,0,952190,1,2748,27001
126,29/08/2026 06:08,72,ENTITY,955300,460113,769,80,0,954447,1,2748,26905
127,29/08/2026 06:24,72,ENTITY,953546,571835,773,82,0,952688,1,2747,26786
128,29/08/2026 06:40,72,ENTITY,949934,392131,776,74,0,949081,1,2748,26941
129,29/08/2026 06:56,72,ENTITY,943729,664045,776,79,0,942870,1,2739,26924
130,29/08/2026 07:12,72,ENTITY,953575,563939,772,78,0,952721,1,2748,26951
131,29/08/2026 07:28,72,ENTITY,957212,467732,769,81,0,956358,1,2747,26923
132,29/08/2026 07:43,72,ENTITY,951689,385578,771,79,0,950835,1,2749,26899
133,29/08/2026 07:59,72,ENTITY,950969,363013,781,78,0,950105,1,2744,26905
134,29/08/2026 08:15,72,ENTITY,941052,419189,770,81,0,940196,1,2747,26869
135,29/08/2026 08:31,72,ENTITY,946219,620794,795,74,0,945346,2,2729,26607
136,29/08/2026 08:47,72,ENTITY,954591,400814,831,80,0,953677,1,2744,26780
137,29/08/2026 09:03,72,ENTITY,958234,595189,773,79,0,957378,1,2748,26804
138,29/08/2026 09:18,72,ENTITY,951045,724203,800,87,0,950154,1,2747,26786
139,29/08/2026 09:34,72,ENTITY,951544,411303,772,80,0,950687,1,2749,26949
140,29/08/2026 09:50,72,ENTITY,948974,484967,789,107,0,948074,1,2749,26930
141,29/08/2026 10:06,72,ENTITY,956218,506676,780,81,0,955353,2,2746,26989
142,29/08/2026 10:22,72,ENTITY,946096,452726,767,77,0,945249,1,2747,26937
143,29/08/2026 10:38,72,ENTITY,945576,383474,816,79,0,944678,1,2748,26811
144,29/08/2026 10:53,72,ENTITY,948068,592064,774,80,0,947210,1,2748,26706
145,29/08/2026 11:09,72,ENTITY,949065,447067,773,78,0,948210,1,2749,26906
146,29/08/2026 11:25,72,ENTITY,951964,686173,754,78,0,951128,1,2747,26654
147,29/08/2026 11:41,72,ENTITY,959195,459252,764,125,0,958302,1,2749,26930
148,29/08/2026 11:57,72,ENTITY,952061,453080,800,81,0,951176,1,2748,26711
149,29/08/2026 12:13,72,ENTITY,945305,569401,772,78,0,944452,1,2747,26851
150,29/08/2026 12:29,72,ENTITY,955976,809545,771,77,0,955125,1,2747,26662
151,29/08/2026 12:44,72,ENTITY,944110,355749,786,79,0,943242,1,2745,26924
152,29/08/2026 13:00,72,ENTITY,950657,411577,771,72,0,949810,1,2748,26970
153,29/08/2026 13:14,72,ENTITY,820609,362314,772,81,0,819753,1,2492,23359
154,29/08/2026 13:30,72,ENTITY,953486,576606,774,80,0,952628,1,2748,26695
155,29/08/2026 13:46,72,ENTITY,952533,467329,842,81,0,951606,1,2747,26772
156,29/08/2026 14:02,72,ENTITY,947505,506638,777,73,0,946651,1,2747,26815
157,29/08/2026 14:18,72,ENTITY,957914,787454,772,91,0,957048,2,2747,26675
158,29/08/2026 14:33,72,ENTITY,950800,467338,793,109,0,949895,1,2744,27051
159,29/08/2026 14:49,72,ENTITY,951397,569349,772,77,0,950544,1,2747,26945
160,29/08/2026 15:05,72,ENTITY,946221,552711,774,90,0,945353,1,2749,26682
161,29/08/2026 15:21,72,ENTITY,954162,726801,777,74,0,953308,1,2766,26862
162,29/08/2026 15:37,72,ENTITY,938394,532532,789,101,0,937500,1,2748,27130
163,29/08/2026 15:52,72,ENTITY,936151,661229,795,94,0,935258,2,2748,27003
164,29/08/2026 16:08,72,ENTITY,955434,592353,782,78,0,954570,1,2748,26911
165,29/08/2026 16:24,72,ENTITY,955499,518925,775,80,0,954641,1,2747,26911
166,29/08/2026 16:40,72,ENTITY,946772,581774,791,93,0,945884,1,2747,26676
167,29/08/2026 16:56,72,ENTITY,962085,577196,771,72,0,961239,1,2748,26766
168,29/08/2026 17:11,72,ENTITY,932938,390943,793,100,0,932041,2,2748,27001
169,29/08/2026 17:27,72,ENTITY,950319,600421,772,80,0,949464,1,2747,26617
170,29/08/2026 17:43,72,ENTITY,947647,446142,776,96,0,946771,2,2749,26834
171,29/08/2026 17:59,72,ENTITY,938552,599720,780,78,0,937691,1,2767,26989
172,29/08/2026 18:14,72,ENTITY,941978,606945,773,78,0,941123,2,2747,26910
173,29/08/2026 18:30,72,ENTITY,951287,459628,768,81,0,950435,1,2749,26687
174,29/08/2026 18:46,72,ENTITY,944169,616350,773,78,0,943314,1,2748,26924
175,29/08/2026 19:02,72,ENTITY,953346,682979,799,108,0,952436,1,2767,26973
176,29/08/2026 19:18,72,ENTITY,953448,570497,807,74,0,952564,1,2748,26611
177,29/08/2026 19:33,72,ENTITY,932114,648602,817,87,0,931206,1,2748,26935
178,29/08/2026 19:49,72,ENTITY,948091,682732,824,80,0,947184,1,2739,26963
179,29/08/2026 20:05,72,ENTITY,953820,476867,821,98,0,952897,2,2749,26695
180,29/08/2026 20:21,72,ENTITY,956695,501755,764,80,0,955847,1,2749,26835
181,29/08/2026 20:37,72,ENTITY,945808,561649,793,81,0,944930,1,2748,26687
182,29/08/2026 20:53,72,ENTITY,951408,394777,801,99,0,950504,2,2748,26792
183,29/08/2026 21:09,72,ENTITY,954999,371054,773,71,0,954152,1,2748,27113
184,29/08/2026 21:24,72,ENTITY,947466,634330,777,80,0,946605,2,2747,26983
185,29/08/2026 21:40,72,ENTITY,948271,540511,773,71,0,947423,2,2747,26885
186,29/08/2026 21:56,72,ENTITY,947633,419535,811,91,0,946728,1,2747,26738
187,29/08/2026 22:12,72,ENTITY,949915,706024,775,86,0,949051,1,2747,26775
188,29/08/2026 22:28,72,ENTITY,960684,398607,773,73,0,959834,1,2744,27096
189,29/08/2026 22:44,72,ENTITY,953232,653018,780,78,0,952370,1,2747,26914
190,29/08/2026 22:59,72,ENTITY,937230,546521,771,79,0,936376,2,2747,26889
191,29/08/2026 23:15,72,ENTITY,955864,486762,781,80,0,954999,1,2749,26840
192,29/08/2026 23:31,72,ENTITY,954325,535144,826,95,0,953401,1,2749,26947
193,29/08/2026 23:47,72,ENTITY,947677,370279,774,81,0,946818,1,2746,26938
194,30/08/2026 00:03,72,ENTITY,956890,390988,783,78,0,956026,1,2748,26843
195,30/08/2026 00:19,72,ENTITY,943380,616941,787,103,0,942486,1,2747,26863
196,30/08/2026 00:34,72,ENTITY,947553,665811,794,120,1,946634,1,2728,26621
197,30/08/2026 00:50,72,ENTITY,947392,547533,822,88,0,946478,1,2749,26819
198,30/08/2026 01:06,72,ENTITY,931282,506108,772,78,0,930428,1,2748,26840
199,30/08/2026 01:21,72,ENTITY,942445,707661,772,77,0,941592,1,2747,26996
200,30/08/2026 01:37,72,ENTITY,946141,412891,802,116,0,945219,1,2744,26825
1,31/08/2026 17:29,9,ACTION,1704,88301,769,32,0,900,1,1,16
2,31/08/2026 17:29,9,ACTION,1727,83128,782,34,0,907,1,1,21
3,31/08/2026 17:29,9,ACTION,1704,85698,772,35,0,893,1,1,16
4,31/08/2026 17:29,9,ACTION,1712,85656,766,34,0,909,1,1,20
5,31/08/2026 17:29,9,ACTION,1724,88217,773,32,0,916,1,1,17
6,31/08/2026 17:29,9,ACTION,1841,88271,823,50,0,964,1,1,21
7,31/08/2026 17:29,9,ACTION,1713,85690,779,33,0,898,1,1,21
8,31/08/2026 17:29,9,ACTION,1708,88375,770,35,0,900,1,1,20
9,31/08/2026 17:29,9,ACTION,1734,88345,770,32,0,928,1,1,20
10,31/08/2026 17:29,9,ACTION,1713,85696,770,33,0,907,1,1,16
11,31/08/2026 17:29,9,ACTION,1731,88339,770,35,0,922,1,1,19
12,31/08/2026 17:29,9,ACTION,1756,85675,779,44,0,929,1,1,17
13,31/08/2026 17:29,9,ACTION,1713,88414,772,33,0,904,1,1,21
14,31/08/2026 17:29,9,ACTION,1717,88300,779,35,0,900,1,1,17
15,31/08/2026 17:29,9,ACTION,1781,88277,773,35,0,970,1,1,26
16,31/08/2026 17:29,9,ACTION,1856,85705,833,36,0,982,1,1,17
17,31/08/2026 17:29,9,ACTION,1783,85678,795,41,0,943,1,1,19
18,31/08/2026 17:29,9,ACTION,1712,85662,771,35,0,903,1,1,18
19,31/08/2026 17:29,9,ACTION,1784,85693,803,38,0,939,1,1,20
20,31/08/2026 17:29,9,ACTION,1833,88329,801,40,0,989,1,1,17
21,31/08/2026 17:29,9,ACTION,1750,85715,772,32,0,942,1,1,17
22,31/08/2026 17:29,9,ACTION,1727,83104,778,35,0,911,1,1,15
23,31/08/2026 17:29,9,ACTION,1704,88337,769,32,0,900,1,1,19
24,31/08/2026 17:29,9,ACTION,1732,85674,773,35,0,921,1,1,26
25,31/08/2026 17:29,9,ACTION,1726,88370,777,34,0,911,1,1,21
26,31/08/2026 17:30,9,ACTION,1762,88305,774,33,0,952,1,1,16
27,31/08/2026 17:30,9,ACTION,1727,85632,776,32,0,915,1,1,18
28,31/08/2026 17:30,9,ACTION,1703,85687,771,33,0,896,1,1,16
29,31/08/2026 17:30,9,ACTION,1701,85702,770,32,0,895,1,1,16
30,31/08/2026 17:30,9,ACTION,1730,88195,768,35,0,924,1,1,19
31,31/08/2026 17:30,9,ACTION,1754,85662,768,33,0,950,2,1,19
32,31/08/2026 17:30,9,ACTION,1791,85691,817,48,0,924,1,1,16
33,31/08/2026 17:30,9,ACTION,1796,85660,846,40,1,905,1,1,19
34,31/08/2026 17:30,9,ACTION,1749,88404,801,35,0,910,1,1,21
35,31/08/2026 17:30,9,ACTION,1742,85666,771,34,0,933,1,1,22
36,31/08/2026 17:30,9,ACTION,1754,85689,798,43,0,910,1,1,18
37,31/08/2026 17:30,9,ACTION,1850,88329,826,48,0,973,1,1,18
38,31/08/2026 17:30,9,ACTION,1758,88361,811,33,0,910,1,1,18
39,31/08/2026 17:30,9,ACTION,1741,85694,766,35,0,936,1,1,17
40,31/08/2026 17:30,9,ACTION,1724,85751,776,34,0,910,1,1,22
41,31/08/2026 17:30,9,ACTION,1718,85723,776,33,0,906,1,1,16
42,31/08/2026 17:30,9,ACTION,1759,88312,785,33,0,937,1,1,16
43,31/08/2026 17:30,9,ACTION,1721,88360,769,33,0,915,1,1,16
44,31/08/2026 17:30,9,ACTION,1715,83025,777,35,0,899,1,1,16
45,31/08/2026 17:30,9,ACTION,1755,88297,782,32,0,937,1,1,16
46,31/08/2026 17:30,9,ACTION,1727,85743,775,32,0,916,1,1,20
47,31/08/2026 17:30,9,ACTION,1711,85761,775,33,0,900,1,1,17
48,31/08/2026 17:30,9,ACTION,1737,88381,770,35,0,929,1,1,17
49,31/08/2026 17:30,9,ACTION,1730,88327,767,35,0,925,1,1,17
50,31/08/2026 17:30,9,ACTION,1722,85684,782,32,0,904,1,1,20
51,31/08/2026 17:30,9,ACTION,1790,85786,782,43,0,961,1,1,21
52,31/08/2026 17:30,9,ACTION,1743,85694,769,33,0,938,1,1,20
53,31/08/2026 17:30,9,ACTION,1715,85641,773,34,0,904,1,1,18
54,31/08/2026 17:30,9,ACTION,1710,85726,774,32,0,901,1,1,16
55,31/08/2026 17:30,9,ACTION,1725,85698,777,36,0,909,1,1,16
56,31/08/2026 17:30,9,ACTION,1762,86495,771,32,0,955,1,1,22
57,31/08/2026 17:31,9,ACTION,1782,88315,826,44,0,908,1,1,18
58,31/08/2026 17:31,9,ACTION,1721,85621,780,35,0,902,1,1,22
59,31/08/2026 17:31,9,ACTION,1826,80662,841,51,1,930,1,1,16
60,31/08/2026 17:31,9,ACTION,1805,85684,799,41,0,961,1,1,21
61,31/08/2026 17:31,9,ACTION,1711,83040,776,33,0,899,2,1,17
62,31/08/2026 17:31,9,ACTION,1723,88388,770,35,0,915,1,1,21
63,31/08/2026 17:31,9,ACTION,1702,88356,773,33,0,893,1,1,16
64,31/08/2026 17:31,9,ACTION,1697,85669,769,33,0,892,1,1,19
65,31/08/2026 17:31,9,ACTION,1722,85667,776,34,0,909,1,1,21
66,31/08/2026 17:31,9,ACTION,1710,85758,773,35,0,898,1,1,16
67,31/08/2026 17:31,9,ACTION,1830,85689,839,42,0,946,1,1,15
68,31/08/2026 17:31,9,ACTION,1784,85686,819,34,0,927,1,1,16
69,31/08/2026 17:31,9,ACTION,1739,85697,803,33,0,900,1,1,16
70,31/08/2026 17:31,9,ACTION,1721,85711,770,35,0,912,1,1,24
71,31/08/2026 17:31,9,ACTION,1778,85594,774,35,0,966,1,1,23
72,31/08/2026 17:31,9,ACTION,1710,80686,774,32,0,901,1,1,16
73,31/08/2026 17:31,9,ACTION,1729,85655,779,33,0,913,1,1,17
74,31/08/2026 17:31,9,ACTION,1717,88317,770,33,0,910,1,1,16
75,31/08/2026 17:31,9,ACTION,1774,88315,785,32,0,952,1,1,22
76,31/08/2026 17:31,9,ACTION,1824,85751,789,44,0,987,1,1,20
77,31/08/2026 17:31,9,ACTION,1708,85671,771,35,0,899,1,1,16
78,31/08/2026 17:31,9,ACTION,1755,85735,769,33,0,950,1,1,25
79,31/08/2026 17:31,9,ACTION,1741,88323,778,40,0,920,1,1,19
80,31/08/2026 17:31,9,ACTION,1735,88331,775,34,0,923,1,1,17
81,31/08/2026 17:31,9,ACTION,1715,85739,772,33,0,907,1,1,19
82,31/08/2026 17:31,9,ACTION,1708,85674,771,33,0,901,1,1,21
83,31/08/2026 17:31,9,ACTION,1764,85698,773,32,0,955,1,1,15
84,31/08/2026 17:31,9,ACTION,1707,85667,768,32,0,903,1,1,17
85,31/08/2026 17:31,9,ACTION,1725,85758,775,33,0,913,1,1,19
86,31/08/2026 17:31,9,ACTION,1802,83102,814,39,0,946,1,1,22
87,31/08/2026 17:31,9,ACTION,1755,88315,771,33,0,948,1,1,20
88,31/08/2026 17:32,9,ACTION,1758,83046,784,32,0,937,3,1,19
89,31/08/2026 17:32,9,ACTION,1831,86360,803,40,0,984,1,1,18
90,31/08/2026 17:32,9,ACTION,1712,85695,775,33,0,900,1,1,16
91,31/08/2026 17:32,9,ACTION,1768,83651,769,35,0,961,1,1,20
92,31/08/2026 17:32,9,ACTION,1716,83027,776,33,0,904,1,1,18
93,31/08/2026 17:32,9,ACTION,1704,88352,767,34,0,899,1,1,16
94,31/08/2026 17:32,9,ACTION,1727,88355,773,32,0,918,1,1,23
95,31/08/2026 17:32,9,ACTION,1837,83100,837,36,0,961,1,1,24
96,31/08/2026 17:32,9,ACTION,1719,88239,772,34,0,908,1,1,17
97,31/08/2026 17:32,9,ACTION,1764,88373,763,32,0,965,1,1,21
98,31/08/2026 17:32,9,ACTION,1735,85680,774,33,0,925,1,1,20
99,31/08/2026 17:32,9,ACTION,1710,85686,767,32,0,907,1,1,19
100,31/08/2026 17:32,9,ACTION,1709,88320,777,33,0,895,1,1,16
101,31/08/2026 17:32,9,ACTION,1792,85728,813,35,0,941,1,1,19
102,31/08/2026 17:32,9,ACTION,1702,85703,767,32,0,899,1,1,19
103,31/08/2026 17:32,9,ACTION,1736,88344,769,33,0,931,1,1,21
104,31/08/2026 17:32,9,ACTION,1858,88302,831,39,0,984,1,1,18
105,31/08/2026 17:32,9,ACTION,1755,85694,772,32,0,947,1,1,21
106,31/08/2026 17:32,9,ACTION,1802,85742,826,49,0,923,1,1,19
107,31/08/2026 17:32,9,ACTION,1706,83121,764,34,0,903,1,1,17
108,31/08/2026 17:32,9,ACTION,1715,85690,772,35,0,905,1,1,21
109,31/08/2026 17:32,9,ACTION,1822,85715,832,43,0,944,1,1,16
110,31/08/2026 17:32,9,ACTION,1695,88398,762,33,0,897,1,1,18
111,31/08/2026 17:32,9,ACTION,1850,83046,787,42,0,1018,1,1,19
112,31/08/2026 17:32,9,ACTION,1774,83689,790,44,0,937,1,1,24
113,31/08/2026 17:32,9,ACTION,1761,85765,774,34,0,950,1,1,21
114,31/08/2026 17:32,9,ACTION,1857,85746,785,40,0,1029,1,1,17
115,31/08/2026 17:32,9,ACTION,1724,88360,775,35,0,911,1,1,17
116,31/08/2026 17:32,9,ACTION,1743,85683,777,33,0,929,1,1,22
117,31/08/2026 17:32,9,ACTION,1719,85719,779,33,0,903,1,1,18
118,31/08/2026 17:32,9,ACTION,1704,88340,772,32,0,896,1,1,18
119,31/08/2026 17:33,9,ACTION,1707,85605,772,32,0,900,1,1,19
120,31/08/2026 17:33,9,ACTION,1799,88319,779,33,0,984,1,1,17
121,31/08/2026 17:33,9,ACTION,1725,85736,792,32,0,897,1,1,21
122,31/08/2026 17:33,9,ACTION,1731,88272,777,33,0,917,1,1,18
123,31/08/2026 17:33,9,ACTION,1700,85778,770,33,0,894,1,1,16
124,31/08/2026 17:33,9,ACTION,1740,85626,768,35,0,934,1,1,19
125,31/08/2026 17:33,9,ACTION,1756,83141,771,33,0,950,1,1,16
126,31/08/2026 17:33,9,ACTION,1724,89042,778,35,0,908,1,1,22
127,31/08/2026 17:33,9,ACTION,1705,85620,765,32,0,905,1,1,16
128,31/08/2026 17:33,9,ACTION,1715,88921,774,35,0,901,1,1,19
129,31/08/2026 17:33,9,ACTION,1706,85666,770,34,0,898,1,1,18
130,31/08/2026 17:33,9,ACTION,1702,85679,765,35,0,899,1,1,18
131,31/08/2026 17:33,9,ACTION,1795,83762,780,37,0,974,2,1,22
132,31/08/2026 17:33,9,ACTION,1703,85683,773,32,0,895,1,1,19
133,31/08/2026 17:33,9,ACTION,1713,88368,777,32,1,900,1,1,16
134,31/08/2026 17:33,9,ACTION,1771,88400,778,33,0,956,1,1,17
135,31/08/2026 17:33,9,ACTION,1753,83041,791,41,0,918,1,1,16
136,31/08/2026 17:33,9,ACTION,1723,85699,785,35,0,900,1,1,15
137,31/08/2026 17:33,9,ACTION,1730,85643,779,32,0,915,1,1,16
138,31/08/2026 17:33,9,ACTION,1753,85704,806,35,0,908,1,1,18
139,31/08/2026 17:33,9,ACTION,1702,85697,768,33,0,898,1,1,21
140,31/08/2026 17:33,9,ACTION,1742,88341,779,35,0,924,1,1,19
141,31/08/2026 17:33,9,ACTION,1803,83131,774,35,0,992,1,1,18
142,31/08/2026 17:33,9,ACTION,1764,85711,784,34,0,942,1,1,17
143,31/08/2026 17:33,9,ACTION,1731,85743,767,33,0,928,2,1,17
144,31/08/2026 17:33,9,ACTION,1766,88262,766,41,0,956,1,1,21
145,31/08/2026 17:33,9,ACTION,1727,85701,773,33,0,918,1,1,21
146,31/08/2026 17:33,9,ACTION,1779,85679,769,32,0,975,1,1,20
147,31/08/2026 17:33,9,ACTION,1812,85648,789,41,0,979,1,1,17
148,31/08/2026 17:33,9,ACTION,1744,85779,770,32,0,938,1,1,17
149,31/08/2026 17:34,9,ACTION,1775,86405,788,47,0,936,1,1,21
150,31/08/2026 17:34,9,ACTION,1762,85651,788,32,0,938,1,1,21
151,31/08/2026 17:34,9,ACTION,1845,85762,821,35,0,985,2,1,15
152,31/08/2026 17:34,9,ACTION,1783,85678,831,35,0,914,1,1,20
153,31/08/2026 17:34,9,ACTION,1743,86407,774,35,0,931,1,1,19
154,31/08/2026 17:34,9,ACTION,1773,88281,777,35,0,957,1,1,21
155,31/08/2026 17:34,9,ACTION,1811,85686,803,39,0,966,1,1,15
156,31/08/2026 17:34,9,ACTION,1710,88234,770,35,0,902,1,1,19
157,31/08/2026 17:34,9,ACTION,1722,85765,778,35,0,906,1,1,23
158,31/08/2026 17:34,9,ACTION,1772,85714,777,33,0,958,2,1,18
159,31/08/2026 17:34,9,ACTION,1774,85774,774,34,0,963,1,1,23
160,31/08/2026 17:34,9,ACTION,1801,88396,796,44,0,958,1,1,19
161,31/08/2026 17:34,9,ACTION,1811,85703,805,35,0,967,2,1,17
162,31/08/2026 17:34,9,ACTION,1718,85743,779,35,0,900,1,1,19
163,31/08/2026 17:34,9,ACTION,1699,83777,765,34,0,896,1,1,18
164,31/08/2026 17:34,9,ACTION,1759,83097,791,45,0,920,1,1,19
165,31/08/2026 17:34,9,ACTION,1805,85686,814,43,0,945,1,1,19
166,31/08/2026 17:34,9,ACTION,1753,85663,767,34,0,947,1,1,18
167,31/08/2026 17:34,9,ACTION,1751,83075,768,34,0,945,1,1,22
168,31/08/2026 17:34,9,ACTION,1788,85732,829,37,0,918,1,1,16
169,31/08/2026 17:34,9,ACTION,1704,85747,767,32,0,901,1,1,21
170,31/08/2026 17:34,9,ACTION,1724,85726,780,33,0,907,1,1,16
171,31/08/2026 17:34,9,ACTION,1789,88354,772,34,0,979,1,1,19
172,31/08/2026 17:34,9,ACTION,1784,86403,776,42,0,962,1,1,17
173,31/08/2026 17:34,9,ACTION,1712,88331,779,33,0,897,1,1,20
174,31/08/2026 17:34,9,ACTION,1706,88320,772,32,0,898,1,1,19
175,31/08/2026 17:34,9,ACTION,1729,85715,780,35,0,911,1,1,16
176,31/08/2026 17:34,9,ACTION,1704,83049,765,32,0,902,2,1,16
177,31/08/2026 17:34,9,ACTION,1818,85641,782,33,0,999,1,1,18
178,31/08/2026 17:34,9,ACTION,1706,85665,768,33,0,903,1,1,16
179,31/08/2026 17:34,9,ACTION,1800,85707,814,39,0,944,1,1,18
180,31/08/2026 17:35,9,ACTION,1720,85699,776,33,0,908,1,1,21
181,31/08/2026 17:35,9,ACTION,1746,88307,771,32,0,938,1,1,18
182,31/08/2026 17:35,9,ACTION,1730,88337,794,33,0,900,1,1,18
183,31/08/2026 17:35,9,ACTION,1703,88353,770,32,0,897,1,1,18
184,31/08/2026 17:35,9,ACTION,1710,85716,769,35,0,903,1,1,19
185,31/08/2026 17:35,9,ACTION,1713,85761,769,32,1,909,1,1,24
186,31/08/2026 17:35,9,ACTION,1743,88368,776,33,0,931,1,1,20
187,31/08/2026 17:35,9,ACTION,1709,83107,771,33,0,902,1,1,17
188,31/08/2026 17:35,9,ACTION,1723,88296,777,32,0,910,1,1,21
189,31/08/2026 17:35,9,ACTION,1726,85649,771,33,0,919,1,1,16
190,31/08/2026 17:35,9,ACTION,1793,85614,818,48,0,924,1,1,18
191,31/08/2026 17:35,9,ACTION,1715,85827,770,32,0,910,1,1,21
192,31/08/2026 17:35,9,ACTION,1712,85765,764,34,0,910,1,1,18
193,31/08/2026 17:35,9,ACTION,1779,88340,828,36,0,912,1,1,21
194,31/08/2026 17:35,9,ACTION,1734,85695,798,34,0,898,1,1,17
195,31/08/2026 17:35,9,ACTION,1802,85647,822,36,0,941,1,1,20
196,31/08/2026 17:35,9,ACTION,1767,85775,771,35,0,957,1,1,19
197,31/08/2026 17:35,9,ACTION,1775,88386,778,33,0,961,1,1,16
198,31/08/2026 17:35,9,ACTION,1768,85679,811,50,0,904,1,1,16
199,31/08/2026 17:35,9,ACTION,1704,83700,770,32,0,898,1,1,20
200,31/08/2026 17:35,9,ACTION,1844,85723,814,43,0,984,1,1,21
1,31/08/2026 17:35,18,ACTION,2785,70741,809,43,0,1930,2,4,59
2,31/08/2026 17:35,18,ACTION,2736,71357,767,43,0,1922,1,4,68
3,31/08/2026 17:35,18,ACTION,2789,70978,776,40,0,1969,2,4,59
4,31/08/2026 17:35,18,ACTION,2889,75942,850,50,0,1986,1,4,62
5,31/08/2026 17:36,18,ACTION,2766,75665,773,43,0,1946,1,4,60
6,31/08/2026 17:36,18,ACTION,2820,75799,771,42,0,2003,1,4,63
7,31/08/2026 17:36,18,ACTION,2772,76050,767,43,0,1958,1,4,68
8,31/08/2026 17:36,18,ACTION,2852,65945,775,57,0,2016,2,4,59
9,31/08/2026 17:36,18,ACTION,2754,71016,781,44,0,1925,1,4,63
10,31/08/2026 17:36,18,ACTION,2816,70679,794,41,0,1977,2,4,55
11,31/08/2026 17:36,18,ACTION,2737,70948,777,43,0,1914,2,4,65
12,31/08/2026 17:36,18,ACTION,2784,65599,768,43,0,1970,1,4,64
13,31/08/2026 17:36,18,ACTION,2812,75835,767,41,0,1999,2,4,64
14,31/08/2026 17:36,18,ACTION,2750,71164,772,40,0,1934,1,4,59
15,31/08/2026 17:36,18,ACTION,2823,75735,795,49,0,1975,1,4,55
16,31/08/2026 17:36,18,ACTION,2839,70681,770,41,0,2025,1,4,59
17,31/08/2026 17:36,18,ACTION,2826,70984,771,44,0,2007,1,4,60
18,31/08/2026 17:36,18,ACTION,2757,66186,769,41,0,1943,1,4,67
19,31/08/2026 17:36,18,ACTION,2755,76105,764,43,0,1944,1,4,52
20,31/08/2026 17:36,18,ACTION,2831,70729,807,65,0,1956,1,4,63
21,31/08/2026 17:36,18,ACTION,2729,71100,768,41,0,1917,1,4,64
22,31/08/2026 17:36,18,ACTION,2810,75826,779,41,0,1987,2,4,64
23,31/08/2026 17:36,18,ACTION,2756,75731,770,42,0,1941,2,4,68
24,31/08/2026 17:36,18,ACTION,2745,70647,771,41,0,1930,1,4,65
25,31/08/2026 17:36,18,ACTION,2818,76060,772,44,0,1998,2,4,66
26,31/08/2026 17:37,18,ACTION,2844,70941,838,47,0,1955,1,4,56
27,31/08/2026 17:37,18,ACTION,2840,70902,810,58,0,1968,2,4,57
28,31/08/2026 17:37,18,ACTION,2745,75997,771,41,0,1930,1,4,64
29,31/08/2026 17:37,18,ACTION,2797,75928,770,43,0,1981,1,4,64
30,31/08/2026 17:37,18,ACTION,2767,76018,767,41,0,1955,1,4,66
31,31/08/2026 17:37,18,ACTION,2803,75957,774,43,0,1983,2,4,61
32,31/08/2026 17:37,18,ACTION,2732,76055,772,41,0,1915,1,4,57
33,31/08/2026 17:37,18,ACTION,2758,71340,777,41,0,1936,1,4,60
34,31/08/2026 17:37,18,ACTION,2792,75844,772,40,0,1975,2,4,62
35,31/08/2026 17:37,18,ACTION,2747,71127,771,42,0,1931,2,4,58
36,31/08/2026 17:37,18,ACTION,2770,71100,771,40,0,1956,1,4,53
37,31/08/2026 17:37,18,ACTION,2844,75865,822,45,0,1973,2,4,59
38,31/08/2026 17:37,18,ACTION,2762,75813,771,43,0,1944,2,4,60
39,31/08/2026 17:37,18,ACTION,2818,75894,841,48,0,1927,2,4,62
40,31/08/2026 17:37,18,ACTION,2748,75889,767,43,0,1935,1,4,66
41,31/08/2026 17:37,18,ACTION,2735,71108,766,43,0,1923,2,4,59
42,31/08/2026 17:37,18,ACTION,2830,75836,773,41,0,2013,2,4,62
43,31/08/2026 17:37,18,ACTION,2759,75902,763,41,0,1951,2,4,59
44,31/08/2026 17:37,18,ACTION,2801,75801,804,52,0,1941,2,4,61
45,31/08/2026 17:37,18,ACTION,2776,70934,782,41,0,1949,1,4,59
46,31/08/2026 17:38,18,ACTION,2967,75873,832,51,0,2080,1,4,55
47,31/08/2026 17:38,18,ACTION,2745,76228,773,43,0,1926,1,4,58
48,31/08/2026 17:38,18,ACTION,2745,71140,766,42,0,1933,2,4,61
49,31/08/2026 17:38,18,ACTION,2784,71041,772,41,0,1967,1,4,61
50,31/08/2026 17:38,18,ACTION,2744,75970,773,41,0,1927,1,4,63
51,31/08/2026 17:38,18,ACTION,2842,70720,808,54,0,1976,2,4,68
52,31/08/2026 17:38,18,ACTION,2784,75919,769,41,0,1970,2,4,59
53,31/08/2026 17:38,18,ACTION,2783,70931,775,41,0,1964,1,4,59
54,31/08/2026 17:38,18,ACTION,2786,75723,774,41,0,1967,2,4,59
55,31/08/2026 17:38,18,ACTION,2743,65751,770,41,0,1929,1,4,63
56,31/08/2026 17:38,18,ACTION,2864,75992,814,52,0,1994,1,4,56
57,31/08/2026 17:38,18,ACTION,2870,76049,842,49,0,1976,2,4,60
58,31/08/2026 17:38,18,ACTION,2737,76179,776,41,0,1916,1,4,59
59,31/08/2026 17:38,18,ACTION,2833,80281,766,40,0,2023,1,4,64
60,31/08/2026 17:38,18,ACTION,2770,75983,773,41,0,1953,2,4,63
61,31/08/2026 17:38,18,ACTION,2785,76234,772,41,0,1969,2,4,67
62,31/08/2026 17:38,18,ACTION,2907,75785,846,52,0,2004,2,4,70
63,31/08/2026 17:38,18,ACTION,2757,71096,779,42,0,1932,1,4,60
64,31/08/2026 17:38,18,ACTION,2743,70981,771,41,0,1928,2,4,54
65,31/08/2026 17:38,18,ACTION,2845,76071,804,54,0,1984,2,4,72
66,31/08/2026 17:39,18,ACTION,2853,75933,790,52,0,2007,2,4,62
67,31/08/2026 17:39,18,ACTION,2798,75909,770,43,0,1981,2,4,65
68,31/08/2026 17:39,18,ACTION,2796,70832,770,40,0,1981,2,4,64
69,31/08/2026 17:39,18,ACTION,2742,70986,771,43,0,1924,1,4,58
70,31/08/2026 17:39,18,ACTION,2741,75989,780,43,0,1914,1,4,63
71,31/08/2026 17:39,18,ACTION,2744,75919,771,43,0,1925,2,4,59
72,31/08/2026 17:39,18,ACTION,2734,70735,766,43,0,1922,1,4,61
73,31/08/2026 17:39,18,ACTION,2801,76110,779,53,0,1965,2,4,64
74,31/08/2026 17:39,18,ACTION,2738,70880,770,41,0,1924,1,4,65
75,31/08/2026 17:39,18,ACTION,2777,71082,779,43,0,1952,2,4,65
76,31/08/2026 17:39,18,ACTION,2780,75841,770,43,0,1963,1,4,65
77,31/08/2026 17:39,18,ACTION,2817,75943,783,66,0,1964,2,4,69
78,31/08/2026 17:39,18,ACTION,2790,70935,768,43,0,1974,2,4,66
79,31/08/2026 17:39,18,ACTION,2768,75799,768,42,0,1954,2,4,56
80,31/08/2026 17:39,18,ACTION,2808,71187,818,56,0,1931,1,4,59
81,31/08/2026 17:39,18,ACTION,2796,70997,771,43,0,1979,2,4,73
82,31/08/2026 17:39,18,ACTION,2733,70977,770,43,0,1917,1,4,68
83,31/08/2026 17:39,18,ACTION,2798,71206,777,43,0,1974,2,4,64
84,31/08/2026 17:39,18,ACTION,2784,70997,770,43,0,1967,2,4,62
85,31/08/2026 17:39,18,ACTION,2832,70772,815,52,0,1961,1,4,63
86,31/08/2026 17:40,18,ACTION,2823,75888,800,58,0,1962,1,4,64
87,31/08/2026 17:40,18,ACTION,2787,71100,781,41,0,1962,1,4,55
88,31/08/2026 17:40,18,ACTION,2826,70843,776,50,0,1995,2,4,61
89,31/08/2026 17:40,18,ACTION,2795,71016,784,41,0,1967,2,4,61
90,31/08/2026 17:40,18,ACTION,2828,75841,796,50,0,1978,1,4,60
91,31/08/2026 17:40,18,ACTION,2771,71281,801,42,0,1925,1,4,70
92,31/08/2026 17:40,18,ACTION,2813,71140,774,53,0,1982,2,4,58
93,31/08/2026 17:40,18,ACTION,2841,75963,805,43,0,1990,2,4,63
94,31/08/2026 17:40,18,ACTION,2809,70892,829,50,0,1926,2,4,66
95,31/08/2026 17:40,18,ACTION,2731,71065,770,41,0,1917,1,4,56
96,31/08/2026 17:40,18,ACTION,2751,71124,772,44,0,1931,2,4,63
97,31/08/2026 17:40,18,ACTION,2814,70687,807,56,0,1948,1,4,60
98,31/08/2026 17:40,18,ACTION,2768,75885,783,42,0,1940,1,4,56
99,31/08/2026 17:40,18,ACTION,2793,76134,784,43,0,1962,1,4,59
100,31/08/2026 17:40,18,ACTION,2769,70950,782,41,0,1943,1,4,68
101,31/08/2026 17:40,18,ACTION,2760,70992,774,43,0,1939,2,4,55
102,31/08/2026 17:40,18,ACTION,2808,75983,776,41,0,1988,2,4,58
103,31/08/2026 17:40,18,ACTION,2845,75913,774,41,0,2027,1,4,65
104,31/08/2026 17:40,18,ACTION,2741,75678,768,44,0,1925,1,4,63
105,31/08/2026 17:40,18,ACTION,2793,71063,840,43,0,1907,2,4,60
106,31/08/2026 17:41,18,ACTION,2781,76036,791,42,0,1944,2,4,53
107,31/08/2026 17:41,18,ACTION,2750,70841,774,41,0,1932,1,4,65
108,31/08/2026 17:41,18,ACTION,2739,71045,772,41,0,1923,2,4,64
109,31/08/2026 17:41,18,ACTION,2741,70950,767,43,0,1927,1,4,60
110,31/08/2026 17:41,18,ACTION,2732,66316,774,41,0,1914,2,4,57
111,31/08/2026 17:41,18,ACTION,2782,76029,788,43,0,1947,1,4,61
112,31/08/2026 17:41,18,ACTION,2745,75739,771,43,0,1927,1,4,70
113,31/08/2026 17:41,18,ACTION,2761,75835,765,40,0,1951,2,4,58
114,31/08/2026 17:41,18,ACTION,2784,71329,771,41,0,1969,1,4,63
115,31/08/2026 17:41,18,ACTION,2805,75833,780,42,0,1979,2,4,69
116,31/08/2026 17:41,18,ACTION,2783,76007,804,43,0,1932,2,4,59
117,31/08/2026 17:41,18,ACTION,2756,71208,775,40,0,1937,1,4,62
118,31/08/2026 17:41,18,ACTION,2771,71243,768,41,0,1958,2,4,57
119,31/08/2026 17:41,18,ACTION,2843,71076,819,46,0,1975,1,4,65
120,31/08/2026 17:41,18,ACTION,2828,75795,777,46,0,2000,2,4,54
121,31/08/2026 17:41,18,ACTION,2779,76194,776,41,0,1959,1,4,70
122,31/08/2026 17:41,18,ACTION,2826,76138,785,46,0,1991,1,4,69
123,31/08/2026 17:41,18,ACTION,2797,75879,772,44,0,1978,2,4,69
124,31/08/2026 17:41,18,ACTION,2826,75993,812,47,0,1964,1,4,60
125,31/08/2026 17:41,18,ACTION,2815,75930,823,41,0,1947,2,4,61
126,31/08/2026 17:42,18,ACTION,2837,75874,773,44,0,2016,2,4,67
127,31/08/2026 17:42,18,ACTION,2760,66017,767,41,0,1948,2,4,56
128,31/08/2026 17:42,18,ACTION,2829,75959,776,54,0,1995,2,4,60
129,31/08/2026 17:42,18,ACTION,2801,71074,772,39,0,1985,2,4,57
130,31/08/2026 17:42,18,ACTION,2747,70834,774,43,0,1927,1,4,64
131,31/08/2026 17:42,18,ACTION,2740,76129,770,40,0,1925,2,4,60
132,31/08/2026 17:42,18,ACTION,2763,76091,777,42,0,1940,1,4,69
133,31/08/2026 17:42,18,ACTION,2777,70982,771,41,0,1961,2,4,65
134,31/08/2026 17:42,18,ACTION,2794,75991,821,44,0,1926,1,4,58
135,31/08/2026 17:42,18,ACTION,2830,75879,770,42,0,2014,2,4,59
136,31/08/2026 17:42,18,ACTION,2739,71045,769,43,0,1923,2,4,57
137,31/08/2026 17:42,18,ACTION,2747,76191,771,41,0,1932,1,4,71
138,31/08/2026 17:42,18,ACTION,2735,70735,776,41,0,1914,1,4,59
139,31/08/2026 17:42,18,ACTION,2870,71042,783,47,0,2036,2,4,61
140,31/08/2026 17:42,18,ACTION,2779,76563,770,42,0,1963,1,4,64
141,31/08/2026 17:42,18,ACTION,2737,65921,776,41,0,1917,1,4,59
142,31/08/2026 17:42,18,ACTION,2735,75904,767,40,0,1925,1,4,68
143,31/08/2026 17:42,18,ACTION,2841,70972,778,52,0,2008,2,4,62
144,31/08/2026 17:42,18,ACTION,2750,76020,774,49,0,1923,1,4,57
145,31/08/2026 17:42,18,ACTION,2862,70903,828,66,0,1965,1,4,54
146,31/08/2026 17:43,18,ACTION,2772,76058,775,42,0,1951,1,4,58
147,31/08/2026 17:43,18,ACTION,2802,76026,783,41,0,1974,1,4,67
148,31/08/2026 17:43,18,ACTION,2740,75694,773,43,0,1920,1,4,62
149,31/08/2026 17:43,18,ACTION,2743,70775,772,41,0,1926,1,4,62
150,31/08/2026 17:43,18,ACTION,2786,75801,771,41,0,1971,2,4,65
151,31/08/2026 17:43,18,ACTION,2832,75766,767,43,0,2018,2,4,53
152,31/08/2026 17:43,18,ACTION,2765,71044,778,43,0,1939,2,4,59
153,31/08/2026 17:43,18,ACTION,2821,76247,812,52,0,1952,2,4,58
154,31/08/2026 17:43,18,ACTION,2737,75901,764,41,0,1928,2,4,61
155,31/08/2026 17:43,18,ACTION,2762,71044,770,43,0,1944,2,4,62
156,31/08/2026 17:43,18,ACTION,2789,66368,774,41,0,1970,2,4,53
157,31/08/2026 17:43,18,ACTION,2890,75795,811,52,0,2023,2,4,67
158,31/08/2026 17:43,18,ACTION,2784,75857,771,41,0,1969,1,4,68
159,31/08/2026 17:43,18,ACTION,2825,65879,792,40,0,1989,1,4,63
160,31/08/2026 17:43,18,ACTION,2775,75617,769,40,0,1962,1,4,64
161,31/08/2026 17:43,18,ACTION,2735,70870,768,43,0,1920,1,4,55
162,31/08/2026 17:43,18,ACTION,2852,75762,789,45,0,2014,1,4,66
163,31/08/2026 17:43,18,ACTION,2855,76133,796,51,0,2004,2,4,64
164,31/08/2026 17:43,18,ACTION,2796,76030,777,41,0,1974,2,4,60
165,31/08/2026 17:43,18,ACTION,2810,76016,777,44,0,1985,2,4,53
166,31/08/2026 17:44,18,ACTION,2731,71116,765,44,0,1918,2,4,60
167,31/08/2026 17:44,18,ACTION,2779,71224,771,41,0,1963,2,4,60
168,31/08/2026 17:44,18,ACTION,2784,71368,805,43,0,1932,2,4,62
169,31/08/2026 17:44,18,ACTION,2763,71048,768,41,0,1950,1,4,61
170,31/08/2026 17:44,18,ACTION,2807,71360,778,58,0,1968,1,4,63
171,31/08/2026 17:44,18,ACTION,2760,75829,774,41,0,1942,2,4,64
172,31/08/2026 17:44,18,ACTION,2789,70864,769,43,0,1974,1,4,58
173,31/08/2026 17:44,18,ACTION,2762,70782,778,43,0,1938,1,4,66
174,31/08/2026 17:44,18,ACTION,2803,70959,798,52,0,1949,1,4,58
175,31/08/2026 17:44,18,ACTION,2755,75857,772,42,0,1937,1,4,64
176,31/08/2026 17:44,18,ACTION,2775,76044,773,41,0,1956,2,4,63
177,31/08/2026 17:44,18,ACTION,2846,66338,778,51,0,2013,2,4,57
178,31/08/2026 17:44,18,ACTION,2768,71051,774,43,0,1948,1,4,56
179,31/08/2026 17:44,18,ACTION,2775,75814,768,43,0,1960,1,4,61
180,31/08/2026 17:44,18,ACTION,2864,76145,778,41,0,2042,1,4,56
181,31/08/2026 17:44,18,ACTION,2806,75901,768,43,0,1991,2,4,59
182,31/08/2026 17:44,18,ACTION,2747,70729,776,41,0,1926,1,4,62
183,31/08/2026 17:44,18,ACTION,2844,75699,826,50,0,1964,2,4,64
184,31/08/2026 17:44,18,ACTION,2852,71079,780,42,0,2026,2,4,67
185,31/08/2026 17:44,18,ACTION,2842,76139,811,49,0,1977,1,4,70
186,31/08/2026 17:45,18,ACTION,2867,70989,772,44,0,2047,2,4,67
187,31/08/2026 17:45,18,ACTION,2806,75846,774,41,0,1988,2,4,66
188,31/08/2026 17:45,18,ACTION,2838,75960,772,41,0,2021,1,4,69
189,31/08/2026 17:45,18,ACTION,2779,70822,769,41,0,1966,2,4,62
190,31/08/2026 17:45,18,ACTION,2743,70916,772,41,0,1927,2,4,64
191,31/08/2026 17:45,18,ACTION,2762,75928,779,43,0,1936,2,4,55
192,31/08/2026 17:45,18,ACTION,2868,75817,775,40,0,2049,2,4,62
193,31/08/2026 17:45,18,ACTION,2782,70928,771,44,0,1963,2,4,72
194,31/08/2026 17:45,18,ACTION,2778,71158,810,43,0,1921,2,4,60
195,31/08/2026 17:45,18,ACTION,2738,70505,779,40,0,1915,1,4,64
196,31/08/2026 17:45,18,ACTION,2750,71020,770,43,0,1934,1,4,64
197,31/08/2026 17:45,18,ACTION,2757,71139,774,43,0,1937,1,4,64
198,31/08/2026 17:45,18,ACTION,2725,76028,770,42,0,1909,1,4,62
199,31/08/2026 17:45,18,ACTION,2819,75828,769,41,0,2005,1,4,62
200,31/08/2026 17:45,18,ACTION,2738,71367,773,43,0,1918,1,4,66
1,31/08/2026 17:46,27,ACTION,20666,193494,774,51,0,19838,1,83,353
2,31/08/2026 17:46,27,ACTION,20586,289605,778,51,0,19754,1,83,354
3,31/08/2026 17:46,27,ACTION,20897,187431,781,48,0,20064,1,83,365
4,31/08/2026 17:47,27,ACTION,20742,289218,771,51,0,19916,1,83,368
5,31/08/2026 17:47,27,ACTION,20670,295348,783,49,0,19834,1,83,343
6,31/08/2026 17:47,27,ACTION,20899,180353,788,64,0,20045,1,83,348
7,31/08/2026 17:48,27,ACTION,20754,216447,800,48,0,19903,1,84,354
8,31/08/2026 17:48,27,ACTION,20807,294713,771,51,0,19981,1,83,348
9,31/08/2026 17:48,27,ACTION,20689,295173,786,49,0,19851,1,83,354
10,31/08/2026 17:49,27,ACTION,20738,210213,775,51,0,19909,1,84,358
11,31/08/2026 17:49,27,ACTION,20766,193705,770,51,0,19941,1,83,373
12,31/08/2026 17:49,27,ACTION,20822,288731,769,50,0,20000,1,83,343
13,31/08/2026 17:50,27,ACTION,21203,295073,772,51,0,20377,1,83,357
14,31/08/2026 17:50,27,ACTION,20764,180720,768,49,0,19944,1,83,357
15,31/08/2026 17:51,27,ACTION,21029,204102,801,48,0,20176,1,84,357
16,31/08/2026 17:51,27,ACTION,21096,193144,780,61,0,20252,1,83,372
17,31/08/2026 17:51,27,ACTION,21076,193997,829,60,0,20184,1,83,360
18,31/08/2026 17:52,27,ACTION,20875,186495,820,69,0,19982,1,83,364
19,31/08/2026 17:52,27,ACTION,20986,294479,773,49,0,20161,1,83,365
20,31/08/2026 17:52,27,ACTION,20975,209869,772,50,0,20149,1,84,360
21,31/08/2026 17:53,27,ACTION,20961,287836,824,61,0,20073,1,83,355
22,31/08/2026 17:53,27,ACTION,20575,287445,769,50,0,19752,1,83,347
23,31/08/2026 17:53,27,ACTION,20902,294534,771,51,0,20076,2,83,344
24,31/08/2026 17:54,27,ACTION,20817,288864,777,51,0,19985,1,83,358
25,31/08/2026 17:54,27,ACTION,20655,174530,771,51,0,19829,1,83,346
26,31/08/2026 17:54,27,ACTION,20778,186992,778,50,0,19947,1,83,350
27,31/08/2026 17:55,27,ACTION,20836,216875,771,50,0,20011,1,84,361
28,31/08/2026 17:55,27,ACTION,20807,139623,827,59,0,19917,1,83,351
29,31/08/2026 17:55,27,ACTION,20835,187700,774,50,0,20008,1,83,353
30,31/08/2026 17:56,27,ACTION,20554,295079,780,53,0,19718,1,83,345
31,31/08/2026 17:56,27,ACTION,21165,294227,769,50,0,20342,1,83,343
32,31/08/2026 17:57,27,ACTION,20820,24538,783,48,0,19986,1,83,362
33,31/08/2026 17:57,27,ACTION,20854,187866,780,51,0,20019,1,83,351
34,31/08/2026 17:57,27,ACTION,20936,203531,797,51,0,20084,1,84,362
35,31/08/2026 17:58,27,ACTION,20596,193348,770,49,0,19773,1,83,354
36,31/08/2026 17:58,27,ACTION,20702,187836,795,49,0,19855,1,83,366
37,31/08/2026 17:58,27,ACTION,20981,216609,774,51,0,20152,1,84,355
38,31/08/2026 17:59,27,ACTION,20854,288445,774,49,0,20028,1,83,354
39,31/08/2026 17:59,27,ACTION,20800,288637,793,48,0,19955,2,83,362
40,31/08/2026 17:59,27,ACTION,20745,193986,769,51,0,19921,1,83,348
41,31/08/2026 18:00,27,ACTION,21128,288684,801,63,0,20260,1,83,356
42,31/08/2026 18:00,27,ACTION,20835,204258,775,49,0,20007,1,84,349
43,31/08/2026 18:00,27,ACTION,20563,193941,788,49,0,19723,1,83,357
44,31/08/2026 18:01,27,ACTION,20778,193862,767,51,0,19957,2,83,353
45,31/08/2026 18:01,27,ACTION,20683,186503,807,48,0,19824,1,83,359
46,31/08/2026 18:01,27,ACTION,20904,288795,775,69,0,20053,5,83,356
47,31/08/2026 18:02,27,ACTION,20835,288702,767,49,0,20015,1,83,347
48,31/08/2026 18:02,27,ACTION,20493,251083,778,50,0,19661,1,82,363
49,31/08/2026 18:02,27,ACTION,21114,186800,816,83,0,20211,1,83,353
50,31/08/2026 18:03,27,ACTION,20798,187272,773,50,0,19971,1,83,352
51,31/08/2026 18:03,27,ACTION,20668,192560,768,49,0,19848,1,83,345
52,31/08/2026 18:04,27,ACTION,20856,210216,767,51,0,20034,1,84,358
53,31/08/2026 18:04,27,ACTION,20821,289050,770,52,0,19996,1,83,354
54,31/08/2026 18:04,27,ACTION,20678,308188,829,51,0,19795,1,83,353
55,31/08/2026 18:05,27,ACTION,21050,188191,822,70,0,20155,1,83,365
56,31/08/2026 18:05,27,ACTION,21026,187247,851,70,0,20101,1,83,362
57,31/08/2026 18:05,27,ACTION,20745,186907,770,50,0,19922,1,83,357
58,31/08/2026 18:06,27,ACTION,20991,288286,769,51,0,20167,1,83,365
59,31/08/2026 18:06,27,ACTION,20842,187768,786,64,0,19989,1,83,355
60,31/08/2026 18:06,27,ACTION,20612,294696,769,49,0,19790,1,83,347
61,31/08/2026 18:07,27,ACTION,20873,288888,815,49,0,20006,1,83,352
62,31/08/2026 18:07,27,ACTION,20680,288904,781,51,0,19845,1,83,359
63,31/08/2026 18:07,27,ACTION,20721,216528,771,48,0,19898,1,84,348
64,31/08/2026 18:08,27,ACTION,21057,289563,771,51,0,20232,1,83,367
65,31/08/2026 18:08,27,ACTION,20848,288993,774,51,0,20019,1,83,356
66,31/08/2026 18:08,27,ACTION,20757,209672,797,48,0,19910,1,84,348
67,31/08/2026 18:09,27,ACTION,21027,294548,782,50,0,20191,2,83,346
68,31/08/2026 18:09,27,ACTION,20725,209802,771,50,0,19901,1,84,358
69,31/08/2026 18:09,27,ACTION,20876,289392,812,68,0,19992,1,83,352
70,31/08/2026 18:10,27,ACTION,20843,186753,773,48,0,20019,1,83,347
71,31/08/2026 18:10,27,ACTION,20854,296108,774,50,0,20027,1,83,351
72,31/08/2026 18:11,27,ACTION,20947,240455,774,50,0,20120,1,83,367
73,31/08/2026 18:11,27,ACTION,21125,288816,776,48,0,20297,1,83,349
74,31/08/2026 18:11,27,ACTION,21259,217051,809,58,0,20388,1,84,350
75,31/08/2026 18:12,27,ACTION,20707,180555,775,48,0,19880,1,83,351
76,31/08/2026 18:12,27,ACTION,20769,210103,772,48,0,19946,2,84,361
77,31/08/2026 18:12,27,ACTION,20752,210448,777,49,0,19923,1,84,344
78,31/08/2026 18:13,27,ACTION,21012,217768,775,49,0,20185,1,84,354
79,31/08/2026 18:13,27,ACTION,20910,289576,810,53,0,20043,1,83,344
80,31/08/2026 18:13,27,ACTION,20581,187550,777,50,0,19751,1,83,366
81,31/08/2026 18:14,27,ACTION,20800,217494,766,52,0,19978,1,84,367
82,31/08/2026 18:14,27,ACTION,20707,295326,774,50,0,19880,1,83,357
83,31/08/2026 18:14,27,ACTION,21014,193863,782,49,0,20180,1,83,361
84,31/08/2026 18:15,27,ACTION,20897,186959,871,65,0,19957,1,83,349
85,31/08/2026 18:15,27,ACTION,20441,146515,776,51,0,19611,1,83,368
86,31/08/2026 18:15,27,ACTION,20824,289253,774,49,0,19997,2,83,354
87,31/08/2026 18:16,27,ACTION,20970,210393,769,48,0,20150,1,84,353
88,31/08/2026 18:16,27,ACTION,20918,288288,782,50,0,20083,1,83,356
89,31/08/2026 18:16,27,ACTION,20654,186877,800,49,0,19802,1,83,345
90,31/08/2026 18:17,27,ACTION,20983,180680,829,54,0,20097,1,83,344
91,31/08/2026 18:17,27,ACTION,20874,187256,769,48,0,20053,1,83,357
92,31/08/2026 18:18,27,ACTION,20912,187052,770,48,0,20090,1,83,356
93,31/08/2026 18:18,27,ACTION,21091,210461,766,49,0,20273,1,84,358
94,31/08/2026 18:18,27,ACTION,20929,282519,774,51,0,20102,1,83,346
95,31/08/2026 18:19,27,ACTION,20707,187564,777,51,0,19876,1,83,353
96,31/08/2026 18:19,27,ACTION,21059,166686,774,63,0,20218,1,83,361
97,31/08/2026 18:19,27,ACTION,20969,58152,771,48,0,20146,1,84,359
98,31/08/2026 18:20,27,ACTION,20641,187734,811,50,0,19776,1,83,361
99,31/08/2026 18:20,27,ACTION,20513,133000,770,50,0,19689,1,83,352
100,31/08/2026 18:20,27,ACTION,20735,287997,772,49,0,19911,1,83,352
101,31/08/2026 18:21,27,ACTION,21120,193906,775,65,0,20277,1,83,357
102,31/08/2026 18:21,27,ACTION,20832,288663,776,50,0,20003,1,83,359
103,31/08/2026 18:21,27,ACTION,20946,57938,771,48,0,20124,1,84,359
104,31/08/2026 18:22,27,ACTION,20680,295067,770,49,0,19857,1,83,347
105,31/08/2026 18:22,27,ACTION,20771,288618,769,50,0,19949,1,83,344
106,31/08/2026 18:22,27,ACTION,20641,194398,772,51,0,19815,1,83,352
107,31/08/2026 18:23,27,ACTION,20887,288041,767,48,0,20069,1,83,347
108,31/08/2026 18:23,27,ACTION,20975,187519,787,48,0,20137,1,83,362
109,31/08/2026 18:23,27,ACTION,20867,187541,807,66,0,19991,1,83,349
110,31/08/2026 18:24,27,ACTION,20601,140088,805,67,0,19725,1,83,345
111,31/08/2026 18:24,27,ACTION,20788,187115,769,49,0,19966,2,83,345
112,31/08/2026 18:25,27,ACTION,20938,181295,776,48,0,20110,1,83,362
113,31/08/2026 18:25,27,ACTION,20699,301252,774,51,0,19871,1,83,350
114,31/08/2026 18:25,27,ACTION,20725,216722,785,49,0,19886,1,84,359
115,31/08/2026 18:26,27,ACTION,20844,186917,770,49,0,20021,1,83,355
116,31/08/2026 18:26,27,ACTION,21023,186619,791,61,0,20167,1,83,348
117,31/08/2026 18:26,27,ACTION,20804,210087,776,51,0,19973,1,84,352
118,31/08/2026 18:27,27,ACTION,20934,282272,780,51,0,20100,1,83,360
119,31/08/2026 18:27,27,ACTION,21133,85001,842,62,0,20225,1,83,362
120,31/08/2026 18:27,27,ACTION,20657,294439,760,50,0,19843,1,83,352
121,31/08/2026 18:28,27,ACTION,20892,288529,774,51,0,20064,1,83,354
122,31/08/2026 18:28,27,ACTION,20790,282122,773,51,0,19962,1,83,358
123,31/08/2026 18:28,27,ACTION,21020,187863,776,77,0,20165,1,83,361
124,31/08/2026 18:29,27,ACTION,20844,282190,813,48,0,19980,1,83,355
125,31/08/2026 18:29,27,ACTION,20970,180925,798,65,0,20103,1,83,371
126,31/08/2026 18:29,27,ACTION,21161,193478,776,70,0,20313,1,83,362
127,31/08/2026 18:30,27,ACTION,20815,187905,779,49,0,19984,1,83,362
128,31/08/2026 18:30,27,ACTION,20884,210805,802,49,0,20030,1,84,348
129,31/08/2026 18:31,27,ACTION,20775,288892,781,49,0,19941,2,83,354
130,31/08/2026 18:31,27,ACTION,20904,295482,793,48,0,20059,1,83,368
131,31/08/2026 18:31,27,ACTION,20664,187275,767,48,0,19845,1,83,352
132,31/08/2026 18:32,27,ACTION,20831,281333,793,51,0,19984,1,83,348
133,31/08/2026 18:32,27,ACTION,20666,295142,809,48,0,19805,1,83,341
134,31/08/2026 18:32,27,ACTION,20879,173433,771,49,0,20055,2,83,372
135,31/08/2026 18:33,27,ACTION,20784,302242,772,50,0,19959,1,83,365
136,31/08/2026 18:33,27,ACTION,20713,288206,779,48,0,19882,1,83,356
137,31/08/2026 18:33,27,ACTION,20741,289157,767,51,0,19919,1,83,349
138,31/08/2026 18:34,27,ACTION,20673,179927,771,50,0,19848,1,83,339
139,31/08/2026 18:34,27,ACTION,21087,289534,774,48,0,20261,1,83,352
140,31/08/2026 18:34,27,ACTION,20615,180592,766,49,0,19796,1,83,347
141,31/08/2026 18:35,27,ACTION,21011,210973,768,52,0,20188,1,84,357
142,31/08/2026 18:35,27,ACTION,20843,187587,768,48,0,20023,1,83,361
143,31/08/2026 18:35,27,ACTION,21018,295248,780,50,0,20184,1,83,356
144,31/08/2026 18:36,27,ACTION,20942,180048,782,58,0,20099,1,83,362
145,31/08/2026 18:36,27,ACTION,20998,217534,780,52,0,20163,1,84,356
146,31/08/2026 18:36,27,ACTION,20814,287742,797,49,0,19966,1,83,354
147,31/08/2026 18:37,27,ACTION,20603,186989,773,49,0,19778,1,83,350
148,31/08/2026 18:37,27,ACTION,20798,186963,767,49,0,19978,2,83,347
149,31/08/2026 18:38,27,ACTION,20725,193667,770,48,0,19903,1,83,353
150,31/08/2026 18:38,27,ACTION,20866,187064,768,49,0,20046,1,83,347
151,31/08/2026 18:38,27,ACTION,20761,289672,771,50,0,19937,1,83,370
152,31/08/2026 18:39,27,ACTION,20687,288676,779,49,0,19855,1,83,357
153,31/08/2026 18:39,27,ACTION,20679,187550,768,48,0,19859,1,83,365
154,31/08/2026 18:39,27,ACTION,21142,203204,786,59,0,20293,1,84,353
155,31/08/2026 18:40,27,ACTION,20872,146553,772,48,0,20049,1,83,346
156,31/08/2026 18:40,27,ACTION,20921,187633,776,56,0,20085,1,83,354
157,31/08/2026 18:40,27,ACTION,20817,187180,831,59,0,19924,1,83,358
158,31/08/2026 18:41,27,ACTION,20860,316592,764,49,0,20044,1,83,347
159,31/08/2026 18:41,27,ACTION,20706,194205,782,51,0,19870,1,83,357
160,31/08/2026 18:41,27,ACTION,20834,187267,771,49,0,20010,1,83,359
161,31/08/2026 18:42,27,ACTION,20864,294934,770,48,0,20043,1,83,354
162,31/08/2026 18:42,27,ACTION,20993,308562,780,62,0,20147,1,83,349
163,31/08/2026 18:42,27,ACTION,20879,295166,773,48,0,20055,1,83,367
164,31/08/2026 18:43,27,ACTION,20998,193762,804,62,0,20129,1,83,345
165,31/08/2026 18:43,27,ACTION,20599,295838,771,49,0,19775,1,83,346
166,31/08/2026 18:43,27,ACTION,20875,288773,804,69,0,19999,1,83,357
167,31/08/2026 18:44,27,ACTION,21334,288676,789,67,0,20474,1,83,364
168,31/08/2026 18:44,27,ACTION,20740,173897,773,48,0,19917,1,83,360
169,31/08/2026 18:45,27,ACTION,20897,295348,767,51,0,20075,1,83,360
170,31/08/2026 18:45,27,ACTION,20898,180395,773,51,0,20070,1,83,357
171,31/08/2026 18:45,27,ACTION,20993,210115,772,51,0,20166,1,84,352
172,31/08/2026 18:46,27,ACTION,20950,216753,802,56,0,20089,1,84,365
173,31/08/2026 18:46,27,ACTION,20976,186899,804,53,0,20115,1,83,349
174,31/08/2026 18:46,27,ACTION,20726,281677,765,51,0,19907,1,83,356
175,31/08/2026 18:47,27,ACTION,20814,187371,770,49,0,19992,1,83,344
176,31/08/2026 18:47,27,ACTION,21143,223466,797,64,0,20280,1,84,359
177,31/08/2026 18:47,27,ACTION,20690,288908,796,48,0,19842,1,83,339
178,31/08/2026 18:48,27,ACTION,21196,289847,774,49,0,20369,1,83,344
179,31/08/2026 18:48,27,ACTION,20981,288754,773,51,0,20153,2,83,344
180,31/08/2026 18:48,27,ACTION,20729,295797,769,51,0,19905,1,83,350
181,31/08/2026 18:49,27,ACTION,20926,180443,780,51,0,20092,1,83,352
182,31/08/2026 18:49,27,ACTION,20666,180192,771,51,0,19840,1,83,330
183,31/08/2026 18:49,27,ACTION,20816,288160,773,50,0,19988,2,83,349
184,31/08/2026 18:50,27,ACTION,20748,288146,778,50,0,19916,1,83,344
185,31/08/2026 18:50,27,ACTION,20980,186763,775,51,0,20151,1,83,347
186,31/08/2026 18:50,27,ACTION,20715,289002,773,49,0,19889,1,83,349
187,31/08/2026 18:51,27,ACTION,20714,288297,774,51,0,19885,1,83,352
188,31/08/2026 18:51,27,ACTION,20697,180355,782,67,0,19844,1,83,361
189,31/08/2026 18:52,27,ACTION,20728,293501,779,51,0,19894,1,83,337
190,31/08/2026 18:52,27,ACTION,20691,294889,787,57,0,19844,1,83,362
191,31/08/2026 18:52,27,ACTION,20613,288521,770,51,0,19789,1,83,359
192,31/08/2026 18:53,27,ACTION,21052,289529,772,48,0,20228,2,83,349
193,31/08/2026 18:53,27,ACTION,20762,186811,772,51,0,19935,2,83,345
194,31/08/2026 18:53,27,ACTION,20730,193982,772,49,0,19906,1,83,344
195,31/08/2026 18:54,27,ACTION,20909,287854,775,48,0,20082,1,83,347
196,31/08/2026 18:54,27,ACTION,20657,316094,774,48,0,19832,1,83,351
197,31/08/2026 18:54,27,ACTION,20746,187357,779,51,0,19912,1,83,355
198,31/08/2026 18:55,27,ACTION,20896,187025,783,48,0,20061,1,83,357
199,31/08/2026 18:55,27,ACTION,20797,294849,777,49,0,19969,1,83,342
200,31/08/2026 18:55,27,ACTION,20789,295287,774,49,0,19963,1,83,345
1,31/08/2026 18:56,36,ACTION,29518,413586,782,56,0,28677,1,95,756
2,31/08/2026 18:56,36,ACTION,29662,278408,782,59,0,28818,1,95,757
3,31/08/2026 18:57,36,ACTION,29901,381793,774,56,0,29068,1,95,732
4,31/08/2026 18:57,36,ACTION,29514,419917,779,58,0,28674,1,95,717
5,31/08/2026 18:58,36,ACTION,29510,271652,772,55,0,28680,1,95,747
6,31/08/2026 18:58,36,ACTION,29448,400921,782,55,0,28607,1,95,736
7,31/08/2026 18:59,36,ACTION,29800,362236,815,72,0,28909,2,95,737
8,31/08/2026 18:59,36,ACTION,29809,381884,773,56,0,28976,1,95,756
9,31/08/2026 19:00,36,ACTION,29533,388060,772,55,0,28703,1,95,758
10,31/08/2026 19:00,36,ACTION,29741,381852,773,55,0,28909,1,95,733
11,31/08/2026 19:01,36,ACTION,29805,413583,810,73,0,28919,1,95,734
12,31/08/2026 19:01,36,ACTION,29424,407021,772,55,0,28594,1,95,737
13,31/08/2026 19:02,36,ACTION,29964,407478,778,59,0,29123,1,95,748
14,31/08/2026 19:02,36,ACTION,29240,271893,768,56,0,28413,1,95,750
15,31/08/2026 19:03,36,ACTION,29539,392816,838,74,0,28624,1,94,742
16,31/08/2026 19:03,36,ACTION,29669,292209,773,50,0,28843,1,96,739
17,31/08/2026 19:04,36,ACTION,29426,413780,773,56,0,28594,1,95,736
18,31/08/2026 19:04,36,ACTION,29667,381923,823,73,0,28768,1,95,754
19,31/08/2026 19:05,36,ACTION,29544,420067,773,57,0,28710,1,95,747
20,31/08/2026 19:05,36,ACTION,29847,284869,771,57,0,29015,1,95,740
21,31/08/2026 19:06,36,ACTION,29703,413820,775,56,0,28868,1,95,753
22,31/08/2026 19:06,36,ACTION,29862,291855,774,58,0,29028,1,95,747
23,31/08/2026 19:07,36,ACTION,29755,284931,778,57,0,28917,1,96,755
24,31/08/2026 19:07,36,ACTION,29602,285216,781,57,0,28761,1,95,751
25,31/08/2026 19:08,36,ACTION,29667,387935,773,60,0,28830,1,95,748
26,31/08/2026 19:08,36,ACTION,29793,413813,776,58,0,28955,1,95,723
27,31/08/2026 19:09,36,ACTION,29751,298146,838,76,0,28833,1,95,770
28,31/08/2026 19:09,36,ACTION,29570,413736,772,55,0,28739,1,95,755
29,31/08/2026 19:10,36,ACTION,29787,381512,772,58,0,28953,2,95,741
30,31/08/2026 19:10,36,ACTION,29725,413797,775,56,0,28891,1,95,748
31,31/08/2026 19:11,36,ACTION,29599,284992,807,70,0,28718,1,95,759
32,31/08/2026 19:11,36,ACTION,29477,271622,824,71,0,28578,1,95,742
33,31/08/2026 19:12,36,ACTION,29580,407359,771,55,0,28750,1,95,744
34,31/08/2026 19:12,36,ACTION,30131,298109,771,56,0,29301,1,95,742
35,31/08/2026 19:13,36,ACTION,30032,388091,772,55,0,29201,1,95,746
36,31/08/2026 19:13,36,ACTION,29908,298186,769,56,0,29079,1,96,743
37,31/08/2026 19:14,36,ACTION,29921,394520,770,58,0,29091,1,95,748
38,31/08/2026 19:14,36,ACTION,29725,400950,787,59,0,28875,1,95,761
39,31/08/2026 19:15,36,ACTION,29364,413829,775,55,0,28531,1,95,738
40,31/08/2026 19:15,36,ACTION,29587,278635,771,58,0,28754,1,95,742
41,31/08/2026 19:16,36,ACTION,29788,407601,777,58,0,28950,1,95,747
42,31/08/2026 19:16,36,ACTION,29655,413832,778,67,0,28807,1,95,735
43,31/08/2026 19:17,36,ACTION,29652,394723,771,56,0,28822,1,95,742
44,31/08/2026 19:17,36,ACTION,29741,387962,775,58,0,28905,1,95,743
45,31/08/2026 19:18,36,ACTION,29595,419983,775,87,0,28729,1,95,757
46,31/08/2026 19:18,36,ACTION,29996,413741,769,57,0,29166,1,95,751
47,31/08/2026 19:19,36,ACTION,29888,413288,780,56,0,29049,1,95,745
48,31/08/2026 19:19,36,ACTION,29739,400756,770,58,0,28908,1,95,745
49,31/08/2026 19:20,36,ACTION,29740,419974,796,57,0,28884,1,95,757
50,31/08/2026 19:20,36,ACTION,29602,381633,770,57,0,28771,1,95,741
51,31/08/2026 19:21,36,ACTION,29747,419865,775,56,0,28913,1,95,747
52,31/08/2026 19:21,36,ACTION,29530,413750,816,56,0,28654,1,95,738
53,31/08/2026 19:22,36,ACTION,29755,477730,778,56,0,28917,1,95,753
54,31/08/2026 19:22,36,ACTION,29643,413869,790,80,0,28769,1,95,752
55,31/08/2026 19:23,36,ACTION,29551,265288,772,57,0,28718,1,95,758
56,31/08/2026 19:23,36,ACTION,29533,413690,772,55,0,28702,1,95,738
57,31/08/2026 19:24,36,ACTION,29334,426366,767,56,0,28507,1,95,737
58,31/08/2026 19:24,36,ACTION,30208,388069,771,72,0,29362,1,95,748
59,31/08/2026 19:25,36,ACTION,29672,413650,768,57,0,28844,1,95,749
60,31/08/2026 19:25,36,ACTION,29715,265146,786,55,0,28870,1,95,736
61,31/08/2026 19:26,36,ACTION,30007,413794,810,56,0,29138,1,95,751
62,31/08/2026 19:26,36,ACTION,29828,381844,766,56,0,29002,1,95,737
63,31/08/2026 19:27,36,ACTION,30107,413615,772,58,0,29273,1,95,750
64,31/08/2026 19:27,36,ACTION,30029,271792,820,76,0,29129,1,95,754
65,31/08/2026 19:28,36,ACTION,29489,400836,775,56,0,28655,1,95,739
66,31/08/2026 19:28,36,ACTION,29512,419807,774,56,0,28679,1,95,750
67,31/08/2026 19:29,36,ACTION,29682,413501,782,79,1,28816,1,95,749
68,31/08/2026 19:29,36,ACTION,29793,407567,771,56,0,28963,1,95,738
69,31/08/2026 19:30,36,ACTION,29827,407334,772,56,0,28996,1,95,755
70,31/08/2026 19:30,36,ACTION,29890,401030,765,58,0,29064,1,95,756
71,31/08/2026 19:31,36,ACTION,29602,407374,773,58,0,28766,1,95,741
72,31/08/2026 19:31,36,ACTION,29700,284924,794,59,0,28843,1,95,739
73,31/08/2026 19:32,36,ACTION,29662,291207,777,71,0,28811,1,96,748
74,31/08/2026 19:32,36,ACTION,29927,413640,778,56,0,29089,1,95,741
75,31/08/2026 19:33,36,ACTION,29784,407332,772,56,0,28952,1,95,760
76,31/08/2026 19:33,36,ACTION,29972,419954,828,67,0,29073,1,95,745
77,31/08/2026 19:34,36,ACTION,29667,381779,771,56,0,28836,1,95,763
78,31/08/2026 19:34,36,ACTION,30024,407299,834,70,0,29116,1,95,770
79,31/08/2026 19:35,36,ACTION,29840,407219,821,66,0,28950,1,95,743
80,31/08/2026 19:35,36,ACTION,29489,413733,772,57,0,28656,1,95,754
81,31/08/2026 19:36,36,ACTION,29925,400863,771,56,0,29095,1,95,729
82,31/08/2026 19:36,36,ACTION,30224,407545,775,59,0,29387,1,95,737
83,31/08/2026 19:37,36,ACTION,29287,291672,771,56,0,28457,1,95,739
84,31/08/2026 19:37,36,ACTION,29473,419949,771,56,0,28642,1,95,741
85,31/08/2026 19:38,36,ACTION,29499,407312,773,56,0,28666,1,95,746
86,31/08/2026 19:38,36,ACTION,29940,413797,769,56,0,29111,1,95,746
87,31/08/2026 19:39,36,ACTION,29411,265360,770,56,0,28582,1,95,741
88,31/08/2026 19:39,36,ACTION,29983,369058,826,76,0,29078,1,95,751
89,31/08/2026 19:40,36,ACTION,29626,413483,780,55,0,28787,2,95,752
90,31/08/2026 19:40,36,ACTION,29664,284542,833,69,0,28759,1,95,759
91,31/08/2026 19:41,36,ACTION,29502,285549,774,58,0,28667,1,95,757
92,31/08/2026 19:41,36,ACTION,29232,375533,774,57,0,28396,2,95,745
93,31/08/2026 19:42,36,ACTION,29697,375602,773,56,0,28864,1,95,742
94,31/08/2026 19:42,36,ACTION,29526,413966,772,56,0,28695,1,95,753
95,31/08/2026 19:43,36,ACTION,29590,407287,770,55,0,28760,1,95,745
96,31/08/2026 19:43,36,ACTION,29335,285104,767,55,0,28508,1,95,735
97,31/08/2026 19:44,36,ACTION,29536,278904,793,67,0,28672,1,95,746
98,31/08/2026 19:44,36,ACTION,29412,369179,777,58,0,28573,2,95,724
99,31/08/2026 19:45,36,ACTION,29536,285423,842,70,0,28621,1,95,747
100,31/08/2026 19:45,36,ACTION,29751,375495,772,58,0,28917,1,95,750
101,31/08/2026 19:46,36,ACTION,29792,407400,787,74,0,28928,1,95,752
102,31/08/2026 19:46,36,ACTION,29574,291852,776,58,0,28736,1,95,766
103,31/08/2026 19:47,36,ACTION,29723,387758,782,58,0,28879,1,95,764
104,31/08/2026 19:47,36,ACTION,29610,413716,770,54,0,28783,1,95,750
105,31/08/2026 19:48,36,ACTION,29292,285479,779,56,0,28454,1,95,741
106,31/08/2026 19:48,36,ACTION,29391,285177,767,58,0,28563,1,95,737
107,31/08/2026 19:49,36,ACTION,29804,420166,784,56,0,28961,1,95,757
108,31/08/2026 19:49,36,ACTION,29723,291866,832,68,0,28820,1,95,753
109,31/08/2026 19:50,36,ACTION,29598,291789,773,58,0,28763,1,95,775
110,31/08/2026 19:50,36,ACTION,29600,375540,786,67,0,28744,1,95,748
111,31/08/2026 19:51,36,ACTION,29449,291983,772,56,0,28618,1,95,737
112,31/08/2026 19:51,36,ACTION,29546,285252,782,55,0,28705,1,95,741
113,31/08/2026 19:52,36,ACTION,29831,271656,788,57,0,28982,1,95,764
114,31/08/2026 19:52,36,ACTION,29516,413877,773,55,0,28684,2,95,742
115,31/08/2026 19:53,36,ACTION,29730,452381,770,58,0,28899,1,95,742
116,31/08/2026 19:53,36,ACTION,29633,369031,774,58,0,28796,1,95,740
117,31/08/2026 19:54,36,ACTION,29626,413591,772,55,0,28796,1,95,743
118,31/08/2026 19:54,36,ACTION,29611,400964,779,55,0,28772,1,95,767
119,31/08/2026 19:55,36,ACTION,29392,413662,771,56,0,28561,1,95,750
120,31/08/2026 19:55,36,ACTION,29510,284751,772,55,0,28679,1,96,743
121,31/08/2026 19:56,36,ACTION,29792,285376,773,57,0,28959,1,95,737
122,31/08/2026 19:56,36,ACTION,30004,406959,771,55,0,29173,1,95,740
123,31/08/2026 19:57,36,ACTION,29584,413932,773,55,0,28753,1,95,736
124,31/08/2026 19:57,36,ACTION,29657,407169,771,57,0,28825,1,95,742
125,31/08/2026 19:58,36,ACTION,29257,413841,770,53,0,28431,1,95,750
126,31/08/2026 19:58,36,ACTION,29684,413817,769,58,0,28853,1,95,759
127,31/08/2026 19:59,36,ACTION,29570,394362,823,73,0,28671,1,95,744
128,31/08/2026 19:59,36,ACTION,29644,381514,770,55,0,28815,1,95,747
129,31/08/2026 20:00,36,ACTION,29507,291496,792,58,0,28655,1,96,749
130,31/08/2026 20:00,36,ACTION,29464,413703,788,57,0,28615,1,95,759
131,31/08/2026 20:01,36,ACTION,29426,413891,799,76,0,28547,1,95,760
132,31/08/2026 20:01,36,ACTION,29315,413891,773,58,0,28481,1,95,734
133,31/08/2026 20:02,36,ACTION,29656,400700,773,56,0,28823,1,95,752
134,31/08/2026 20:02,36,ACTION,29857,407151,843,66,0,28944,1,95,746
135,31/08/2026 20:03,36,ACTION,29825,400917,783,70,0,28968,1,95,759
136,31/08/2026 20:03,36,ACTION,29652,400975,773,58,0,28818,1,95,755
137,31/08/2026 20:04,36,ACTION,29899,407444,777,58,0,29061,1,95,760
138,31/08/2026 20:04,36,ACTION,29737,291681,769,55,0,28909,1,95,735
139,31/08/2026 20:05,36,ACTION,29840,381728,790,75,0,28971,1,95,763
140,31/08/2026 20:05,36,ACTION,29735,400957,826,85,0,28820,1,95,734
141,31/08/2026 20:06,36,ACTION,29850,400885,789,55,0,29002,1,95,759
142,31/08/2026 20:06,36,ACTION,29574,413706,773,58,0,28739,1,95,748
143,31/08/2026 20:07,36,ACTION,29551,400975,788,70,0,28690,1,95,749
144,31/08/2026 20:07,36,ACTION,29502,401148,771,58,0,28669,1,95,733
145,31/08/2026 20:08,36,ACTION,29488,401122,772,58,0,28654,1,95,735
146,31/08/2026 20:08,36,ACTION,29636,413429,778,58,0,28796,1,95,774
147,31/08/2026 20:09,36,ACTION,29572,413677,771,55,0,28743,1,95,737
148,31/08/2026 20:09,36,ACTION,29500,394644,766,55,0,28675,1,95,756
149,31/08/2026 20:10,36,ACTION,29861,265797,774,57,0,29026,2,96,743
150,31/08/2026 20:10,36,ACTION,29423,407160,779,58,0,28582,1,95,744
151,31/08/2026 20:11,36,ACTION,29524,413454,780,56,0,28684,1,95,742
152,31/08/2026 20:11,36,ACTION,29638,413798,767,56,0,28811,1,95,745
153,31/08/2026 20:12,36,ACTION,29670,375665,776,56,0,28834,1,95,741
154,31/08/2026 20:12,36,ACTION,29566,381587,786,56,0,28721,1,95,745
155,31/08/2026 20:13,36,ACTION,30001,413658,807,72,0,29119,1,95,732
156,31/08/2026 20:13,36,ACTION,29645,419745,769,55,0,28818,1,95,746
157,31/08/2026 20:14,36,ACTION,29731,414003,772,55,0,28900,1,95,747
158,31/08/2026 20:14,36,ACTION,29654,407299,770,56,0,28825,1,95,768
159,31/08/2026 20:15,36,ACTION,29412,401207,781,56,0,28571,1,95,756
160,31/08/2026 20:15,36,ACTION,29674,420032,777,58,0,28835,1,95,742
161,31/08/2026 20:16,36,ACTION,29817,413392,777,56,0,28980,1,95,731
162,31/08/2026 20:16,36,ACTION,29794,387978,821,55,0,28914,1,95,745
163,31/08/2026 20:17,36,ACTION,29615,265195,803,65,0,28743,1,95,747
164,31/08/2026 20:17,36,ACTION,29620,387965,792,53,0,28772,1,95,736
165,31/08/2026 20:18,36,ACTION,29652,400993,773,57,0,28818,1,95,735
166,31/08/2026 20:18,36,ACTION,29693,413801,774,56,0,28860,1,95,742
167,31/08/2026 20:19,36,ACTION,29708,265211,817,68,0,28819,1,95,763
168,31/08/2026 20:19,36,ACTION,29784,381709,768,47,0,28966,1,95,742
169,31/08/2026 20:20,36,ACTION,29682,271715,793,73,0,28812,1,95,754
170,31/08/2026 20:20,36,ACTION,29691,381966,772,58,0,28858,1,95,751
171,31/08/2026 20:21,36,ACTION,29665,413695,823,73,0,28765,1,95,754
172,31/08/2026 20:21,36,ACTION,29626,284735,771,55,0,28796,1,95,754
173,31/08/2026 20:22,36,ACTION,29830,407951,771,55,0,29001,1,95,748
174,31/08/2026 20:22,36,ACTION,29684,419908,843,66,0,28771,1,95,749
175,31/08/2026 20:23,36,ACTION,29488,413667,780,59,0,28645,1,95,737
176,31/08/2026 20:23,36,ACTION,29812,291481,772,53,0,28983,1,95,745
177,31/08/2026 20:24,36,ACTION,30594,375490,768,58,0,29765,1,95,744
178,31/08/2026 20:24,36,ACTION,29924,284861,776,57,0,29087,1,96,763
179,31/08/2026 20:25,36,ACTION,29803,413930,825,70,0,28905,1,95,740
180,31/08/2026 20:25,36,ACTION,29472,284958,773,56,0,28639,1,95,742
181,31/08/2026 20:26,36,ACTION,30087,420046,770,58,0,29256,1,95,750
182,31/08/2026 20:26,36,ACTION,29621,401085,800,67,0,28750,1,95,744
183,31/08/2026 20:27,36,ACTION,29418,400883,794,55,0,28566,1,95,759
184,31/08/2026 20:27,36,ACTION,29547,414049,771,56,0,28716,2,95,738
185,31/08/2026 20:28,36,ACTION,29732,401111,774,57,0,28898,2,95,744
186,31/08/2026 20:28,36,ACTION,29664,413504,769,56,0,28834,1,95,740
187,31/08/2026 20:29,36,ACTION,29762,285125,774,57,0,28927,1,95,733
188,31/08/2026 20:29,36,ACTION,29593,419938,774,55,0,28760,1,95,748
189,31/08/2026 20:30,36,ACTION,29641,400908,774,56,0,28807,1,95,732
190,31/08/2026 20:30,36,ACTION,29532,413700,774,56,0,28699,2,95,729
191,31/08/2026 20:31,36,ACTION,29435,298008,772,58,0,28602,1,95,753
192,31/08/2026 20:31,36,ACTION,29579,285124,775,78,0,28723,1,95,748
193,31/08/2026 20:32,36,ACTION,29843,284826,774,58,0,29008,1,95,752
194,31/08/2026 20:32,36,ACTION,29921,258727,830,81,0,29006,1,95,747
195,31/08/2026 20:33,36,ACTION,29756,413761,791,56,0,28906,1,95,750
196,31/08/2026 20:33,36,ACTION,29656,394783,780,57,0,28816,1,95,745
197,31/08/2026 20:34,36,ACTION,29735,407808,772,55,0,28904,1,95,737
198,31/08/2026 20:34,36,ACTION,29455,420015,770,55,0,28627,1,95,738
199,31/08/2026 20:35,36,ACTION,29651,394938,769,56,0,28823,1,95,748
200,31/08/2026 20:35,36,ACTION,29686,407174,782,70,0,28830,1,95,754
1,31/08/2026 20:36,45,ACTION,77323,435641,772,63,0,76484,2,213,2244
2,31/08/2026 20:38,45,ACTION,78872,354362,770,63,0,78035,1,213,2236
3,31/08/2026 20:39,45,ACTION,77453,483176,797,87,0,76565,1,213,2230
4,31/08/2026 20:40,45,ACTION,79599,471941,777,64,0,78755,1,213,2255
5,31/08/2026 20:42,45,ACTION,79290,307198,795,84,0,78407,1,215,2255
6,31/08/2026 20:43,45,ACTION,78685,365872,773,63,0,77845,1,213,2234
7,31/08/2026 20:44,45,ACTION,78932,489408,771,64,0,78093,2,213,2236
8,31/08/2026 20:46,45,ACTION,78617,328963,818,73,0,77722,1,213,2238
9,31/08/2026 20:47,45,ACTION,76976,483340,805,61,0,76106,1,213,2258
10,31/08/2026 20:48,45,ACTION,78122,409841,773,64,0,77282,1,213,2232
11,31/08/2026 20:50,45,ACTION,78195,454187,773,64,0,77354,1,213,2224
12,31/08/2026 20:51,45,ACTION,78103,453962,804,62,0,77234,1,213,2255
13,31/08/2026 20:52,45,ACTION,78695,351821,779,59,0,77854,1,215,2285
14,31/08/2026 20:54,45,ACTION,78753,296207,769,62,0,77917,2,213,2208
15,31/08/2026 20:55,45,ACTION,78648,294734,781,64,0,77800,1,213,2241
16,31/08/2026 20:56,45,ACTION,77909,329316,774,62,0,77069,1,213,2289
17,31/08/2026 20:57,45,ACTION,78450,269700,771,62,0,77613,1,215,2219
18,31/08/2026 20:59,45,ACTION,79068,384358,766,62,0,78236,1,212,2232
19,31/08/2026 21:00,45,ACTION,79340,354567,828,64,0,78444,1,213,2225
20,31/08/2026 21:01,45,ACTION,77808,478108,776,62,0,76967,1,213,2220
21,31/08/2026 21:03,45,ACTION,78585,458895,819,81,0,77681,1,213,2231
22,31/08/2026 21:04,45,ACTION,78516,346013,773,62,0,77677,1,213,2211
23,31/08/2026 21:05,45,ACTION,78241,471720,760,75,0,77402,2,213,2254
24,31/08/2026 21:07,45,ACTION,79644,458547,775,62,0,78803,1,213,2244
25,31/08/2026 21:08,45,ACTION,79740,307695,768,61,0,78908,1,213,2257
26,31/08/2026 21:09,45,ACTION,78786,354176,810,61,0,77911,1,213,2240
27,31/08/2026 21:11,45,ACTION,78806,339502,793,66,0,77944,1,213,2253
28,31/08/2026 21:12,45,ACTION,77605,483098,840,88,0,76673,1,213,2260
29,31/08/2026 21:13,45,ACTION,78489,359186,775,62,0,77649,1,213,2231
30,31/08/2026 21:15,45,ACTION,78228,447982,774,64,0,77387,1,213,2249
31,31/08/2026 21:16,45,ACTION,77303,483656,769,63,0,76467,1,213,2257
32,31/08/2026 21:17,45,ACTION,79607,435510,770,64,0,78769,1,213,2211
33,31/08/2026 21:18,45,ACTION,78683,464690,769,72,0,77838,1,213,2212
34,31/08/2026 21:20,45,ACTION,77968,429239,808,75,0,77082,2,213,2253
35,31/08/2026 21:21,45,ACTION,78045,295680,773,65,0,77204,1,213,2248
36,31/08/2026 21:22,45,ACTION,79254,212459,768,63,0,78420,1,215,2247
37,31/08/2026 21:24,45,ACTION,78749,415677,771,63,0,77912,1,213,2229
38,31/08/2026 21:25,45,ACTION,79306,281942,778,77,0,78447,1,213,2234
39,31/08/2026 21:26,45,ACTION,79169,333391,776,61,0,78328,1,213,2254
40,31/08/2026 21:28,45,ACTION,78442,339559,772,62,0,77604,2,213,2237
41,31/08/2026 21:29,45,ACTION,78510,294710,771,63,0,77674,2,213,2225
42,31/08/2026 21:30,45,ACTION,78860,296163,776,62,0,78019,1,213,2210
43,31/08/2026 21:32,45,ACTION,80059,397323,806,69,0,79181,1,213,2213
44,31/08/2026 21:33,45,ACTION,78431,367200,807,80,0,77540,1,213,2241
45,31/08/2026 21:34,45,ACTION,78421,326825,780,63,0,77574,1,213,2220
46,31/08/2026 21:36,45,ACTION,77205,320712,772,64,0,76366,1,215,2237
47,31/08/2026 21:37,45,ACTION,79063,415823,773,64,0,78223,2,213,2233
48,31/08/2026 21:38,45,ACTION,78672,378071,771,62,0,77836,1,212,2272
49,31/08/2026 21:40,45,ACTION,79293,296108,808,75,0,78407,1,213,2276
50,31/08/2026 21:41,45,ACTION,78781,289589,768,62,0,77948,1,213,2207
51,31/08/2026 21:42,45,ACTION,79144,520485,835,71,0,78234,1,213,2228
52,31/08/2026 21:44,45,ACTION,78717,359195,777,64,0,77872,1,213,2195
53,31/08/2026 21:45,45,ACTION,78821,290051,771,64,0,77982,1,213,2224
54,31/08/2026 21:46,45,ACTION,77489,346661,778,65,0,76643,1,213,2245
55,31/08/2026 21:47,45,ACTION,78767,329143,787,61,0,77915,1,213,2235
56,31/08/2026 21:49,45,ACTION,76901,459155,774,62,0,76062,1,213,2210
57,31/08/2026 21:50,45,ACTION,76980,302285,784,65,0,76127,1,213,2187
58,31/08/2026 21:51,45,ACTION,76876,495723,772,65,0,76035,2,213,2232
59,31/08/2026 21:53,45,ACTION,77145,367566,770,62,0,76310,1,213,2241
60,31/08/2026 21:54,45,ACTION,78818,329312,774,63,0,77978,1,213,2274
61,31/08/2026 21:55,45,ACTION,78486,238053,784,62,0,77636,1,215,2251
62,31/08/2026 21:57,45,ACTION,79036,339538,784,65,0,78184,1,213,2275
63,31/08/2026 21:58,45,ACTION,78653,391523,772,65,0,77814,1,213,2222
64,31/08/2026 21:59,45,ACTION,80442,391154,778,64,0,79595,1,213,2238
65,31/08/2026 22:01,45,ACTION,78830,302399,768,64,0,77995,1,213,2220
66,31/08/2026 22:02,45,ACTION,77136,510155,773,62,0,76298,1,214,2220
67,31/08/2026 22:03,45,ACTION,79263,423373,775,65,0,78419,1,213,2222
68,31/08/2026 22:04,45,ACTION,79009,489032,770,62,0,78174,1,213,2227
69,31/08/2026 22:06,45,ACTION,79656,458632,791,87,0,78775,1,213,2248
70,31/08/2026 22:07,45,ACTION,78382,335287,769,65,0,77545,1,213,2243
71,31/08/2026 22:08,45,ACTION,78828,212980,781,62,0,77982,1,215,2227
72,31/08/2026 22:10,45,ACTION,79115,379759,792,78,0,78241,1,213,2263
73,31/08/2026 22:11,45,ACTION,79294,339592,776,62,0,78453,1,213,2255
74,31/08/2026 22:12,45,ACTION,78533,322921,773,62,0,77694,1,213,2211
75,31/08/2026 22:14,45,ACTION,78620,458413,776,64,0,77776,1,213,2222
76,31/08/2026 22:15,45,ACTION,77320,502605,771,62,0,76482,1,213,2249
77,31/08/2026 22:16,45,ACTION,78106,522399,814,77,0,77211,1,212,2198
78,31/08/2026 22:18,45,ACTION,78598,327239,772,64,0,77758,1,213,2224
79,31/08/2026 22:19,45,ACTION,77604,402380,780,64,0,76757,1,212,2241
80,31/08/2026 22:20,45,ACTION,78501,296130,788,79,0,77630,1,213,2276
81,31/08/2026 22:22,45,ACTION,77332,282813,767,64,0,76498,1,213,2338
82,31/08/2026 22:23,45,ACTION,78299,517046,780,64,0,77452,2,212,2310
83,31/08/2026 22:24,45,ACTION,80452,470216,771,64,0,79614,1,213,2297
84,31/08/2026 22:25,45,ACTION,79316,219213,772,63,0,78477,1,215,2345
85,31/08/2026 22:27,45,ACTION,79176,403651,766,64,0,78342,1,213,2236
86,31/08/2026 22:28,45,ACTION,79382,521509,778,65,0,78535,1,212,2250
87,31/08/2026 22:29,45,ACTION,79023,458559,841,73,0,78105,2,213,2238
88,31/08/2026 22:31,45,ACTION,79030,326703,772,64,0,78190,1,213,2204
89,31/08/2026 22:32,45,ACTION,77157,403692,772,102,0,76279,1,213,2233
90,31/08/2026 22:33,45,ACTION,78450,290050,774,64,0,77608,1,213,2253
91,31/08/2026 22:35,45,ACTION,80011,269860,771,62,0,79174,1,215,2239
92,31/08/2026 22:36,45,ACTION,79364,327216,773,64,0,78523,1,213,2264
93,31/08/2026 22:37,45,ACTION,78772,288550,767,65,0,77937,1,213,2217
94,31/08/2026 22:39,45,ACTION,77056,352807,774,62,0,76216,1,213,2246
95,31/08/2026 22:40,45,ACTION,78638,282177,783,92,0,77760,1,213,2241
96,31/08/2026 22:41,45,ACTION,77181,295889,774,62,0,76341,1,212,2262
97,31/08/2026 22:43,45,ACTION,79585,301810,782,65,0,78734,1,213,2234
98,31/08/2026 22:44,45,ACTION,76775,289666,769,62,0,75941,1,212,2233
99,31/08/2026 22:45,45,ACTION,78706,378339,766,65,0,77871,1,212,2247
100,31/08/2026 22:47,45,ACTION,79336,516352,781,63,0,78487,1,212,2263
101,31/08/2026 22:48,45,ACTION,77260,333183,770,62,0,76424,1,213,2261
102,31/08/2026 22:49,45,ACTION,78065,322540,786,62,0,77214,1,213,2247
103,31/08/2026 22:50,45,ACTION,79266,458246,770,71,0,78421,1,213,2208
104,31/08/2026 22:52,45,ACTION,79863,477831,771,70,0,79019,1,212,2236
105,31/08/2026 22:53,45,ACTION,78433,422056,768,64,0,77597,1,213,2231
106,31/08/2026 22:54,45,ACTION,78284,289242,773,59,0,77449,1,213,2235
107,31/08/2026 22:56,45,ACTION,77309,326800,775,62,0,76468,1,213,2268
108,31/08/2026 22:57,45,ACTION,78379,333145,771,62,0,77542,1,213,2235
109,31/08/2026 22:58,45,ACTION,78312,339535,772,65,0,77471,1,213,2249
110,31/08/2026 23:00,45,ACTION,78258,377896,779,63,0,77413,1,212,2234
111,31/08/2026 23:01,45,ACTION,78591,458558,769,62,0,77756,1,213,2234
112,31/08/2026 23:02,45,ACTION,77558,289720,773,61,0,76721,1,213,2261
113,31/08/2026 23:04,45,ACTION,78410,333096,782,62,0,77563,1,213,2209
114,31/08/2026 23:05,45,ACTION,80432,522591,773,61,0,79595,1,214,2274
115,31/08/2026 23:06,45,ACTION,78512,464913,769,64,0,77675,1,213,2238
116,31/08/2026 23:08,45,ACTION,78878,477876,774,64,0,78037,1,213,2255
117,31/08/2026 23:09,45,ACTION,78101,282133,775,70,0,77252,2,213,2241
118,31/08/2026 23:10,45,ACTION,79056,428794,780,62,0,78209,1,213,2246
119,31/08/2026 23:11,45,ACTION,77185,354664,770,62,0,76349,1,213,2242
120,31/08/2026 23:13,45,ACTION,79532,329360,774,64,0,78691,1,213,2249
121,31/08/2026 23:14,45,ACTION,78828,339389,798,78,0,77949,1,213,2194
122,31/08/2026 23:15,45,ACTION,78566,522215,827,85,0,77650,2,212,2198
123,31/08/2026 23:17,45,ACTION,78443,212789,769,64,0,77606,1,213,2270
124,31/08/2026 23:18,45,ACTION,79103,333502,781,64,0,78255,1,213,2275
125,31/08/2026 23:19,45,ACTION,78442,403523,779,64,0,77595,1,213,2211
126,31/08/2026 23:21,45,ACTION,79248,326149,771,63,0,78411,1,215,2267
127,31/08/2026 23:22,45,ACTION,78309,452212,777,65,0,77464,1,213,2225
128,31/08/2026 23:23,45,ACTION,77147,302785,770,64,0,76309,1,213,2193
129,31/08/2026 23:25,45,ACTION,78035,422187,771,63,0,77198,1,213,2244
130,31/08/2026 23:26,45,ACTION,79478,367100,771,62,0,78642,1,213,2268
131,31/08/2026 23:27,45,ACTION,78353,289734,774,62,0,77513,1,213,2232
132,31/08/2026 23:29,45,ACTION,77831,385921,843,83,0,76902,1,213,2267
133,31/08/2026 23:30,45,ACTION,78432,333691,773,62,0,77593,2,213,2232
134,31/08/2026 23:31,45,ACTION,79964,326835,800,62,0,79098,1,213,2225
135,31/08/2026 23:32,45,ACTION,78202,339771,779,73,0,77346,2,213,2255
136,31/08/2026 23:34,45,ACTION,77285,295677,775,58,0,76449,1,213,2234
137,31/08/2026 23:35,45,ACTION,78541,435367,769,63,0,77705,1,213,2231
138,31/08/2026 23:36,45,ACTION,77361,522148,779,64,0,76514,1,214,2292
139,31/08/2026 23:38,45,ACTION,79977,328791,773,58,0,79142,1,213,2234
140,31/08/2026 23:39,45,ACTION,80217,354405,825,80,0,79308,2,213,2231
141,31/08/2026 23:40,45,ACTION,78880,322537,773,64,0,78039,1,213,2231
142,31/08/2026 23:42,45,ACTION,79545,296468,767,62,0,78713,1,213,2218
143,31/08/2026 23:43,45,ACTION,78413,345720,802,63,0,77544,1,215,2241
144,31/08/2026 23:44,45,ACTION,79063,410065,770,62,0,78227,1,213,2258
145,31/08/2026 23:46,45,ACTION,77029,458504,774,63,0,76189,1,213,2228
146,31/08/2026 23:47,45,ACTION,78336,332988,810,63,0,77460,2,213,2267
147,31/08/2026 23:48,45,ACTION,77165,522302,771,65,0,76326,1,214,2251
148,31/08/2026 23:50,45,ACTION,78069,501917,783,64,0,77218,1,213,2235
149,31/08/2026 23:51,45,ACTION,80111,256736,765,65,0,79278,1,215,2248
150,31/08/2026 23:52,45,ACTION,78803,520610,783,66,0,77950,2,213,2255
151,31/08/2026 23:53,45,ACTION,79381,351859,772,62,0,78544,2,215,2233
152,31/08/2026 23:55,45,ACTION,78273,511846,770,62,0,77438,1,213,2225
153,31/08/2026 23:56,45,ACTION,78570,397173,770,62,0,77735,1,213,2242
154,31/08/2026 23:57,45,ACTION,78556,428394,767,62,0,77723,1,213,2268
155,31/08/2026 23:59,45,ACTION,77417,522145,772,78,0,76564,1,212,2228
156,01/09/2026 00:00,45,ACTION,78265,295965,772,62,0,77428,1,213,2221
157,01/09/2026 00:01,45,ACTION,80215,314023,781,63,0,79367,1,215,2241
158,01/09/2026 00:03,45,ACTION,77329,335305,775,64,0,76486,1,213,2227
159,01/09/2026 00:04,45,ACTION,77804,295093,842,78,0,76881,1,213,2270
160,01/09/2026 00:05,45,ACTION,78504,416077,779,65,0,77657,1,213,2257
161,01/09/2026 00:07,45,ACTION,78101,483023,772,64,0,77262,1,213,2174
162,01/09/2026 00:08,45,ACTION,78425,522079,818,77,0,77527,2,212,2254
163,01/09/2026 00:09,45,ACTION,78410,447342,780,81,0,77545,1,213,2271
164,01/09/2026 00:11,45,ACTION,78576,353287,775,63,0,77734,1,213,2220
165,01/09/2026 00:12,45,ACTION,78819,397907,774,62,0,77980,1,213,2270
166,01/09/2026 00:13,45,ACTION,77336,509110,773,64,0,76495,1,212,2239
167,01/09/2026 00:14,45,ACTION,77897,434949,769,77,0,77047,2,213,2261
168,01/09/2026 00:16,45,ACTION,78100,447730,800,62,0,77234,2,213,2242
169,01/09/2026 00:17,45,ACTION,78187,354207,774,61,0,77348,1,213,2277
170,01/09/2026 00:18,45,ACTION,78535,458612,771,65,0,77696,1,213,2231
171,01/09/2026 00:20,45,ACTION,76701,329266,771,65,0,75862,1,213,2246
172,01/09/2026 00:21,45,ACTION,78902,489929,786,62,0,78050,1,213,2254
173,01/09/2026 00:22,45,ACTION,78513,495479,772,64,0,77673,1,213,2226
174,01/09/2026 00:24,45,ACTION,77013,326922,774,62,0,76173,1,213,2249
175,01/09/2026 00:25,45,ACTION,77087,341756,772,64,0,76247,1,213,2235
176,01/09/2026 00:26,45,ACTION,77463,447939,779,63,0,76617,1,214,2198
177,01/09/2026 00:27,45,ACTION,76819,295114,768,65,0,75983,1,213,2212
178,01/09/2026 00:29,45,ACTION,77854,212212,773,61,0,77016,2,213,2219
179,01/09/2026 00:30,45,ACTION,77609,264290,773,64,0,76768,1,213,2228
180,01/09/2026 00:31,45,ACTION,78123,458552,772,64,0,77283,1,213,2228
181,01/09/2026 00:33,45,ACTION,76945,326865,804,80,0,76057,1,213,2221
182,01/09/2026 00:34,45,ACTION,77950,301225,767,62,0,77117,1,213,2211
183,01/09/2026 00:35,45,ACTION,78077,333133,768,62,0,77243,1,213,2194
184,01/09/2026 00:37,45,ACTION,78573,339936,815,65,0,77690,1,213,2246
185,01/09/2026 00:38,45,ACTION,78461,307817,805,62,0,77590,1,215,2245
186,01/09/2026 00:39,45,ACTION,77739,509347,771,64,0,76900,1,212,2224
187,01/09/2026 00:40,45,ACTION,78450,453750,799,77,0,77571,2,213,2221
188,01/09/2026 00:42,45,ACTION,79451,367187,775,64,0,78609,1,213,2244
189,01/09/2026 00:43,45,ACTION,77000,294673,773,65,0,76159,1,213,2246
190,01/09/2026 00:44,45,ACTION,77294,402885,767,63,0,76460,1,212,2252
191,01/09/2026 00:46,45,ACTION,77636,212666,803,64,0,76759,9,213,2245
192,01/09/2026 00:47,45,ACTION,76996,516060,797,63,0,76132,2,212,2241
193,01/09/2026 00:48,45,ACTION,78416,435054,816,78,0,77518,1,213,2288
194,01/09/2026 00:50,45,ACTION,77994,326786,768,65,0,77157,1,215,2202
195,01/09/2026 00:51,45,ACTION,79689,391093,777,62,0,78846,1,213,2259
196,01/09/2026 00:52,45,ACTION,77251,483507,769,64,0,76415,1,213,2227
197,01/09/2026 00:54,45,ACTION,77637,367268,797,67,0,76769,1,213,2233
198,01/09/2026 00:55,45,ACTION,79172,391186,776,80,0,78313,1,213,2239
199,01/09/2026 00:56,45,ACTION,78791,397255,779,62,0,77945,1,213,2234
200,01/09/2026 00:57,45,ACTION,79108,219420,769,62,0,78274,1,215,2261
1,01/09/2026 00:59,54,ACTION,65446,700874,780,69,0,64594,1,184,1476
2,01/09/2026 01:00,54,ACTION,65073,723150,770,67,0,64232,2,184,1482
3,01/09/2026 01:01,54,ACTION,65929,717567,772,70,0,65084,2,184,1494
4,01/09/2026 01:02,54,ACTION,65004,667382,773,69,0,64158,2,185,1495
5,01/09/2026 01:03,54,ACTION,64642,709907,765,70,0,63803,1,184,1447
6,01/09/2026 01:04,54,ACTION,65254,418710,780,69,0,64401,2,185,1478
7,01/09/2026 01:05,54,ACTION,65479,405669,824,100,0,64551,2,185,1478
8,01/09/2026 01:06,54,ACTION,65534,655615,797,93,0,64640,2,185,1464
9,01/09/2026 01:07,54,ACTION,64202,451685,768,72,0,63358,1,185,1444
10,01/09/2026 01:08,54,ACTION,65419,623546,786,113,0,64517,1,186,1431
11,01/09/2026 01:10,54,ACTION,65157,451598,768,68,0,64318,2,185,1478
12,01/09/2026 01:11,54,ACTION,63982,425567,770,67,0,63141,2,185,1449
13,01/09/2026 01:12,54,ACTION,64508,425467,806,79,0,63619,1,185,1435
14,01/09/2026 01:13,54,ACTION,65019,451981,816,68,0,64132,1,185,1426
15,01/09/2026 01:14,54,ACTION,65559,661111,792,68,0,64695,2,185,1476
16,01/09/2026 01:15,54,ACTION,64841,418585,764,65,0,64009,2,185,1471
17,01/09/2026 01:16,54,ACTION,64804,622543,799,93,0,63908,1,185,1457
18,01/09/2026 01:17,54,ACTION,64878,661773,778,71,0,64026,2,185,1447
19,01/09/2026 01:18,54,ACTION,65071,655014,776,70,0,64222,1,185,1462
20,01/09/2026 01:19,54,ACTION,65055,432270,777,69,0,64205,2,185,1479
21,01/09/2026 01:20,54,ACTION,64128,709890,778,70,0,63276,1,184,1483
22,01/09/2026 01:21,54,ACTION,65508,431833,847,68,0,64589,2,185,1459
23,01/09/2026 01:23,54,ACTION,64730,716838,770,68,0,63889,2,184,1459
24,01/09/2026 01:24,54,ACTION,64837,709615,789,75,0,63969,1,184,1432
25,01/09/2026 01:25,54,ACTION,64718,710143,772,67,0,63875,2,184,1456
26,01/09/2026 01:26,54,ACTION,65395,425418,768,70,0,64553,2,185,1453
27,01/09/2026 01:27,54,ACTION,64714,412155,832,68,0,63811,2,185,1465
28,01/09/2026 01:28,54,ACTION,65039,425188,777,69,0,64189,2,185,1464
29,01/09/2026 01:29,54,ACTION,65175,425066,771,67,0,64334,2,185,1452
30,01/09/2026 01:30,54,ACTION,65131,722731,769,70,0,64288,2,184,1454
31,01/09/2026 01:31,54,ACTION,64346,674830,797,83,0,63463,2,185,1463
32,01/09/2026 01:32,54,ACTION,65695,431988,804,84,0,64803,2,185,1513
33,01/09/2026 01:33,54,ACTION,64759,425595,771,67,0,63917,1,185,1481
34,01/09/2026 01:35,54,ACTION,64612,729443,771,67,0,63770,1,184,1447
35,01/09/2026 01:36,54,ACTION,65038,723005,772,68,0,64195,2,184,1447
36,01/09/2026 01:37,54,ACTION,64357,716030,772,68,0,63513,2,184,1452
37,01/09/2026 01:38,54,ACTION,65494,709793,769,68,0,64653,2,184,1432
38,01/09/2026 01:39,54,ACTION,64945,716259,771,70,0,64100,2,184,1449
39,01/09/2026 01:40,54,ACTION,65666,716231,851,96,0,64716,2,184,1457
40,01/09/2026 01:41,54,ACTION,65313,431581,799,68,0,64443,2,185,1455
41,01/09/2026 01:42,54,ACTION,65514,424570,770,67,0,64673,2,186,1453
42,01/09/2026 01:43,54,ACTION,65062,708944,774,70,0,64214,1,184,1450
43,01/09/2026 01:44,54,ACTION,64844,438719,772,70,0,63999,2,185,1458
44,01/09/2026 01:45,54,ACTION,64652,425538,773,69,0,63807,2,185,1499
45,01/09/2026 01:46,54,ACTION,63887,661521,776,67,0,63039,1,185,1457
46,01/09/2026 01:48,54,ACTION,65557,425336,800,87,0,64666,2,185,1460
47,01/09/2026 01:49,54,ACTION,64669,438767,774,69,0,63822,2,185,1439
48,01/09/2026 01:50,54,ACTION,65048,425171,771,67,0,64206,2,185,1504
49,01/09/2026 01:51,54,ACTION,64920,438479,773,69,0,64074,2,185,1441
50,01/09/2026 01:52,54,ACTION,65716,709900,774,69,0,64869,1,184,1467
51,01/09/2026 01:53,54,ACTION,64855,426092,773,70,0,64009,2,185,1461
52,01/09/2026 01:54,54,ACTION,64831,655313,773,67,0,63988,2,185,1451
53,01/09/2026 01:55,54,ACTION,65270,419166,774,64,0,64428,1,185,1482
54,01/09/2026 01:56,54,ACTION,64844,694578,783,67,0,63991,1,186,1469
55,01/09/2026 01:57,54,ACTION,64349,425232,815,68,0,63462,2,185,1459
56,01/09/2026 01:58,54,ACTION,64012,708593,771,67,0,63170,2,184,1502
57,01/09/2026 02:00,54,ACTION,65372,418902,771,67,0,64530,2,186,1451
58,01/09/2026 02:01,54,ACTION,64470,709652,777,71,0,63619,1,184,1416
59,01/09/2026 02:02,54,ACTION,64513,412094,767,68,0,63675,2,185,1524
60,01/09/2026 02:03,54,ACTION,65300,412213,774,68,0,64453,2,185,1466
61,01/09/2026 02:04,54,ACTION,64411,635534,768,67,0,63572,2,185,1517
62,01/09/2026 02:05,54,ACTION,64912,722484,779,70,0,64059,2,184,1452
63,01/09/2026 02:06,54,ACTION,63757,425193,788,65,0,62901,1,185,1473
64,01/09/2026 02:07,54,ACTION,64441,660970,775,69,0,63594,2,185,1455
65,01/09/2026 02:08,54,ACTION,65577,655562,781,86,0,64706,1,185,1480
66,01/09/2026 02:09,54,ACTION,65079,655219,775,68,0,64233,2,185,1457
67,01/09/2026 02:10,54,ACTION,65262,405379,771,68,0,64420,1,185,1495
68,01/09/2026 02:11,54,ACTION,64756,412381,816,81,0,63856,1,185,1465
69,01/09/2026 02:13,54,ACTION,65647,654820,770,69,0,64804,1,185,1443
70,01/09/2026 02:14,54,ACTION,65164,425136,801,68,0,64292,1,185,1464
71,01/09/2026 02:15,54,ACTION,64728,451563,808,79,0,63837,2,185,1459
72,01/09/2026 02:16,54,ACTION,64824,716586,773,70,0,63978,1,184,1446
73,01/09/2026 02:17,54,ACTION,64661,419246,771,68,0,63818,1,185,1445
74,01/09/2026 02:18,54,ACTION,64810,716595,768,68,0,63970,2,184,1435
75,01/09/2026 02:19,54,ACTION,65467,404671,764,67,0,64632,2,185,1454
76,01/09/2026 02:20,54,ACTION,64470,716194,779,68,0,63620,2,184,1444
77,01/09/2026 02:21,54,ACTION,65737,717009,772,69,0,64893,1,184,1476
78,01/09/2026 02:22,54,ACTION,65594,418583,780,70,0,64741,2,185,1464
79,01/09/2026 02:23,54,ACTION,64771,722451,773,67,0,63927,1,184,1443
80,01/09/2026 02:24,54,ACTION,64824,432080,772,68,0,63979,2,185,1533
81,01/09/2026 02:26,54,ACTION,64979,654906,774,69,0,64133,2,185,1526
82,01/09/2026 02:27,54,ACTION,64631,715893,773,67,0,63787,1,184,1466
83,01/09/2026 02:28,54,ACTION,65350,405552,818,70,0,64459,2,185,1479
84,01/09/2026 02:29,54,ACTION,64832,425033,772,70,0,63987,2,185,1494
85,01/09/2026 02:30,54,ACTION,65415,411880,796,106,0,64509,2,185,1451
86,01/09/2026 02:31,54,ACTION,64724,411820,768,71,0,63882,1,185,1480
87,01/09/2026 02:32,54,ACTION,65087,418486,773,69,0,64240,1,185,1455
88,01/09/2026 02:33,54,ACTION,65067,648773,848,93,0,64122,2,185,1512
89,01/09/2026 02:34,54,ACTION,64426,710186,770,65,0,63587,2,184,1430
90,01/09/2026 02:35,54,ACTION,65792,648452,779,83,0,64926,1,185,1460
91,01/09/2026 02:36,54,ACTION,64671,710048,770,68,0,63829,2,184,1470
92,01/09/2026 02:38,54,ACTION,63788,715879,771,67,0,62946,2,184,1444
93,01/09/2026 02:39,54,ACTION,65045,722669,770,68,0,64204,2,184,1489
94,01/09/2026 02:40,54,ACTION,65317,729640,808,67,0,64439,2,184,1452
95,01/09/2026 02:41,54,ACTION,64968,709571,776,70,0,64119,2,184,1435
96,01/09/2026 02:42,54,ACTION,65219,648449,767,69,0,64380,2,185,1450
97,01/09/2026 02:43,54,ACTION,64953,424817,779,65,0,64105,2,186,1444
98,01/09/2026 02:44,54,ACTION,65095,431836,769,70,0,64252,1,185,1467
99,01/09/2026 02:45,54,ACTION,65243,723088,768,70,0,64401,1,184,1478
100,01/09/2026 02:46,54,ACTION,65052,722793,813,67,0,64169,2,184,1488
101,01/09/2026 02:47,54,ACTION,65268,431954,769,68,0,64427,1,185,1497
102,01/09/2026 02:48,54,ACTION,64872,425328,791,72,0,64006,1,185,1471
103,01/09/2026 02:49,54,ACTION,64779,715735,790,63,0,63922,2,184,1475
104,01/09/2026 02:51,54,ACTION,65601,700648,769,69,0,64759,2,185,1465
105,01/09/2026 02:52,54,ACTION,64416,707832,769,70,0,63573,2,185,1475
106,01/09/2026 02:53,54,ACTION,65661,412240,773,69,0,64815,1,185,1453
107,01/09/2026 02:54,54,ACTION,65193,451854,772,70,0,64348,2,185,1441
108,01/09/2026 02:55,54,ACTION,65095,661863,777,68,0,64246,2,185,1465
109,01/09/2026 02:56,54,ACTION,64747,654807,783,68,0,63893,1,185,1442
110,01/09/2026 02:57,54,ACTION,65334,648805,815,74,0,64441,1,183,1468
111,01/09/2026 02:58,54,ACTION,64792,701042,771,67,0,63950,1,184,1465
112,01/09/2026 02:59,54,ACTION,64311,709373,769,70,0,63469,2,184,1506
113,01/09/2026 03:00,54,ACTION,64937,716249,790,70,0,64074,1,184,1448
114,01/09/2026 03:01,54,ACTION,65384,722528,838,70,0,64472,2,184,1455
115,01/09/2026 03:03,54,ACTION,65124,723047,768,67,0,64286,1,184,1463
116,01/09/2026 03:04,54,ACTION,65492,729499,775,70,0,64643,1,184,1467
117,01/09/2026 03:05,54,ACTION,64775,654880,820,69,0,63882,2,185,1466
118,01/09/2026 03:06,54,ACTION,65261,722815,774,68,0,64416,2,184,1444
119,01/09/2026 03:07,54,ACTION,65391,425369,777,69,0,64541,2,185,1519
120,01/09/2026 03:08,54,ACTION,64447,628962,770,73,0,63601,1,185,1473
121,01/09/2026 03:09,54,ACTION,64938,425494,789,71,0,64074,2,185,1467
122,01/09/2026 03:10,54,ACTION,64689,716807,808,69,0,63809,1,184,1447
123,01/09/2026 03:11,54,ACTION,65364,722538,773,67,0,64521,2,184,1464
124,01/09/2026 03:12,54,ACTION,65720,723943,768,68,0,64881,2,184,1442
125,01/09/2026 03:13,54,ACTION,64823,729550,812,69,0,63939,2,184,1429
126,01/09/2026 03:14,54,ACTION,64413,432318,772,70,0,63567,2,185,1458
127,01/09/2026 03:16,54,ACTION,64410,622313,769,67,0,63570,2,185,1437
128,01/09/2026 03:17,54,ACTION,65122,648295,773,68,0,64278,2,185,1468
129,01/09/2026 03:18,54,ACTION,64539,425539,771,71,0,63693,2,185,1482
130,01/09/2026 03:19,54,ACTION,65063,451641,819,84,0,64156,1,185,1481
131,01/09/2026 03:20,54,ACTION,65490,405590,777,69,0,64641,2,185,1471
132,01/09/2026 03:21,54,ACTION,64628,654240,770,71,0,63783,1,183,1464
133,01/09/2026 03:22,54,ACTION,65282,425068,776,68,0,64435,2,185,1451
134,01/09/2026 03:23,54,ACTION,64597,425201,789,77,0,63727,1,185,1456
135,01/09/2026 03:24,54,ACTION,64335,655091,772,67,0,63493,2,185,1448
136,01/09/2026 03:25,54,ACTION,64986,425841,773,69,0,64141,1,185,1488
137,01/09/2026 03:26,54,ACTION,64005,729773,831,91,0,63080,1,184,1460
138,01/09/2026 03:27,54,ACTION,64417,655129,838,82,0,63493,2,185,1442
139,01/09/2026 03:29,54,ACTION,64625,431439,782,82,0,63757,1,185,1483
140,01/09/2026 03:30,54,ACTION,64737,418297,773,69,0,63892,2,186,1449
141,01/09/2026 03:31,54,ACTION,65564,445388,789,81,0,64690,1,185,1492
142,01/09/2026 03:32,54,ACTION,65437,418707,771,68,0,64595,2,185,1479
143,01/09/2026 03:33,54,ACTION,64449,418465,771,63,0,63611,2,185,1473
144,01/09/2026 03:34,54,ACTION,65265,648028,833,83,0,64345,1,185,1447
145,01/09/2026 03:35,54,ACTION,65185,425111,768,68,0,64345,2,185,1502
146,01/09/2026 03:36,54,ACTION,64677,716124,768,68,0,63838,2,184,1534
147,01/09/2026 03:37,54,ACTION,65003,425205,814,92,0,64094,2,185,1472
148,01/09/2026 03:38,54,ACTION,65125,722419,771,66,0,64284,2,184,1415
149,01/09/2026 03:39,54,ACTION,65111,405622,772,70,0,64266,2,185,1464
150,01/09/2026 03:41,54,ACTION,65076,405719,771,69,0,64232,2,185,1471
151,01/09/2026 03:42,54,ACTION,65782,424461,769,68,0,64941,1,186,1452
152,01/09/2026 03:43,54,ACTION,65026,696779,771,68,0,64184,1,184,1482
153,01/09/2026 03:44,54,ACTION,64602,723354,815,89,0,63695,2,184,1470
154,01/09/2026 03:45,54,ACTION,64770,674256,768,68,0,63930,1,185,1492
155,01/09/2026 03:46,54,ACTION,64717,412280,807,67,0,63839,2,185,1456
156,01/09/2026 03:47,54,ACTION,64358,722526,768,69,0,63517,2,184,1450
157,01/09/2026 03:48,54,ACTION,65727,716446,780,68,0,64876,1,184,1457
158,01/09/2026 03:49,54,ACTION,65345,701387,773,69,0,64499,2,185,1489
159,01/09/2026 03:50,54,ACTION,64375,716738,770,70,0,63531,2,184,1441
160,01/09/2026 03:51,54,ACTION,65066,405229,781,71,0,64211,2,185,1466
161,01/09/2026 03:53,54,ACTION,65509,425057,782,69,0,64654,1,185,1456
162,01/09/2026 03:54,54,ACTION,65560,411835,796,67,0,64693,2,185,1463
163,01/09/2026 03:55,54,ACTION,65070,716279,790,79,0,64198,2,184,1476
164,01/09/2026 03:56,54,ACTION,65051,716796,772,67,0,64208,1,184,1467
165,01/09/2026 03:57,54,ACTION,65088,418931,779,70,0,64235,2,185,1461
166,01/09/2026 03:58,54,ACTION,65564,425254,772,72,0,64717,1,185,1456
167,01/09/2026 03:59,54,ACTION,64447,654019,773,67,0,63603,2,183,1464
168,01/09/2026 04:00,54,ACTION,65214,629002,768,70,0,64372,1,185,1444
169,01/09/2026 04:01,54,ACTION,65354,715987,774,69,0,64508,2,184,1462
170,01/09/2026 04:02,54,ACTION,65519,425722,777,67,0,64671,1,185,1467
171,01/09/2026 04:03,54,ACTION,64730,425228,786,67,0,63874,2,185,1483
172,01/09/2026 04:04,54,ACTION,65279,642111,826,70,0,64379,2,185,1484
173,01/09/2026 04:06,54,ACTION,65089,648569,772,70,0,64242,1,185,1465
174,01/09/2026 04:07,54,ACTION,65641,662873,771,68,0,64798,1,186,1465
175,01/09/2026 04:08,54,ACTION,64475,411673,769,67,0,63635,2,185,1501
176,01/09/2026 04:09,54,ACTION,64845,424612,815,82,0,63945,2,185,1459
177,01/09/2026 04:10,54,ACTION,65170,411739,773,70,0,64323,2,185,1454
178,01/09/2026 04:11,54,ACTION,65492,701608,793,70,0,64625,1,184,1443
179,01/09/2026 04:12,54,ACTION,65152,701278,773,67,0,64308,2,184,1467
180,01/09/2026 04:13,54,ACTION,64914,412320,787,71,0,64052,2,185,1457
181,01/09/2026 04:14,54,ACTION,63961,418800,770,69,0,63118,1,185,1443
182,01/09/2026 04:15,54,ACTION,63919,716310,780,67,0,63068,1,184,1495
183,01/09/2026 04:16,54,ACTION,64922,425398,768,70,0,64081,2,185,1448
184,01/09/2026 04:18,54,ACTION,65448,707982,773,63,0,64609,2,185,1450
185,01/09/2026 04:19,54,ACTION,64703,648569,780,67,0,63852,2,185,1451
186,01/09/2026 04:20,54,ACTION,64778,418389,785,67,0,63923,2,185,1462
187,01/09/2026 04:21,54,ACTION,64892,418207,772,67,0,64048,2,185,1486
188,01/09/2026 04:22,54,ACTION,64793,709380,770,70,0,63949,2,184,1460
189,01/09/2026 04:23,54,ACTION,64788,412491,772,70,0,63942,2,185,1487
190,01/09/2026 04:24,54,ACTION,64528,648875,795,85,0,63644,2,185,1449
191,01/09/2026 04:25,54,ACTION,65014,418814,783,63,0,64164,2,185,1481
192,01/09/2026 04:26,54,ACTION,65045,431927,772,70,0,64199,1,185,1438
193,01/09/2026 04:27,54,ACTION,64599,412097,771,69,0,63755,2,185,1447
194,01/09/2026 04:28,54,ACTION,64798,655161,772,67,0,63955,2,185,1468
195,01/09/2026 04:29,54,ACTION,65727,716200,805,103,0,64814,1,184,1448
196,01/09/2026 04:31,54,ACTION,65285,425481,768,70,0,64443,2,185,1471
197,01/09/2026 04:32,54,ACTION,65359,425806,769,67,0,64519,2,185,1455
198,01/09/2026 04:33,54,ACTION,64988,432069,780,70,0,64134,1,185,1512
199,01/09/2026 04:34,54,ACTION,65005,411813,773,70,0,64159,1,185,1446
200,01/09/2026 04:35,54,ACTION,65786,431802,831,71,0,64881,2,185,1470
1,01/09/2026 04:40,63,ACTION,294442,854288,770,71,0,293597,2,812,7668
2,01/09/2026 04:45,63,ACTION,301713,853532,774,84,0,300851,2,812,7634
3,01/09/2026 04:50,63,ACTION,303346,731198,766,72,0,302504,2,813,7677
4,01/09/2026 04:55,63,ACTION,304232,789485,773,74,0,303381,2,816,7661
5,01/09/2026 05:00,63,ACTION,303511,875596,772,73,0,302663,2,812,7774
6,01/09/2026 05:05,63,ACTION,297625,854056,772,75,0,296774,2,812,7789
7,01/09/2026 05:10,63,ACTION,305304,769303,815,75,0,304411,2,814,7730
8,01/09/2026 05:15,63,ACTION,298034,623088,770,79,0,297181,2,816,7417
9,01/09/2026 05:20,63,ACTION,301989,842184,770,74,0,301140,2,812,7755
10,01/09/2026 05:25,63,ACTION,302346,859702,812,75,0,301455,2,812,8071
11,01/09/2026 05:30,63,ACTION,300055,860504,783,101,0,299168,2,812,7722
12,01/09/2026 05:35,63,ACTION,302590,821017,771,72,0,301743,2,812,7676
13,01/09/2026 05:40,63,ACTION,298191,763728,777,75,0,297335,2,814,7524
14,01/09/2026 05:45,63,ACTION,303431,612430,773,73,0,302581,2,816,7895
15,01/09/2026 05:50,63,ACTION,298715,886762,775,72,0,297865,2,812,7824
16,01/09/2026 05:55,63,ACTION,303960,799524,839,88,0,303029,2,816,7610
17,01/09/2026 06:00,63,ACTION,300986,854636,770,75,0,300137,2,812,7658
18,01/09/2026 06:05,63,ACTION,304138,634830,773,74,0,303287,2,816,7440
19,01/09/2026 06:10,63,ACTION,298579,854372,774,73,0,297728,2,812,7799
20,01/09/2026 06:16,63,ACTION,306185,855682,806,75,0,305301,2,812,7849
21,01/09/2026 06:21,63,ACTION,301984,833833,771,81,0,301128,2,812,7729
22,01/09/2026 06:26,63,ACTION,299967,864041,782,72,0,299108,2,812,7672
23,01/09/2026 06:31,63,ACTION,297874,855202,833,73,0,296965,2,812,7813
24,01/09/2026 06:36,63,ACTION,302400,879610,770,74,0,301553,2,812,7830
25,01/09/2026 06:41,63,ACTION,299252,864486,804,89,0,298355,2,812,7924
26,01/09/2026 06:46,63,ACTION,293296,865709,789,97,0,292406,2,812,7723
27,01/09/2026 06:51,63,ACTION,303124,870468,773,73,0,302275,2,812,7781
28,01/09/2026 06:56,63,ACTION,310186,678806,772,72,0,309339,2,815,7757
29,01/09/2026 07:01,63,ACTION,300949,592406,773,68,0,300092,13,813,7660
30,01/09/2026 07:06,63,ACTION,303345,860161,772,76,0,302492,2,812,8244
31,01/09/2026 07:11,63,ACTION,301445,860611,778,73,0,300591,2,812,7769
32,01/09/2026 07:16,63,ACTION,301399,775779,768,75,0,300552,2,813,7626
33,01/09/2026 07:21,63,ACTION,302224,640509,772,72,0,301376,2,816,7748
34,01/09/2026 07:26,63,ACTION,302360,833462,774,73,0,301509,2,812,7677
35,01/09/2026 07:31,63,ACTION,294390,834795,794,92,0,293499,2,812,7632
36,01/09/2026 07:36,63,ACTION,298124,848016,782,73,0,297265,2,812,7327
37,01/09/2026 07:41,63,ACTION,300463,803203,771,72,0,299615,2,816,7851
38,01/09/2026 07:46,63,ACTION,298395,841809,770,73,0,297549,2,812,7838
39,01/09/2026 07:51,63,ACTION,302405,859588,787,66,0,301547,2,812,7854
40,01/09/2026 07:56,63,ACTION,302206,619616,771,75,0,301356,2,816,7709
41,01/09/2026 08:01,63,ACTION,304613,907687,769,72,0,303768,2,812,7677
42,01/09/2026 08:06,63,ACTION,309090,613132,779,85,0,308222,2,816,7648
43,01/09/2026 08:11,63,ACTION,301332,775461,779,73,0,300476,2,812,7754
44,01/09/2026 08:16,63,ACTION,303167,893099,775,75,0,302313,2,812,7673
45,01/09/2026 08:21,63,ACTION,302178,857061,768,75,0,301331,2,812,7796
46,01/09/2026 08:26,63,ACTION,302585,854899,772,73,0,301735,2,812,7938
47,01/09/2026 08:31,63,ACTION,297761,593754,828,97,0,296832,2,813,7832
48,01/09/2026 08:36,63,ACTION,304889,878099,773,80,0,304033,2,814,7790
49,01/09/2026 08:41,63,ACTION,301229,612365,799,85,0,300341,2,816,7837
50,01/09/2026 08:46,63,ACTION,293979,888842,774,67,0,293133,2,812,7853
51,01/09/2026 08:51,63,ACTION,300139,858460,786,73,0,299276,2,807,7713
52,01/09/2026 08:56,63,ACTION,303969,861637,772,72,0,303121,2,812,7738
53,01/09/2026 09:01,63,ACTION,301657,847428,777,72,0,300805,2,812,7625
54,01/09/2026 09:07,63,ACTION,304749,860373,778,73,0,303895,2,812,8108
55,01/09/2026 09:12,63,ACTION,301288,651127,809,75,0,300399,2,812,7644
56,01/09/2026 09:17,63,ACTION,300474,610883,766,74,0,299629,2,808,7723
57,01/09/2026 09:22,63,ACTION,301429,860396,800,115,0,300511,2,812,7648
58,01/09/2026 09:27,63,ACTION,304224,781887,772,74,0,303373,2,814,7850
59,01/09/2026 09:32,63,ACTION,301781,854664,773,71,0,300932,2,812,7765
60,01/09/2026 09:37,63,ACTION,301131,862389,769,73,0,300286,2,812,8302
61,01/09/2026 09:42,63,ACTION,300621,579879,775,76,0,299766,2,815,7791
62,01/09/2026 09:47,63,ACTION,300606,851206,772,69,0,299760,2,812,7750
63,01/09/2026 09:52,63,ACTION,304533,854561,771,73,0,303686,2,812,8118
64,01/09/2026 09:57,63,ACTION,301998,841502,779,73,0,301142,2,812,8082
65,01/09/2026 10:02,63,ACTION,302661,867398,799,71,0,301786,2,814,7763
66,01/09/2026 10:07,63,ACTION,304257,854597,773,71,0,303409,2,812,7544
67,01/09/2026 10:12,63,ACTION,306232,605914,767,72,0,305388,2,812,7532
68,01/09/2026 10:17,63,ACTION,302825,630856,777,76,0,301968,2,816,7936
69,01/09/2026 10:22,63,ACTION,303418,860422,772,75,0,302568,2,812,7902
70,01/09/2026 10:27,63,ACTION,306145,688054,802,86,0,305253,2,815,8201
71,01/09/2026 10:32,63,ACTION,303007,855041,812,99,0,302092,2,812,7631
72,01/09/2026 10:37,63,ACTION,304842,686155,782,69,0,303988,2,815,8035
73,01/09/2026 10:42,63,ACTION,300764,900623,777,82,0,299901,2,812,7717
74,01/09/2026 10:48,63,ACTION,303328,848758,775,74,0,302475,2,812,7735
75,01/09/2026 10:53,63,ACTION,301702,895127,769,75,0,300853,2,812,8018
76,01/09/2026 10:58,63,ACTION,304108,672598,834,101,0,303170,1,815,7906
77,01/09/2026 11:03,63,ACTION,305354,821492,766,75,0,304509,2,816,7630
78,01/09/2026 11:08,63,ACTION,302887,853406,774,76,0,302033,2,812,7636
79,01/09/2026 11:13,63,ACTION,301498,854101,771,72,0,300651,2,812,7749
80,01/09/2026 11:18,63,ACTION,300041,856516,795,73,0,299169,2,812,7824
81,01/09/2026 11:23,63,ACTION,303451,802741,773,74,0,302600,2,816,7713
82,01/09/2026 11:28,63,ACTION,304332,872776,803,99,0,303427,2,812,7836
83,01/09/2026 11:33,63,ACTION,301975,637338,775,73,0,301124,2,816,7936
84,01/09/2026 11:38,63,ACTION,304167,860809,791,94,0,303278,2,812,7808
85,01/09/2026 11:43,63,ACTION,303538,710041,816,94,0,302624,2,815,7599
86,01/09/2026 11:48,63,ACTION,304605,730613,768,66,0,303767,2,812,7797
87,01/09/2026 11:53,63,ACTION,303376,856442,767,73,0,302533,2,812,7813
88,01/09/2026 11:58,63,ACTION,301707,849331,775,73,0,300855,2,812,7796
89,01/09/2026 12:03,63,ACTION,305366,842437,776,74,0,304512,2,816,7726
90,01/09/2026 12:08,63,ACTION,301071,859896,772,72,0,300223,2,814,7732
91,01/09/2026 12:13,63,ACTION,300223,861180,772,72,0,299375,2,812,7700
92,01/09/2026 12:18,63,ACTION,296518,843808,808,75,0,295631,2,812,7767
93,01/09/2026 12:23,63,ACTION,302591,854388,790,71,0,301727,2,812,7707
94,01/09/2026 12:28,63,ACTION,299936,746791,767,75,0,299089,2,813,7677
95,01/09/2026 12:34,63,ACTION,307216,849134,769,74,0,306370,2,812,7847
96,01/09/2026 12:39,63,ACTION,305060,585769,840,74,0,304142,2,816,7742
97,01/09/2026 12:44,63,ACTION,303138,592563,767,74,0,302292,2,813,7615
98,01/09/2026 12:49,63,ACTION,302787,885255,772,66,0,301946,2,812,7634
99,01/09/2026 12:54,63,ACTION,299816,859864,768,73,0,298970,3,812,7674
100,01/09/2026 12:59,63,ACTION,301231,828624,763,73,0,300391,2,813,7823
101,01/09/2026 13:04,63,ACTION,303152,873318,775,70,0,302303,2,812,7620
102,01/09/2026 13:09,63,ACTION,300967,858494,772,73,0,300119,2,812,7798
103,01/09/2026 13:14,63,ACTION,300206,882061,771,73,0,299357,2,812,7604
104,01/09/2026 13:19,63,ACTION,296413,848862,812,96,0,295502,2,812,7751
105,01/09/2026 13:24,63,ACTION,301864,601519,782,72,0,301007,2,813,7695
106,01/09/2026 13:29,63,ACTION,295924,867746,771,72,0,295076,2,812,7844
107,01/09/2026 13:34,63,ACTION,296358,846636,774,72,0,295508,2,812,7645
108,01/09/2026 13:39,63,ACTION,304074,790636,772,73,0,303225,2,816,7880
109,01/09/2026 13:44,63,ACTION,304414,854196,771,74,0,303564,2,812,7893
110,01/09/2026 13:49,63,ACTION,302337,619437,770,73,0,301489,2,816,7899
111,01/09/2026 13:54,63,ACTION,305313,629530,777,92,0,304439,2,816,7647
112,01/09/2026 13:59,63,ACTION,295736,853742,798,104,0,294830,2,812,7581
113,01/09/2026 14:04,63,ACTION,303476,859488,772,67,0,302634,2,812,7656
114,01/09/2026 14:09,63,ACTION,298039,848149,813,72,0,297150,2,812,7790
115,01/09/2026 14:14,63,ACTION,300718,854632,817,92,0,299804,2,814,7593
116,01/09/2026 14:19,63,ACTION,305621,631390,771,72,0,304774,2,816,7666
117,01/09/2026 14:24,63,ACTION,304187,789968,774,98,0,303311,2,816,7640
118,01/09/2026 14:29,63,ACTION,303532,860889,774,75,0,302680,2,812,7814
119,01/09/2026 14:34,63,ACTION,301910,640788,772,72,0,301062,2,813,7642
120,01/09/2026 14:39,63,ACTION,304308,609523,770,75,0,303459,2,816,7699
121,01/09/2026 14:44,63,ACTION,304751,868483,777,72,0,303898,2,814,7992
122,01/09/2026 14:49,63,ACTION,305761,875316,772,72,0,304913,2,812,7646
123,01/09/2026 14:54,63,ACTION,297802,718645,778,73,0,296947,2,815,7750
124,01/09/2026 14:59,63,ACTION,300785,849338,769,73,0,299939,2,812,7792
125,01/09/2026 15:05,63,ACTION,302447,873434,773,75,0,301595,2,812,8058
126,01/09/2026 15:10,63,ACTION,301826,861033,828,67,0,300927,2,812,7662
127,01/09/2026 15:15,63,ACTION,300897,847368,771,75,0,300047,2,807,7830
128,01/09/2026 15:20,63,ACTION,300648,757456,777,88,0,299779,2,816,7868
129,01/09/2026 15:25,63,ACTION,302988,626534,774,76,0,302134,2,816,7612
130,01/09/2026 15:30,63,ACTION,303989,866197,811,96,0,303077,2,812,7688
131,01/09/2026 15:35,63,ACTION,301021,847819,772,68,0,300177,2,812,7584
132,01/09/2026 15:40,63,ACTION,299461,846607,845,75,0,298537,2,812,7913
133,01/09/2026 15:45,63,ACTION,301038,854849,765,72,0,300197,2,812,8071
134,01/09/2026 15:50,63,ACTION,306231,755413,844,94,0,305289,2,814,7735
135,01/09/2026 15:55,63,ACTION,305681,658419,775,74,0,304827,2,816,7627
136,01/09/2026 16:00,63,ACTION,303420,661194,776,74,0,302566,2,815,7897
137,01/09/2026 16:05,63,ACTION,304805,599669,776,67,0,303957,2,815,7678
138,01/09/2026 16:10,63,ACTION,299037,808330,767,74,0,298192,2,812,7802
139,01/09/2026 16:15,63,ACTION,304514,717789,774,76,0,303660,2,815,8212
140,01/09/2026 16:20,63,ACTION,301838,859437,769,75,0,300991,2,812,7801
141,01/09/2026 16:25,63,ACTION,302698,854657,828,76,0,301790,2,812,7785
142,01/09/2026 16:30,63,ACTION,297652,731090,770,75,0,296804,2,813,7795
143,01/09/2026 16:35,63,ACTION,303064,900035,770,72,0,302218,2,812,7648
144,01/09/2026 16:40,63,ACTION,300133,794693,771,74,0,299285,2,813,7598
145,01/09/2026 16:45,63,ACTION,304584,813011,826,75,0,303679,2,812,7622
146,01/09/2026 16:50,63,ACTION,307216,631014,772,72,0,306367,3,816,7648
147,01/09/2026 16:55,63,ACTION,297696,650788,854,86,0,296752,2,816,7873
148,01/09/2026 17:00,63,ACTION,301788,586645,856,91,0,300838,2,813,7995
149,01/09/2026 17:06,63,ACTION,306783,791403,773,72,0,305934,2,816,7893
150,01/09/2026 17:11,63,ACTION,301684,849247,781,73,0,300826,2,812,7653
151,01/09/2026 17:16,63,ACTION,303147,620564,828,85,0,302229,2,812,7733
152,01/09/2026 17:21,63,ACTION,297353,879205,768,73,0,296508,2,812,7748
153,01/09/2026 17:26,63,ACTION,302540,862055,770,74,0,301691,2,812,7934
154,01/09/2026 17:31,63,ACTION,302533,630560,768,73,0,301688,2,816,7793
155,01/09/2026 17:36,63,ACTION,302422,647379,775,71,0,301572,2,813,8096
156,01/09/2026 17:41,63,ACTION,300191,864906,800,88,0,299298,2,812,7598
157,01/09/2026 17:46,63,ACTION,297364,623949,773,75,0,296512,2,816,7763
158,01/09/2026 17:51,63,ACTION,300479,849460,773,73,0,299629,2,812,7858
159,01/09/2026 17:56,63,ACTION,300019,859505,767,86,0,299162,2,812,7888
160,01/09/2026 18:01,63,ACTION,302831,899509,773,72,0,301981,2,812,7815
161,01/09/2026 18:06,63,ACTION,303587,848622,779,75,0,302729,2,812,7879
162,01/09/2026 18:11,63,ACTION,300337,849053,771,75,0,299487,2,812,7606
163,01/09/2026 18:16,63,ACTION,300752,885153,776,75,0,299898,2,812,7860
164,01/09/2026 18:21,63,ACTION,304458,688546,775,72,0,303606,2,815,8005
165,01/09/2026 18:26,63,ACTION,302381,878593,771,68,0,301538,2,812,8006
166,01/09/2026 18:31,63,ACTION,298431,914380,772,72,0,297584,2,810,7615
167,01/09/2026 18:36,63,ACTION,303244,890249,770,72,0,302398,2,815,7744
168,01/09/2026 18:41,63,ACTION,297325,846756,799,93,0,296428,2,812,7853
169,01/09/2026 18:46,63,ACTION,302781,868262,781,76,0,301920,2,812,7937
170,01/09/2026 18:51,63,ACTION,297923,613005,775,73,0,297071,2,816,7899
171,01/09/2026 18:56,63,ACTION,305509,624420,768,72,0,304664,2,816,7679
172,01/09/2026 19:01,63,ACTION,300572,786051,781,76,0,299711,2,813,7809
173,01/09/2026 19:06,63,ACTION,301048,860305,771,72,0,300202,2,812,7615
174,01/09/2026 19:11,63,ACTION,301329,779959,779,72,0,300473,2,815,7689
175,01/09/2026 19:16,63,ACTION,305079,618944,770,74,0,304231,2,816,7792
176,01/09/2026 19:21,63,ACTION,305211,599785,773,75,0,304359,2,815,8151
177,01/09/2026 19:26,63,ACTION,297028,854587,768,73,0,296183,2,812,7839
178,01/09/2026 19:31,63,ACTION,301947,612558,790,87,0,301066,2,816,7722
179,01/09/2026 19:36,63,ACTION,302325,619494,770,72,0,301479,2,816,7625
180,01/09/2026 19:41,63,ACTION,294132,624993,775,72,0,293281,2,812,7757
181,01/09/2026 19:46,63,ACTION,297977,802401,776,74,0,297123,2,816,7692
182,01/09/2026 19:51,63,ACTION,303917,582307,773,72,0,303058,12,817,7640
183,01/09/2026 19:56,63,ACTION,301251,672645,774,72,0,300401,2,815,7800
184,01/09/2026 20:01,63,ACTION,302871,614659,771,73,0,302022,2,816,7830
185,01/09/2026 20:06,63,ACTION,296132,845223,768,74,0,295285,2,812,7628
186,01/09/2026 20:12,63,ACTION,307599,587510,822,73,0,306700,2,822,7696
187,01/09/2026 20:17,63,ACTION,304312,777672,771,75,0,303462,2,814,7633
188,01/09/2026 20:22,63,ACTION,302148,773728,824,74,0,301245,2,812,7627
189,01/09/2026 20:27,63,ACTION,299998,859836,770,73,0,299151,2,812,7644
190,01/09/2026 20:32,63,ACTION,304032,774975,773,74,0,303181,2,814,7918
191,01/09/2026 20:37,63,ACTION,304902,631383,772,74,0,304051,2,816,7610
192,01/09/2026 20:42,63,ACTION,302131,847342,772,74,0,301281,2,812,7779
193,01/09/2026 20:47,63,ACTION,301704,853442,800,85,0,300815,2,812,7818
194,01/09/2026 20:52,63,ACTION,305034,861022,766,73,0,304191,2,812,7829
195,01/09/2026 20:57,63,ACTION,300556,854079,767,74,0,299711,2,812,7923
196,01/09/2026 21:02,63,ACTION,305618,849058,766,72,0,304775,2,812,7836
197,01/09/2026 21:07,63,ACTION,302861,867791,769,72,0,302015,2,812,7586
198,01/09/2026 21:12,63,ACTION,303095,850592,776,72,0,302243,2,812,7883
199,01/09/2026 21:17,63,ACTION,298090,736422,800,86,0,297200,2,812,7651
200,01/09/2026 21:22,63,ACTION,302115,848894,790,88,0,301233,2,812,8047
1,01/09/2026 21:38,72,ACTION,950462,568469,813,78,0,949567,2,2748,26478
2,01/09/2026 21:54,72,ACTION,948917,499329,772,77,0,948064,2,2749,26567
3,01/09/2026 22:10,72,ACTION,953528,398504,813,98,0,952613,2,2744,27064
4,01/09/2026 22:26,72,ACTION,948253,613050,774,73,0,947402,2,2747,26815
5,01/09/2026 22:41,72,ACTION,940859,600330,777,81,0,939997,2,2767,26945
6,01/09/2026 22:57,72,ACTION,943246,733840,767,78,0,942397,2,2767,26766
7,01/09/2026 23:13,72,ACTION,934744,654593,769,81,0,933890,3,2728,26777
8,01/09/2026 23:28,72,ACTION,945356,760364,780,78,0,944494,2,2748,26415
9,01/09/2026 23:44,72,ACTION,941065,607214,806,78,0,940176,2,2744,26789
10,02/09/2026 00:00,72,ACTION,946905,484336,781,78,0,946041,2,2747,26784
11,02/09/2026 00:15,72,ACTION,927821,535624,773,79,0,926965,2,2747,26714
12,02/09/2026 00:31,72,ACTION,948952,369288,780,80,0,948088,2,2748,26878
13,02/09/2026 00:47,72,ACTION,944158,426367,770,78,0,943306,2,2749,26768
14,02/09/2026 01:03,72,ACTION,945604,435018,771,78,0,944751,2,2748,26852
15,02/09/2026 01:18,72,ACTION,939131,626290,805,79,0,938243,2,2747,26746
16,02/09/2026 01:34,72,ACTION,943849,466187,773,97,0,942974,2,2748,26559
17,02/09/2026 01:50,72,ACTION,959914,569687,772,81,0,959057,2,2763,26880
18,02/09/2026 02:06,72,ACTION,942249,372464,777,75,0,941394,2,2749,26682
19,02/09/2026 02:21,72,ACTION,941910,386374,779,80,0,941047,2,2745,26932
20,02/09/2026 02:37,72,ACTION,945269,415561,771,80,0,944414,2,2748,26830
21,02/09/2026 02:53,72,ACTION,941735,385641,788,75,0,940868,2,2748,26602
22,02/09/2026 03:09,72,ACTION,948880,377935,771,80,0,948025,2,2749,26999
23,02/09/2026 03:25,72,ACTION,946170,452902,842,108,0,945217,2,2748,26785
24,02/09/2026 03:40,72,ACTION,947050,505085,771,78,0,946195,2,2749,26716
25,02/09/2026 03:56,72,ACTION,960596,477633,772,78,0,959741,2,2749,26619
26,02/09/2026 04:12,72,ACTION,953104,358859,776,81,0,952243,3,2745,26706
27,02/09/2026 04:28,72,ACTION,939784,520471,776,81,0,938923,2,2748,26558
28,02/09/2026 04:44,72,ACTION,947469,646430,771,79,0,946615,2,2747,26861
29,02/09/2026 04:59,72,ACTION,943612,512466,773,78,0,942757,2,2748,26921
30,02/09/2026 05:15,72,ACTION,956016,624803,780,79,0,955152,2,2748,26822
31,02/09/2026 05:31,72,ACTION,939049,390546,828,99,0,938117,2,2749,26940
32,02/09/2026 05:47,72,ACTION,938326,392298,792,101,0,937428,2,2748,27031
33,02/09/2026 06:02,72,ACTION,929519,621372,770,73,0,928672,2,2748,26679
34,02/09/2026 06:18,72,ACTION,941708,709828,775,78,0,940851,2,2744,26793
35,02/09/2026 06:34,72,ACTION,947373,580482,807,80,0,946482,2,2747,26726
36,02/09/2026 06:49,72,ACTION,938036,732109,805,103,0,937124,2,2738,26938
37,02/09/2026 07:05,72,ACTION,945150,653825,772,80,0,944295,2,2733,26712
38,02/09/2026 07:21,72,ACTION,947048,480700,773,77,0,946194,2,2748,26692
39,02/09/2026 07:37,72,ACTION,948081,411358,810,101,0,947165,2,2748,26898
40,02/09/2026 07:52,72,ACTION,946833,707181,773,81,0,945975,2,2744,26885
41,02/09/2026 08:08,72,ACTION,947946,602165,782,98,0,947061,2,2766,26960
42,02/09/2026 08:22,72,ACTION,818603,332369,776,81,0,817742,2,2489,23382
43,02/09/2026 08:38,72,ACTION,953378,728101,771,78,0,952526,2,2747,26755
44,02/09/2026 08:53,72,ACTION,941461,393353,781,74,0,940602,2,2748,26840
45,02/09/2026 09:09,72,ACTION,954739,667659,774,80,0,953882,2,2744,26645
46,02/09/2026 09:25,72,ACTION,936318,446916,771,78,0,935465,2,2748,26812
47,02/09/2026 09:41,72,ACTION,955334,465498,769,73,0,954487,2,2749,26934
48,02/09/2026 09:57,72,ACTION,951328,596004,770,78,0,950476,2,2729,26699
49,02/09/2026 10:13,72,ACTION,954769,525861,768,81,0,953916,2,2747,26892
50,02/09/2026 10:28,72,ACTION,942695,416643,791,102,0,941799,2,2749,26971
51,02/09/2026 10:42,72,ACTION,824619,933510,772,80,0,823762,2,2490,22833
52,02/09/2026 10:58,72,ACTION,960926,558204,785,101,0,960036,2,2747,26875
53,02/09/2026 11:14,72,ACTION,955190,630642,771,122,0,954293,2,2748,27061
54,02/09/2026 11:30,72,ACTION,957322,404168,770,79,0,956469,2,2748,26854
55,02/09/2026 11:45,72,ACTION,925246,429043,788,100,0,924354,2,2748,26668
56,02/09/2026 12:01,72,ACTION,956338,525951,777,89,0,955468,2,2748,26839
57,02/09/2026 12:17,72,ACTION,952866,718351,780,102,0,951981,2,2747,26608
58,02/09/2026 12:33,72,ACTION,946613,656715,770,80,0,945758,2,2767,26814
59,02/09/2026 12:49,72,ACTION,935799,648860,775,81,0,934939,2,2766,26582
60,02/09/2026 13:05,72,ACTION,955257,435932,807,88,0,954358,2,2749,26715
61,02/09/2026 13:20,72,ACTION,947330,412884,767,78,0,946481,2,2747,26984
62,02/09/2026 13:36,72,ACTION,948474,465536,779,72,0,947619,2,2748,26617
63,02/09/2026 13:52,72,ACTION,950571,685438,826,102,0,949639,2,2748,26853
64,02/09/2026 14:08,72,ACTION,952246,625213,775,72,0,951395,2,2749,26903
65,02/09/2026 14:24,72,ACTION,956614,641391,769,79,0,955761,2,2748,26670
66,02/09/2026 14:40,72,ACTION,955602,390425,769,77,0,954751,2,2749,26950
67,02/09/2026 14:56,72,ACTION,952009,375318,772,80,0,951152,2,2749,27110
68,02/09/2026 15:11,72,ACTION,947405,450549,820,86,0,946496,2,2749,27054
69,02/09/2026 15:27,72,ACTION,960476,731807,778,81,0,959614,2,2743,26738
70,02/09/2026 15:43,72,ACTION,953661,656451,767,82,0,952808,2,2748,26894
71,02/09/2026 15:59,72,ACTION,953005,563518,774,78,0,952149,2,2748,26804
72,02/09/2026 16:15,72,ACTION,948007,649661,784,79,0,947140,2,2748,26547
73,02/09/2026 16:31,72,ACTION,951221,626624,778,79,0,950360,2,2748,26672
74,02/09/2026 16:47,72,ACTION,952346,418516,767,81,0,951494,2,2747,26723
75,02/09/2026 17:03,72,ACTION,942531,841156,778,82,0,941667,2,2744,26858
76,02/09/2026 17:18,72,ACTION,953584,383079,774,79,0,952727,2,2749,26936
77,02/09/2026 17:34,72,ACTION,941055,613806,790,102,0,940159,2,2747,26400
78,02/09/2026 17:50,72,ACTION,955542,410615,771,73,0,954694,2,2748,26710
79,02/09/2026 18:06,72,ACTION,952809,457089,772,80,0,951953,2,2748,26905
80,02/09/2026 18:22,72,ACTION,938036,421250,772,82,0,937178,2,2748,26930
81,02/09/2026 18:37,72,ACTION,948877,623880,832,77,0,947964,2,2748,26684
82,02/09/2026 18:53,72,ACTION,954276,449815,782,79,0,953411,2,2748,26868
83,02/09/2026 19:09,72,ACTION,945220,578488,769,73,0,944374,2,2747,26978
84,02/09/2026 19:25,72,ACTION,952014,529552,773,80,0,951158,2,2749,26724
85,02/09/2026 19:41,72,ACTION,954005,594773,773,80,0,953148,2,2747,26643
86,02/09/2026 19:57,72,ACTION,949242,615922,809,78,0,948352,2,2747,26809
87,02/09/2026 20:12,72,ACTION,940141,681944,772,79,0,939287,2,2747,26728
88,02/09/2026 20:28,72,ACTION,953873,517502,777,78,0,953014,2,2747,27118
89,02/09/2026 20:44,72,ACTION,951282,481686,770,81,0,950428,2,2749,26747
90,02/09/2026 21:00,72,ACTION,951180,404031,775,83,0,950318,2,2747,26864
91,02/09/2026 21:16,72,ACTION,955113,397852,769,73,0,954267,2,2748,26785
92,02/09/2026 21:32,72,ACTION,949002,497340,770,78,0,948150,2,2748,26768
93,02/09/2026 21:48,72,ACTION,956276,431779,769,78,0,955425,2,2748,26771
94,02/09/2026 22:03,72,ACTION,946993,749294,770,79,0,946140,2,2728,26728
95,02/09/2026 22:19,72,ACTION,939789,594175,768,86,0,938931,2,2767,26861
96,02/09/2026 22:35,72,ACTION,954879,424122,769,77,0,954028,2,2748,26721
97,02/09/2026 22:51,72,ACTION,950380,528164,771,79,0,949525,2,2748,27064
98,02/09/2026 23:07,72,ACTION,952826,398693,777,81,0,951964,2,2748,26919
99,02/09/2026 23:20,72,ACTION,822656,687562,775,81,0,821797,2,2509,23391
100,02/09/2026 23:36,72,ACTION,943860,509923,770,80,0,943006,2,2748,26596
101,02/09/2026 23:52,72,ACTION,956311,472137,777,96,0,955434,2,2748,26847
102,03/09/2026 00:08,72,ACTION,948868,468294,801,81,0,947982,2,2748,26736
103,03/09/2026 00:24,72,ACTION,947314,389512,768,78,0,946464,2,2748,26729
104,03/09/2026 00:40,72,ACTION,946129,629006,789,91,0,945246,2,2767,26820
105,03/09/2026 00:55,72,ACTION,956186,369845,768,71,0,955344,2,2748,26769
106,03/09/2026 01:11,72,ACTION,953413,570862,770,81,0,952557,2,2748,26732
107,03/09/2026 01:27,72,ACTION,945967,394924,769,78,0,945116,2,2744,26884
108,03/09/2026 01:43,72,ACTION,941634,382673,778,82,0,940770,2,2749,26866
109,03/09/2026 01:59,72,ACTION,953794,423749,774,91,0,952925,2,2748,26793
110,03/09/2026 02:15,72,ACTION,947754,846737,771,80,0,946898,2,2766,26853
111,03/09/2026 02:30,72,ACTION,948960,474683,808,111,0,948037,2,2747,26658
112,03/09/2026 02:46,72,ACTION,942303,710672,769,80,0,941451,2,2747,26537
113,03/09/2026 03:02,72,ACTION,945867,495575,773,82,0,945008,2,2748,26698
114,03/09/2026 03:18,72,ACTION,945044,384112,780,80,0,944181,2,2749,26600
115,03/09/2026 03:33,72,ACTION,942725,410904,771,78,0,941872,2,2748,26729
116,03/09/2026 03:49,72,ACTION,950252,662257,778,100,0,949369,2,2767,26758
117,03/09/2026 04:05,72,ACTION,943217,456956,772,81,0,942360,2,2748,26708
118,03/09/2026 04:21,72,ACTION,945407,398160,767,80,0,944555,2,2745,26921
119,03/09/2026 04:36,72,ACTION,948985,519154,773,100,0,948108,2,2748,26901
120,03/09/2026 04:52,72,ACTION,952514,390389,770,72,0,951668,2,2745,27083
121,03/09/2026 05:08,72,ACTION,936682,648288,771,78,0,935829,2,2767,26798
122,03/09/2026 05:24,72,ACTION,947175,383828,770,81,0,946320,2,2748,26862
123,03/09/2026 05:39,72,ACTION,944171,355408,785,79,0,943303,2,2745,26991
124,03/09/2026 05:55,72,ACTION,956228,400296,767,78,0,955380,2,2748,27043
125,03/09/2026 06:11,72,ACTION,946400,686116,798,79,0,945518,2,2748,26828
126,03/09/2026 06:27,72,ACTION,951577,383684,771,70,0,950732,2,2748,26856
127,03/09/2026 06:43,72,ACTION,946135,670281,770,80,0,945281,2,2747,26994
128,03/09/2026 06:59,72,ACTION,949072,717863,831,93,0,948144,2,2747,26718
129,03/09/2026 07:14,72,ACTION,944337,689914,772,78,0,943483,2,2748,26834
130,03/09/2026 07:30,72,ACTION,940258,699356,772,78,0,939404,2,2740,26869
131,03/09/2026 07:46,72,ACTION,950594,465792,769,79,0,949743,2,2744,26977
132,03/09/2026 08:02,72,ACTION,960592,424118,779,81,0,959727,2,2749,26824
133,03/09/2026 08:18,72,ACTION,942811,601390,777,80,0,941949,2,2747,26970
134,03/09/2026 08:34,72,ACTION,955701,399880,819,81,0,954784,15,2745,26774
135,03/09/2026 08:49,72,ACTION,942220,394555,769,78,0,941369,2,2748,26849
136,03/09/2026 09:05,72,ACTION,941543,418455,769,80,0,940690,2,2747,26879
137,03/09/2026 09:21,72,ACTION,945644,710643,782,77,0,944779,2,2747,26616
138,03/09/2026 09:37,72,ACTION,945023,567931,771,78,0,944169,2,2745,26859
139,03/09/2026 09:52,72,ACTION,941222,390545,773,78,0,940367,2,2748,26891
140,03/09/2026 10:08,72,ACTION,953254,546877,820,106,0,952324,2,2766,27076
141,03/09/2026 10:24,72,ACTION,949088,748293,782,79,0,948222,2,2747,26573
142,03/09/2026 10:40,72,ACTION,946032,683462,880,80,0,945067,2,2748,26629
143,03/09/2026 10:55,72,ACTION,944329,414460,773,77,0,943475,2,2749,26913
144,03/09/2026 11:11,72,ACTION,936914,681402,796,79,0,936035,2,2737,27310
145,03/09/2026 11:27,72,ACTION,947935,414788,811,104,0,947016,2,2748,26500
146,03/09/2026 11:43,72,ACTION,956802,672700,813,80,0,955905,2,2766,26664
147,03/09/2026 11:58,72,ACTION,941997,663740,772,79,0,941141,2,2748,26919
148,03/09/2026 12:14,72,ACTION,952940,412728,770,78,0,952089,2,2748,27072
149,03/09/2026 12:30,72,ACTION,943934,605412,776,80,0,943074,2,2748,26806
150,03/09/2026 12:46,72,ACTION,943361,501763,773,97,0,942487,2,2748,26989
151,03/09/2026 13:02,72,ACTION,943572,734757,773,79,0,942716,2,2748,26620
152,03/09/2026 13:17,72,ACTION,946576,453536,789,95,0,945688,2,2747,26882
153,03/09/2026 13:33,72,ACTION,952190,619236,777,81,0,951328,2,2740,26856
154,03/09/2026 13:49,72,ACTION,946960,449167,773,78,0,946106,2,2748,26610
155,03/09/2026 14:05,72,ACTION,953755,615120,767,78,0,952906,2,2767,27052
156,03/09/2026 14:21,72,ACTION,947929,400091,765,78,0,947082,2,2748,27024
157,03/09/2026 14:36,72,ACTION,916705,718672,809,121,0,915770,2,2728,26697
158,03/09/2026 14:52,72,ACTION,942041,656614,815,88,0,941133,2,2747,26584
159,03/09/2026 15:07,72,ACTION,943569,467076,769,71,0,942725,2,2748,26660
160,03/09/2026 15:23,72,ACTION,955251,503599,773,87,0,954387,2,2748,26538
161,03/09/2026 15:39,72,ACTION,952086,522256,787,80,0,951216,2,2748,26900
162,03/09/2026 15:55,72,ACTION,949417,547427,772,80,0,948561,2,2748,26812
163,03/09/2026 16:11,72,ACTION,948246,507159,798,96,0,947348,2,2748,26805
164,03/09/2026 16:27,72,ACTION,947636,517522,799,110,0,946724,2,2749,26748
165,03/09/2026 16:42,72,ACTION,934074,599024,790,103,0,933177,2,2767,26869
166,03/09/2026 16:58,72,ACTION,954028,571818,769,83,0,953172,2,2748,26744
167,03/09/2026 17:14,72,ACTION,949387,495568,829,99,0,948456,2,2748,26545
168,03/09/2026 17:30,72,ACTION,949546,585507,771,78,0,948692,2,2748,26669
169,03/09/2026 17:43,72,ACTION,818960,482865,771,77,0,818108,2,2488,23369
170,03/09/2026 17:59,72,ACTION,950753,548622,799,107,0,949843,2,2748,26654
171,03/09/2026 18:15,72,ACTION,951469,493595,794,119,0,950552,2,2748,26925
172,03/09/2026 18:31,72,ACTION,949810,461491,771,80,0,948955,2,2748,26943
173,03/09/2026 18:47,72,ACTION,949910,716152,778,82,0,949046,2,2767,26638
174,03/09/2026 19:03,72,ACTION,948638,823187,772,81,0,947781,2,2747,26771
175,03/09/2026 19:18,72,ACTION,944874,512571,774,72,0,944024,2,2748,26873
176,03/09/2026 19:34,72,ACTION,931110,640692,809,83,0,930213,2,2745,26595
177,03/09/2026 19:50,72,ACTION,941924,510990,775,78,0,941067,2,2747,26764
178,03/09/2026 20:05,72,ACTION,946786,703595,768,79,0,945935,2,2732,26638
179,03/09/2026 20:21,72,ACTION,950327,784677,797,81,0,949445,2,2761,26533
180,03/09/2026 20:37,72,ACTION,942250,745006,844,83,0,941320,2,2747,26715
181,03/09/2026 20:53,72,ACTION,948268,480628,770,70,0,947424,2,2748,26627
182,03/09/2026 21:09,72,ACTION,949386,453917,771,80,0,948531,2,2749,26911
183,03/09/2026 21:24,72,ACTION,951377,423533,776,78,0,950519,2,2749,26897
184,03/09/2026 21:40,72,ACTION,945733,631235,799,77,0,944852,2,2748,26840
185,03/09/2026 21:56,72,ACTION,942278,425289,768,73,0,941432,2,2745,26980
186,03/09/2026 22:12,72,ACTION,938561,478888,772,78,0,937706,2,2748,26695
187,03/09/2026 22:27,72,ACTION,946837,473497,770,78,0,945985,2,2748,26906
188,03/09/2026 22:43,72,ACTION,948276,691503,770,81,0,947421,2,2744,27033
189,03/09/2026 22:59,72,ACTION,939672,466506,770,78,0,938820,2,2748,26712
190,03/09/2026 23:15,72,ACTION,947984,393551,771,78,0,947130,2,2748,26925
191,03/09/2026 23:30,72,ACTION,946735,608449,771,78,0,945882,2,2766,26812
192,03/09/2026 23:46,72,ACTION,952131,474825,771,78,0,951278,2,2748,26806
193,04/09/2026 00:02,72,ACTION,947224,394415,800,99,0,946321,2,2749,27019
194,04/09/2026 00:18,72,ACTION,946884,699903,780,78,0,946023,2,2767,26779
195,04/09/2026 00:34,72,ACTION,941028,357185,835,78,0,940111,2,2745,26821
196,04/09/2026 00:49,72,ACTION,947435,519451,774,81,0,946575,2,2747,27113
197,04/09/2026 01:05,72,ACTION,948234,498145,771,79,0,947380,2,2749,26781
198,04/09/2026 01:21,72,ACTION,945250,650277,808,80,0,944358,2,2748,26915
199,04/09/2026 01:37,72,ACTION,950325,409859,770,78,0,949472,2,2747,26878
200,04/09/2026 01:53,72,ACTION,949486,730051,771,78,0,948633,2,2748,26952
1,05/09/2026 17:49,9,RESOURCE,1822,85696,819,43,0,957,1,1,16
2,05/09/2026 17:49,9,RESOURCE,1746,85718,797,32,0,913,1,1,17
3,05/09/2026 17:49,9,RESOURCE,1846,88354,801,44,0,997,1,1,17
4,05/09/2026 17:49,9,RESOURCE,1724,88367,771,32,0,918,1,1,17
5,05/09/2026 17:49,9,RESOURCE,1858,83056,832,34,0,988,1,1,21
6,05/09/2026 17:49,9,RESOURCE,1749,85702,779,32,0,935,1,1,18
7,05/09/2026 17:49,9,RESOURCE,1767,85698,769,32,0,963,1,1,16
8,05/09/2026 17:49,9,RESOURCE,1721,85698,780,35,0,901,1,1,16
9,05/09/2026 17:49,9,RESOURCE,1735,88374,770,33,0,929,1,1,17
10,05/09/2026 17:49,9,RESOURCE,1854,86302,816,49,0,985,1,1,15
11,05/09/2026 17:49,9,RESOURCE,1820,85594,777,47,0,992,1,1,21
12,05/09/2026 17:50,9,RESOURCE,1706,85722,772,33,0,898,1,1,17
13,05/09/2026 17:50,9,RESOURCE,1723,88289,779,33,0,908,1,1,19
14,05/09/2026 17:50,9,RESOURCE,1782,83144,773,36,0,970,1,1,19
15,05/09/2026 17:50,9,RESOURCE,1774,89046,800,32,0,938,1,1,17
16,05/09/2026 17:50,9,RESOURCE,1847,86363,775,33,0,1035,1,1,20
17,05/09/2026 17:50,9,RESOURCE,1711,83777,770,33,0,905,1,1,19
18,05/09/2026 17:50,9,RESOURCE,1707,88264,770,32,0,901,1,1,20
19,05/09/2026 17:50,9,RESOURCE,1741,88363,768,36,0,933,1,1,17
20,05/09/2026 17:50,9,RESOURCE,1791,81306,777,39,0,971,1,1,22
21,05/09/2026 17:50,9,RESOURCE,1725,88248,769,33,0,919,1,1,17
22,05/09/2026 17:50,9,RESOURCE,1744,88319,781,35,0,924,1,1,17
23,05/09/2026 17:50,9,RESOURCE,1719,85737,777,39,0,900,1,1,17
24,05/09/2026 17:50,9,RESOURCE,1710,80588,772,35,0,900,2,1,21
25,05/09/2026 17:50,9,RESOURCE,1702,85656,768,33,0,898,1,1,17
26,05/09/2026 17:50,9,RESOURCE,1707,83061,768,35,0,901,1,1,18
27,05/09/2026 17:50,9,RESOURCE,1715,85681,777,34,0,900,1,1,15
28,05/09/2026 17:50,9,RESOURCE,1808,83024,821,40,0,943,1,1,16
29,05/09/2026 17:50,9,RESOURCE,1721,85779,779,35,0,903,1,1,17
30,05/09/2026 17:50,9,RESOURCE,1776,88388,769,33,0,971,1,1,17
31,05/09/2026 17:50,9,RESOURCE,1758,86303,808,34,0,912,1,1,24
32,05/09/2026 17:50,9,RESOURCE,1724,83721,767,34,0,919,1,1,17
33,05/09/2026 17:50,9,RESOURCE,1763,85679,768,35,0,956,1,1,16
34,05/09/2026 17:50,9,RESOURCE,1753,88279,770,43,0,937,1,1,21
35,05/09/2026 17:50,9,RESOURCE,1789,85760,827,35,0,923,1,1,19
36,05/09/2026 17:50,9,RESOURCE,1795,85642,782,42,0,968,1,1,19
37,05/09/2026 17:50,9,RESOURCE,1721,85719,771,34,0,912,1,1,19
38,05/09/2026 17:50,9,RESOURCE,1704,85663,766,34,0,900,2,1,19
39,05/09/2026 17:50,9,RESOURCE,1754,85687,809,35,0,907,1,1,20
40,05/09/2026 17:50,9,RESOURCE,1734,88254,789,35,0,907,1,1,16
41,05/09/2026 17:50,9,RESOURCE,1821,88192,814,38,0,966,1,1,19
42,05/09/2026 17:50,9,RESOURCE,1719,85627,766,35,0,915,1,1,18
43,05/09/2026 17:51,9,RESOURCE,1776,85677,767,35,0,971,1,1,21
44,05/09/2026 17:51,9,RESOURCE,1717,85714,773,33,0,908,1,1,20
45,05/09/2026 17:51,9,RESOURCE,1765,88282,780,35,0,946,2,1,18
46,05/09/2026 17:51,9,RESOURCE,1721,89050,780,34,0,903,1,1,17
47,05/09/2026 17:51,9,RESOURCE,1751,85758,767,32,0,949,1,1,19
48,05/09/2026 17:51,9,RESOURCE,1707,85693,769,33,0,901,1,1,17
49,05/09/2026 17:51,9,RESOURCE,1724,83736,787,35,0,899,1,1,16
50,05/09/2026 17:51,9,RESOURCE,1819,88344,781,40,0,995,1,1,17
51,05/09/2026 17:51,9,RESOURCE,1798,88347,832,41,0,922,1,1,21
52,05/09/2026 17:51,9,RESOURCE,1711,85682,773,35,0,900,1,1,19
53,05/09/2026 17:51,9,RESOURCE,1698,88242,766,33,0,896,1,1,16
54,05/09/2026 17:51,9,RESOURCE,1711,85655,777,35,0,896,1,1,18
55,05/09/2026 17:51,9,RESOURCE,1769,88961,771,35,0,958,1,1,21
56,05/09/2026 17:51,9,RESOURCE,1713,88320,781,34,0,895,1,1,17
57,05/09/2026 17:51,9,RESOURCE,1785,88288,795,32,0,954,1,1,20
58,05/09/2026 17:51,9,RESOURCE,1713,86332,774,35,0,901,1,1,16
59,05/09/2026 17:51,9,RESOURCE,1733,85755,772,33,0,925,1,1,20
60,05/09/2026 17:51,9,RESOURCE,1710,83735,768,34,0,904,1,1,16
61,05/09/2026 17:51,9,RESOURCE,1712,83105,772,32,0,904,1,1,16
62,05/09/2026 17:51,9,RESOURCE,1772,88291,774,33,0,961,1,1,21
63,05/09/2026 17:51,9,RESOURCE,1773,83079,770,33,0,966,1,1,19
64,05/09/2026 17:51,9,RESOURCE,1734,85703,766,35,1,929,1,1,17
65,05/09/2026 17:51,9,RESOURCE,1706,83210,765,35,0,902,1,1,16
66,05/09/2026 17:51,9,RESOURCE,1815,88949,806,51,0,954,1,1,22
67,05/09/2026 17:51,9,RESOURCE,1709,85670,771,32,0,902,1,1,22
68,05/09/2026 17:51,9,RESOURCE,1704,88370,769,33,0,898,1,1,18
69,05/09/2026 17:51,9,RESOURCE,1727,85694,771,33,0,920,1,1,16
70,05/09/2026 17:51,9,RESOURCE,1745,88347,771,33,0,938,1,1,20
71,05/09/2026 17:51,9,RESOURCE,1722,88974,774,35,0,910,1,1,17
72,05/09/2026 17:51,9,RESOURCE,1710,85687,770,33,0,903,1,1,20
73,05/09/2026 17:51,9,RESOURCE,1728,88349,777,32,0,916,1,1,21
74,05/09/2026 17:52,9,RESOURCE,1736,85637,771,34,0,927,1,1,24
75,05/09/2026 17:52,9,RESOURCE,1747,83747,769,35,0,939,1,1,21
76,05/09/2026 17:52,9,RESOURCE,1704,85739,767,33,0,900,1,1,19
77,05/09/2026 17:52,9,RESOURCE,1718,88302,775,33,0,907,1,1,16
78,05/09/2026 17:52,9,RESOURCE,1749,85622,807,35,0,904,1,1,17
79,05/09/2026 17:52,9,RESOURCE,1748,85633,780,33,0,931,1,1,18
80,05/09/2026 17:52,9,RESOURCE,1741,85621,775,34,0,929,1,1,16
81,05/09/2026 17:52,9,RESOURCE,1720,83121,774,35,0,908,1,1,22
82,05/09/2026 17:52,9,RESOURCE,1867,88391,840,43,0,980,1,1,16
83,05/09/2026 17:52,9,RESOURCE,1724,85644,785,33,0,903,1,1,22
84,05/09/2026 17:52,9,RESOURCE,1718,88353,780,33,0,902,1,1,17
85,05/09/2026 17:52,9,RESOURCE,1841,85727,812,40,0,985,1,1,16
86,05/09/2026 17:52,9,RESOURCE,1775,85703,820,35,0,917,1,1,19
87,05/09/2026 17:52,9,RESOURCE,1819,85743,770,35,0,1011,1,1,19
88,05/09/2026 17:52,9,RESOURCE,1769,88356,775,32,0,958,1,1,21
89,05/09/2026 17:52,9,RESOURCE,1713,83073,767,35,0,907,1,1,22
90,05/09/2026 17:52,9,RESOURCE,1767,88377,795,43,0,926,1,1,18
91,05/09/2026 17:52,9,RESOURCE,1755,83040,775,36,0,940,1,1,22
92,05/09/2026 17:52,9,RESOURCE,1824,88239,804,48,0,968,1,1,16
93,05/09/2026 17:52,9,RESOURCE,1744,85666,773,33,0,935,1,1,21
94,05/09/2026 17:52,9,RESOURCE,1711,83082,774,33,0,900,1,1,19
95,05/09/2026 17:52,9,RESOURCE,1752,88287,771,34,0,943,1,1,23
96,05/09/2026 17:52,9,RESOURCE,1875,85719,809,42,0,1020,1,1,21
97,05/09/2026 17:52,9,RESOURCE,1752,85745,773,35,0,940,1,1,17
98,05/09/2026 17:52,9,RESOURCE,1769,85657,789,35,0,941,1,1,21
99,05/09/2026 17:52,9,RESOURCE,1848,80762,794,44,0,1006,1,1,22
100,05/09/2026 17:52,9,RESOURCE,1758,85735,813,35,0,906,1,1,17
101,05/09/2026 17:52,9,RESOURCE,1720,85751,764,32,0,920,1,1,16
102,05/09/2026 17:52,9,RESOURCE,1798,85621,819,41,0,935,1,1,17
103,05/09/2026 17:52,9,RESOURCE,1716,88286,772,32,0,908,1,1,19
104,05/09/2026 17:52,9,RESOURCE,1757,85717,773,33,0,947,1,1,21
105,05/09/2026 17:53,9,RESOURCE,1764,88408,779,35,0,947,1,1,16
106,05/09/2026 17:53,9,RESOURCE,1705,88354,771,33,0,897,1,1,16
107,05/09/2026 17:53,9,RESOURCE,1717,85655,768,32,0,913,1,1,27
108,05/09/2026 17:53,9,RESOURCE,1728,85721,788,35,0,902,1,1,16
109,05/09/2026 17:53,9,RESOURCE,1734,86421,795,35,0,900,1,1,20
110,05/09/2026 17:53,9,RESOURCE,1725,85678,768,32,0,921,1,1,20
111,05/09/2026 17:53,9,RESOURCE,1725,88927,779,33,0,909,1,1,20
112,05/09/2026 17:53,9,RESOURCE,1711,85722,776,32,0,899,1,1,17
113,05/09/2026 17:53,9,RESOURCE,1707,83120,772,31,0,901,1,1,16
114,05/09/2026 17:53,9,RESOURCE,1764,88303,793,34,0,933,1,1,19
115,05/09/2026 17:53,9,RESOURCE,1703,88269,772,35,0,892,1,1,18
116,05/09/2026 17:53,9,RESOURCE,1709,88296,771,35,0,900,1,1,21
117,05/09/2026 17:53,9,RESOURCE,1755,85731,775,34,0,943,1,1,16
118,05/09/2026 17:53,9,RESOURCE,1708,88299,771,34,0,899,1,1,18
119,05/09/2026 17:53,9,RESOURCE,1773,88338,790,41,0,938,1,1,16
120,05/09/2026 17:53,9,RESOURCE,1761,88273,773,33,0,950,2,1,16
121,05/09/2026 17:53,9,RESOURCE,1737,85725,804,33,0,896,1,1,16
122,05/09/2026 17:53,9,RESOURCE,1748,85655,772,33,0,940,1,1,16
123,05/09/2026 17:53,9,RESOURCE,1795,88356,820,35,0,937,1,1,17
124,05/09/2026 17:53,9,RESOURCE,1712,88305,770,35,0,903,1,1,20
125,05/09/2026 17:53,9,RESOURCE,1704,86381,771,32,0,898,1,1,17
126,05/09/2026 17:53,9,RESOURCE,1718,78614,774,33,0,908,1,1,18
127,05/09/2026 17:53,9,RESOURCE,1720,85714,780,33,0,903,1,1,20
128,05/09/2026 17:53,9,RESOURCE,1747,85724,767,35,0,942,1,1,19
129,05/09/2026 17:53,9,RESOURCE,1718,83072,775,35,0,904,1,1,21
130,05/09/2026 17:53,9,RESOURCE,1735,85725,768,35,0,929,1,1,20
131,05/09/2026 17:53,9,RESOURCE,1698,88231,763,32,0,900,1,1,17
132,05/09/2026 17:53,9,RESOURCE,1710,88385,769,35,0,902,1,1,23
133,05/09/2026 17:53,9,RESOURCE,1704,83016,772,33,0,897,1,1,16
134,05/09/2026 17:53,9,RESOURCE,1716,85678,771,35,0,905,1,1,19
135,05/09/2026 17:53,9,RESOURCE,1750,85655,774,34,0,937,1,1,17
136,05/09/2026 17:54,9,RESOURCE,1727,88411,774,35,0,914,1,1,22
137,05/09/2026 17:54,9,RESOURCE,1843,89092,851,41,0,948,1,1,22
138,05/09/2026 17:54,9,RESOURCE,1732,85692,781,35,0,913,2,1,17
139,05/09/2026 17:54,9,RESOURCE,1715,88356,768,34,0,908,1,1,22
140,05/09/2026 17:54,9,RESOURCE,1846,88344,832,41,0,970,1,1,20
141,05/09/2026 17:54,9,RESOURCE,1786,85723,768,33,0,982,1,1,17
142,05/09/2026 17:54,9,RESOURCE,1769,85611,773,33,0,960,1,1,23
143,05/09/2026 17:54,9,RESOURCE,1741,85742,769,34,0,934,1,1,18
144,05/09/2026 17:54,9,RESOURCE,1738,85636,779,33,0,923,1,1,20
145,05/09/2026 17:54,9,RESOURCE,1749,85684,772,35,0,938,1,1,19
146,05/09/2026 17:54,9,RESOURCE,1758,88221,777,44,0,934,1,1,19
147,05/09/2026 17:54,9,RESOURCE,1729,85676,784,33,0,908,1,1,19
148,05/09/2026 17:54,9,RESOURCE,1792,83113,816,39,0,934,1,1,20
149,05/09/2026 17:54,9,RESOURCE,1808,85729,823,51,0,930,1,1,21
150,05/09/2026 17:54,9,RESOURCE,1708,88324,765,35,0,904,1,1,19
151,05/09/2026 17:54,9,RESOURCE,1721,88262,772,33,0,914,1,1,19
152,05/09/2026 17:54,9,RESOURCE,1728,88280,776,33,0,916,1,1,16
153,05/09/2026 17:54,9,RESOURCE,1764,85645,821,34,0,905,1,1,20
154,05/09/2026 17:54,9,RESOURCE,1747,85655,776,33,0,935,1,1,20
155,05/09/2026 17:54,9,RESOURCE,1743,83138,769,34,0,937,1,1,20
156,05/09/2026 17:54,9,RESOURCE,1698,81305,768,34,0,892,1,1,16
157,05/09/2026 17:54,9,RESOURCE,1717,85689,772,34,0,908,1,1,20
158,05/09/2026 17:54,9,RESOURCE,1841,85719,771,33,0,1034,1,1,22
159,05/09/2026 17:54,9,RESOURCE,1859,85646,795,43,0,1018,1,1,23
160,05/09/2026 17:54,9,RESOURCE,1716,88334,786,33,0,895,1,1,19
161,05/09/2026 17:54,9,RESOURCE,1763,88345,789,42,0,929,1,1,16
162,05/09/2026 17:54,9,RESOURCE,1716,85710,777,34,0,902,1,1,23
163,05/09/2026 17:54,9,RESOURCE,1710,88267,769,35,0,903,1,1,19
164,05/09/2026 17:54,9,RESOURCE,1703,83018,771,33,0,895,1,1,18
165,05/09/2026 17:54,9,RESOURCE,1722,88317,786,33,0,900,1,1,18
166,05/09/2026 17:55,9,RESOURCE,1711,88310,778,34,0,895,1,1,16
167,05/09/2026 17:55,9,RESOURCE,1745,85655,772,35,0,934,2,1,20
168,05/09/2026 17:55,9,RESOURCE,1885,85738,817,38,0,1026,1,1,19
169,05/09/2026 17:55,9,RESOURCE,1723,86391,757,32,0,930,1,1,21
170,05/09/2026 17:55,9,RESOURCE,1745,88349,774,34,0,933,1,1,16
171,05/09/2026 17:55,9,RESOURCE,1792,88321,781,35,1,972,1,1,22
172,05/09/2026 17:55,9,RESOURCE,1784,85748,822,37,0,922,1,1,21
173,05/09/2026 17:55,9,RESOURCE,1774,89002,777,35,0,958,1,1,18
174,05/09/2026 17:55,9,RESOURCE,1812,80650,800,40,0,968,1,1,20
175,05/09/2026 17:55,9,RESOURCE,1741,88352,779,33,0,925,1,1,15
176,05/09/2026 17:55,9,RESOURCE,1754,85695,780,35,0,935,1,1,19
177,05/09/2026 17:55,9,RESOURCE,1776,85741,804,42,0,926,1,1,22
178,05/09/2026 17:55,9,RESOURCE,1697,88339,771,35,0,888,1,1,16
179,05/09/2026 17:55,9,RESOURCE,1742,83267,780,35,0,923,1,1,20
180,05/09/2026 17:55,9,RESOURCE,1741,85628,766,35,0,937,1,1,20
181,05/09/2026 17:55,9,RESOURCE,1728,85745,786,34,0,904,1,1,21
182,05/09/2026 17:55,9,RESOURCE,1722,85728,785,34,0,900,1,1,17
183,05/09/2026 17:55,9,RESOURCE,1797,86367,821,41,0,931,1,1,16
184,05/09/2026 17:55,9,RESOURCE,1838,89113,844,48,0,943,2,1,21
185,05/09/2026 17:55,9,RESOURCE,1730,89050,774,32,1,920,1,1,19
186,05/09/2026 17:55,9,RESOURCE,1795,88296,810,48,0,934,1,1,21
187,05/09/2026 17:55,9,RESOURCE,1723,88331,770,34,0,915,1,1,20
188,05/09/2026 17:55,9,RESOURCE,1870,85726,799,41,0,1027,1,1,17
189,05/09/2026 17:55,9,RESOURCE,1699,88293,766,33,0,897,1,1,16
190,05/09/2026 17:55,9,RESOURCE,1713,88891,763,32,0,914,1,1,17
191,05/09/2026 17:55,9,RESOURCE,1745,85767,770,35,0,937,1,1,21
192,05/09/2026 17:55,9,RESOURCE,1731,85641,772,33,0,923,1,1,19
193,05/09/2026 17:55,9,RESOURCE,1720,86483,773,33,0,910,2,1,16
194,05/09/2026 17:55,9,RESOURCE,1737,88345,778,35,0,920,1,1,19
195,05/09/2026 17:55,9,RESOURCE,1753,85677,793,35,0,922,1,1,17
196,05/09/2026 17:55,9,RESOURCE,1696,85681,769,32,0,891,1,1,19
197,05/09/2026 17:56,9,RESOURCE,1713,88310,778,35,0,897,1,1,16
198,05/09/2026 17:56,9,RESOURCE,1740,85766,781,33,1,922,1,1,20
199,05/09/2026 17:56,9,RESOURCE,1727,85649,778,35,0,911,1,1,21
200,05/09/2026 17:56,9,RESOURCE,1828,85687,803,41,0,980,1,1,21
1,05/09/2026 17:56,18,RESOURCE,2850,70944,802,54,0,1990,1,4,73
2,05/09/2026 17:56,18,RESOURCE,2787,75998,767,41,0,1975,2,4,69
3,05/09/2026 17:56,18,RESOURCE,2742,75975,770,41,0,1928,1,4,62
4,05/09/2026 17:56,18,RESOURCE,2765,71017,773,43,0,1946,2,4,67
5,05/09/2026 17:56,18,RESOURCE,2790,75817,797,43,0,1946,1,4,64
6,05/09/2026 17:56,18,RESOURCE,2839,75970,770,42,0,2023,2,4,68
7,05/09/2026 17:56,18,RESOURCE,2879,75756,829,49,0,1997,1,4,60
8,05/09/2026 17:56,18,RESOURCE,2785,76140,776,43,0,1962,2,4,65
9,05/09/2026 17:56,18,RESOURCE,2733,70957,772,41,0,1916,1,4,56
10,05/09/2026 17:56,18,RESOURCE,2793,76018,805,54,0,1930,2,4,59
11,05/09/2026 17:56,18,RESOURCE,2809,75975,769,44,0,1993,1,4,69
12,05/09/2026 17:56,18,RESOURCE,2753,70942,772,43,0,1934,2,4,57
13,05/09/2026 17:56,18,RESOURCE,2776,71079,773,44,0,1955,2,4,61
14,05/09/2026 17:56,18,RESOURCE,2876,70909,822,51,0,2000,1,4,65
15,05/09/2026 17:56,18,RESOURCE,2737,75817,773,41,0,1919,1,4,59
16,05/09/2026 17:57,18,RESOURCE,2752,71464,775,44,0,1929,1,4,55
17,05/09/2026 17:57,18,RESOURCE,2747,71302,770,40,0,1933,1,4,57
18,05/09/2026 17:57,18,RESOURCE,2872,71020,817,49,0,2002,2,4,56
19,05/09/2026 17:57,18,RESOURCE,2746,75868,774,41,0,1927,1,4,61
20,05/09/2026 17:57,18,RESOURCE,2946,75979,803,41,0,2098,1,4,58
21,05/09/2026 17:57,18,RESOURCE,2738,76042,776,41,0,1917,2,4,59
22,05/09/2026 17:57,18,RESOURCE,2870,75999,815,52,0,1999,2,4,64
23,05/09/2026 17:57,18,RESOURCE,2905,71024,807,52,0,2042,1,4,65
24,05/09/2026 17:57,18,RESOURCE,2765,76026,772,42,0,1948,1,4,68
25,05/09/2026 17:57,18,RESOURCE,2786,71132,779,42,0,1962,2,4,61
26,05/09/2026 17:57,18,RESOURCE,2765,75851,778,43,0,1940,2,4,67
27,05/09/2026 17:57,18,RESOURCE,2756,65807,771,43,0,1939,1,4,53
28,05/09/2026 17:57,18,RESOURCE,2766,66135,781,45,0,1937,1,4,61
29,05/09/2026 17:57,18,RESOURCE,2789,70701,774,41,0,1970,1,4,59
30,05/09/2026 17:57,18,RESOURCE,2786,75830,778,41,0,1964,1,4,60
31,05/09/2026 17:57,18,RESOURCE,2777,65640,769,41,0,1962,2,4,68
32,05/09/2026 17:57,18,RESOURCE,2870,75975,839,43,0,1984,2,4,63
33,05/09/2026 17:57,18,RESOURCE,2762,70862,772,41,0,1945,2,4,58
34,05/09/2026 17:57,18,RESOURCE,2873,70886,812,42,0,2015,2,4,65
35,05/09/2026 17:57,18,RESOURCE,2871,76032,825,60,0,1982,2,4,67
36,05/09/2026 17:58,18,RESOURCE,2760,76016,776,43,0,1937,1,4,59
37,05/09/2026 17:58,18,RESOURCE,2767,71056,783,41,0,1938,2,4,54
38,05/09/2026 17:58,18,RESOURCE,2793,70984,775,43,0,1971,1,4,60
39,05/09/2026 17:58,18,RESOURCE,2810,81129,791,51,0,1964,2,4,68
40,05/09/2026 17:58,18,RESOURCE,2870,70887,815,43,0,2009,1,4,60
41,05/09/2026 17:58,18,RESOURCE,2806,71318,777,43,0,1981,1,4,59
42,05/09/2026 17:58,18,RESOURCE,2739,70878,769,41,0,1926,1,4,70
43,05/09/2026 17:58,18,RESOURCE,2791,76301,774,46,0,1967,2,4,67
44,05/09/2026 17:58,18,RESOURCE,2806,75724,769,43,0,1990,1,4,61
45,05/09/2026 17:58,18,RESOURCE,2761,71006,768,43,0,1946,1,4,65
46,05/09/2026 17:58,18,RESOURCE,2719,65785,770,42,0,1904,1,4,63
47,05/09/2026 17:58,18,RESOURCE,2772,70984,792,41,0,1935,2,4,60
48,05/09/2026 17:58,18,RESOURCE,2727,71041,774,44,0,1906,1,4,63
49,05/09/2026 17:58,18,RESOURCE,2748,70891,772,43,0,1930,1,4,66
50,05/09/2026 17:58,18,RESOURCE,2844,70954,769,41,0,2030,2,4,69
51,05/09/2026 17:58,18,RESOURCE,2789,76094,787,43,0,1955,1,4,66
52,05/09/2026 17:58,18,RESOURCE,2874,75820,809,55,0,2005,2,4,60
53,05/09/2026 17:58,18,RESOURCE,2745,70694,774,43,0,1924,2,4,57
54,05/09/2026 17:58,18,RESOURCE,2743,75849,769,41,0,1930,1,4,63
55,05/09/2026 17:58,18,RESOURCE,2768,71118,775,41,0,1948,2,4,66
56,05/09/2026 17:59,18,RESOURCE,2781,71000,774,42,0,1961,1,4,63
57,05/09/2026 17:59,18,RESOURCE,2804,71002,785,43,0,1972,2,4,61
58,05/09/2026 17:59,18,RESOURCE,2789,70987,770,42,0,1974,2,4,59
59,05/09/2026 17:59,18,RESOURCE,2745,75812,781,41,0,1919,1,4,57
60,05/09/2026 17:59,18,RESOURCE,2905,75840,831,52,0,2018,2,4,58
61,05/09/2026 17:59,18,RESOURCE,2867,75825,845,49,0,1970,1,4,64
62,05/09/2026 17:59,18,RESOURCE,2731,76080,766,41,0,1920,1,4,66
63,05/09/2026 17:59,18,RESOURCE,2754,71341,774,43,0,1933,1,4,61
64,05/09/2026 17:59,18,RESOURCE,2745,75933,782,42,0,1917,1,4,64
65,05/09/2026 17:59,18,RESOURCE,2750,71023,774,38,0,1934,2,4,52
66,05/09/2026 17:59,18,RESOURCE,2753,71284,781,41,0,1927,2,4,56
67,05/09/2026 17:59,18,RESOURCE,2741,75906,776,41,0,1920,2,4,63
68,05/09/2026 17:59,18,RESOURCE,2812,70981,776,43,0,1990,1,4,66
69,05/09/2026 17:59,18,RESOURCE,2850,71334,796,45,0,2005,2,4,62
70,05/09/2026 17:59,18,RESOURCE,2746,71153,770,43,0,1930,1,4,57
71,05/09/2026 17:59,18,RESOURCE,2837,65967,815,66,0,1953,1,4,64
72,05/09/2026 17:59,18,RESOURCE,2824,65869,789,53,0,1979,1,4,64
73,05/09/2026 17:59,18,RESOURCE,2837,71153,773,43,0,2016,2,4,66
74,05/09/2026 17:59,18,RESOURCE,2761,76023,772,43,0,1942,1,4,64
75,05/09/2026 17:59,18,RESOURCE,2765,66260,771,43,0,1947,1,4,72
76,05/09/2026 17:59,18,RESOURCE,2766,76210,771,43,0,1949,1,4,66
77,05/09/2026 18:00,18,RESOURCE,2759,71018,779,43,0,1933,1,4,61
78,05/09/2026 18:00,18,RESOURCE,2793,76354,780,41,0,1969,2,4,64
79,05/09/2026 18:00,18,RESOURCE,2775,71090,773,44,0,1954,2,4,63
80,05/09/2026 18:00,18,RESOURCE,2746,75967,771,43,0,1928,1,4,66
81,05/09/2026 18:00,18,RESOURCE,2750,76083,771,41,0,1934,2,4,62
82,05/09/2026 18:00,18,RESOURCE,2804,71008,820,44,0,1936,1,4,67
83,05/09/2026 18:00,18,RESOURCE,2824,70955,780,44,0,1996,2,4,62
84,05/09/2026 18:00,18,RESOURCE,2746,71184,771,43,0,1929,2,4,68
85,05/09/2026 18:00,18,RESOURCE,2756,71053,778,44,0,1931,1,4,62
86,05/09/2026 18:00,18,RESOURCE,2809,66196,771,43,0,1991,2,4,65
87,05/09/2026 18:00,18,RESOURCE,2763,76005,781,43,0,1936,1,4,65
88,05/09/2026 18:00,18,RESOURCE,2757,75860,776,43,0,1934,2,4,66
89,05/09/2026 18:00,18,RESOURCE,2827,75844,769,43,0,2011,1,4,61
90,05/09/2026 18:00,18,RESOURCE,2807,76145,787,56,0,1960,1,4,63
91,05/09/2026 18:00,18,RESOURCE,2763,75932,781,44,0,1934,1,4,64
92,05/09/2026 18:00,18,RESOURCE,2735,75834,767,42,0,1922,1,4,63
93,05/09/2026 18:00,18,RESOURCE,2747,75900,777,43,0,1923,1,4,64
94,05/09/2026 18:00,18,RESOURCE,2737,76188,770,41,0,1922,1,4,58
95,05/09/2026 18:00,18,RESOURCE,2884,75927,822,57,0,2002,2,4,55
96,05/09/2026 18:00,18,RESOURCE,2883,71168,807,50,0,2022,2,4,60
97,05/09/2026 18:01,18,RESOURCE,2774,70879,772,41,0,1957,1,4,55
98,05/09/2026 18:01,18,RESOURCE,2778,76020,809,47,0,1918,2,4,58
99,05/09/2026 18:01,18,RESOURCE,2878,75907,820,49,0,2004,2,4,60
100,05/09/2026 18:01,18,RESOURCE,2770,75843,772,43,0,1952,1,4,54
101,05/09/2026 18:01,18,RESOURCE,2756,80991,771,44,0,1937,2,4,62
102,05/09/2026 18:01,18,RESOURCE,2751,71223,769,41,0,1938,1,4,60
103,05/09/2026 18:01,18,RESOURCE,2761,75923,769,43,0,1946,2,4,70
104,05/09/2026 18:01,18,RESOURCE,2776,76167,777,41,0,1954,2,4,57
105,05/09/2026 18:01,18,RESOURCE,2826,70848,774,40,0,2009,1,4,62
106,05/09/2026 18:01,18,RESOURCE,2780,76034,771,43,0,1963,1,4,64
107,05/09/2026 18:01,18,RESOURCE,2857,70776,772,41,0,2040,2,4,68
108,05/09/2026 18:01,18,RESOURCE,2756,71032,773,44,0,1936,1,4,61
109,05/09/2026 18:01,18,RESOURCE,2828,75823,773,43,0,2007,1,4,63
110,05/09/2026 18:01,18,RESOURCE,2795,76047,775,43,0,1974,2,4,63
111,05/09/2026 18:01,18,RESOURCE,2900,75983,856,49,0,1991,2,4,61
112,05/09/2026 18:01,18,RESOURCE,2734,66172,772,43,0,1915,1,4,66
113,05/09/2026 18:01,18,RESOURCE,2742,75753,774,46,0,1918,1,4,55
114,05/09/2026 18:01,18,RESOURCE,2900,71034,820,57,0,2019,2,4,66
115,05/09/2026 18:01,18,RESOURCE,2785,75899,771,41,0,1969,2,4,65
116,05/09/2026 18:01,18,RESOURCE,2859,76061,797,53,0,2004,1,4,51
117,05/09/2026 18:02,18,RESOURCE,2805,70919,774,41,0,1987,2,4,55
118,05/09/2026 18:02,18,RESOURCE,2749,70990,778,41,0,1926,1,4,58
119,05/09/2026 18:02,18,RESOURCE,2738,70901,771,41,0,1922,2,4,60
120,05/09/2026 18:02,18,RESOURCE,2832,60585,770,43,0,2015,2,4,66
121,05/09/2026 18:02,18,RESOURCE,2813,70907,780,42,0,1987,2,4,63
122,05/09/2026 18:02,18,RESOURCE,2775,70979,780,41,0,1950,2,4,65
123,05/09/2026 18:02,18,RESOURCE,2820,71117,788,49,0,1979,1,4,54
124,05/09/2026 18:02,18,RESOURCE,2796,71250,766,43,0,1984,1,4,61
125,05/09/2026 18:02,18,RESOURCE,2782,75865,778,41,0,1960,1,4,68
126,05/09/2026 18:02,18,RESOURCE,2782,66034,777,41,0,1961,1,4,59
127,05/09/2026 18:02,18,RESOURCE,2783,71349,788,43,0,1949,2,4,63
128,05/09/2026 18:02,18,RESOURCE,2822,76052,790,42,0,1986,1,4,59
129,05/09/2026 18:02,18,RESOURCE,2876,75920,813,47,0,2011,1,4,57
130,05/09/2026 18:02,18,RESOURCE,2741,75935,769,40,0,1929,1,4,65
131,05/09/2026 18:02,18,RESOURCE,2829,70944,766,41,0,2019,1,4,65
132,05/09/2026 18:02,18,RESOURCE,2733,75892,773,41,0,1915,1,4,60
133,05/09/2026 18:02,18,RESOURCE,2759,80760,805,41,0,1909,1,4,62
134,05/09/2026 18:02,18,RESOURCE,2752,70941,771,41,0,1936,2,4,69
135,05/09/2026 18:02,18,RESOURCE,2720,60630,771,41,0,1905,1,4,57
136,05/09/2026 18:02,18,RESOURCE,2775,76405,809,43,0,1918,1,4,56
137,05/09/2026 18:03,18,RESOURCE,2918,70849,842,50,0,2023,1,4,63
138,05/09/2026 18:03,18,RESOURCE,2767,70884,780,43,0,1941,1,4,61
139,05/09/2026 18:03,18,RESOURCE,2783,75876,770,41,0,1968,2,4,66
140,05/09/2026 18:03,18,RESOURCE,2918,76064,779,41,0,2094,1,4,66
141,05/09/2026 18:03,18,RESOURCE,2773,70968,777,43,0,1949,1,4,54
142,05/09/2026 18:03,18,RESOURCE,2867,71193,775,44,0,2045,1,4,70
143,05/09/2026 18:03,18,RESOURCE,2753,71065,771,41,0,1936,2,4,63
144,05/09/2026 18:03,18,RESOURCE,2777,66330,774,41,0,1959,1,4,67
145,05/09/2026 18:03,18,RESOURCE,2756,66146,775,41,0,1936,1,4,69
146,05/09/2026 18:03,18,RESOURCE,2821,75866,768,42,0,2007,1,4,63
147,05/09/2026 18:03,18,RESOURCE,2778,76007,773,43,0,1958,2,4,56
148,05/09/2026 18:03,18,RESOURCE,2828,71013,812,64,0,1947,2,4,66
149,05/09/2026 18:03,18,RESOURCE,2884,71200,818,47,0,2015,2,4,64
150,05/09/2026 18:03,18,RESOURCE,2776,66119,769,41,0,1962,2,4,60
151,05/09/2026 18:03,18,RESOURCE,2796,75986,829,43,0,1920,1,4,60
152,05/09/2026 18:03,18,RESOURCE,2744,76100,771,41,0,1927,2,4,65
153,05/09/2026 18:03,18,RESOURCE,2780,71705,773,44,0,1960,1,4,67
154,05/09/2026 18:03,18,RESOURCE,2853,76021,847,51,0,1952,1,4,62
155,05/09/2026 18:03,18,RESOURCE,2921,75796,846,51,0,2020,1,4,63
156,05/09/2026 18:03,18,RESOURCE,2761,75905,771,41,0,1945,2,4,65
157,05/09/2026 18:04,18,RESOURCE,2752,75900,768,43,0,1936,1,4,59
158,05/09/2026 18:04,18,RESOURCE,2859,71002,815,44,0,1995,2,4,58
159,05/09/2026 18:04,18,RESOURCE,2787,75856,767,46,0,1969,1,4,65
160,05/09/2026 18:04,18,RESOURCE,2743,71052,771,42,0,1927,1,4,56
161,05/09/2026 18:04,18,RESOURCE,2783,76059,773,41,0,1964,2,4,66
162,05/09/2026 18:04,18,RESOURCE,2871,75840,799,42,0,2026,2,4,62
163,05/09/2026 18:04,18,RESOURCE,2854,76204,792,43,0,2015,2,4,61
164,05/09/2026 18:04,18,RESOURCE,2744,75943,764,41,0,1934,2,4,67
165,05/09/2026 18:04,18,RESOURCE,2781,76101,770,41,0,1966,1,4,66
166,05/09/2026 18:04,18,RESOURCE,2805,70767,773,41,0,1988,2,4,51
167,05/09/2026 18:04,18,RESOURCE,2847,70756,769,41,0,2032,2,4,63
168,05/09/2026 18:04,18,RESOURCE,2751,75875,769,43,0,1935,1,4,66
169,05/09/2026 18:04,18,RESOURCE,2791,70853,772,41,0,1975,2,4,53
170,05/09/2026 18:04,18,RESOURCE,2780,70975,788,51,0,1937,1,4,63
171,05/09/2026 18:04,18,RESOURCE,2755,71111,772,41,0,1937,2,4,54
172,05/09/2026 18:04,18,RESOURCE,2865,75816,769,41,0,2051,2,4,62
173,05/09/2026 18:04,18,RESOURCE,2765,70948,775,40,0,1946,1,4,59
174,05/09/2026 18:04,18,RESOURCE,2859,71132,817,59,0,1980,1,4,68
175,05/09/2026 18:04,18,RESOURCE,2833,70735,775,43,0,2011,2,4,67
176,05/09/2026 18:04,18,RESOURCE,2775,70767,765,41,0,1965,2,4,68
177,05/09/2026 18:05,18,RESOURCE,2776,75991,775,43,0,1954,1,4,61
178,05/09/2026 18:05,18,RESOURCE,2832,70960,816,58,0,1954,1,4,52
179,05/09/2026 18:05,18,RESOURCE,2805,71176,798,54,0,1949,2,4,69
180,05/09/2026 18:05,18,RESOURCE,2744,71053,772,43,0,1926,2,4,63
181,05/09/2026 18:05,18,RESOURCE,2918,75908,811,54,0,2050,2,4,62
182,05/09/2026 18:05,18,RESOURCE,2721,76030,769,40,0,1908,1,4,64
183,05/09/2026 18:05,18,RESOURCE,2732,75882,771,42,0,1915,1,4,51
184,05/09/2026 18:05,18,RESOURCE,2820,75833,782,42,0,1993,1,4,63
185,05/09/2026 18:05,18,RESOURCE,2829,75960,829,55,0,1942,2,4,61
186,05/09/2026 18:05,18,RESOURCE,2758,70945,781,40,0,1932,1,4,68
187,05/09/2026 18:05,18,RESOURCE,2851,65883,821,55,0,1971,1,4,63
188,05/09/2026 18:05,18,RESOURCE,2835,76040,828,54,0,1950,2,4,56
189,05/09/2026 18:05,18,RESOURCE,2762,71069,774,40,0,1943,1,4,68
190,05/09/2026 18:05,18,RESOURCE,2931,71203,835,53,0,2039,2,4,56
191,05/09/2026 18:05,18,RESOURCE,2747,70958,770,40,0,1933,1,4,63
192,05/09/2026 18:05,18,RESOURCE,2756,71012,780,43,0,1930,1,4,55
193,05/09/2026 18:05,18,RESOURCE,2855,70721,782,42,0,2028,1,4,61
194,05/09/2026 18:05,18,RESOURCE,2761,71116,773,41,0,1943,1,4,63
195,05/09/2026 18:05,18,RESOURCE,2747,71076,770,43,0,1930,1,4,71
196,05/09/2026 18:05,18,RESOURCE,2741,71059,773,43,0,1922,1,4,60
197,05/09/2026 18:06,18,RESOURCE,2736,75918,767,41,0,1925,1,4,61
198,05/09/2026 18:06,18,RESOURCE,2743,75866,771,41,0,1928,1,4,61
199,05/09/2026 18:06,18,RESOURCE,2755,75760,773,43,0,1936,1,4,58
200,05/09/2026 18:06,18,RESOURCE,2764,65989,784,44,0,1932,2,4,65
1,05/09/2026 18:06,27,RESOURCE,20797,294095,805,51,0,19937,1,83,344
2,05/09/2026 18:06,27,RESOURCE,20867,281967,844,49,0,19970,1,83,350
3,05/09/2026 18:07,27,RESOURCE,20884,288904,806,59,0,20016,1,83,347
4,05/09/2026 18:07,27,RESOURCE,21158,204075,830,68,0,20257,1,84,355
5,05/09/2026 18:08,27,RESOURCE,20896,194181,773,48,0,20072,1,83,350
6,05/09/2026 18:08,27,RESOURCE,20752,248434,779,50,0,19919,2,83,348
7,05/09/2026 18:08,27,RESOURCE,20971,288523,783,56,0,20128,1,83,371
8,05/09/2026 18:09,27,RESOURCE,20844,288637,786,63,0,19992,1,83,355
9,05/09/2026 18:09,27,RESOURCE,20991,187109,773,49,0,20166,1,83,354
10,05/09/2026 18:09,27,RESOURCE,20979,203820,768,49,0,20159,1,84,365
11,05/09/2026 18:10,27,RESOURCE,20961,289158,780,50,0,20127,1,83,350
12,05/09/2026 18:10,27,RESOURCE,21083,289486,773,49,0,20258,1,83,371
13,05/09/2026 18:10,27,RESOURCE,21044,288840,782,51,0,20208,1,83,352
14,05/09/2026 18:11,27,RESOURCE,20699,188336,772,50,0,19874,1,83,359
15,05/09/2026 18:11,27,RESOURCE,20562,288470,769,48,0,19742,1,83,351
16,05/09/2026 18:11,27,RESOURCE,20630,293852,781,47,0,19798,1,83,359
17,05/09/2026 18:12,27,RESOURCE,20781,210030,782,55,0,19940,1,84,350
18,05/09/2026 18:12,27,RESOURCE,20870,180949,773,49,0,20044,1,83,355
19,05/09/2026 18:12,27,RESOURCE,20618,24404,771,48,0,19796,1,83,356
20,05/09/2026 18:13,27,RESOURCE,20787,187909,768,48,0,19967,1,83,358
21,05/09/2026 18:13,27,RESOURCE,21013,288991,772,50,0,20188,1,83,349
22,05/09/2026 18:13,27,RESOURCE,20680,187510,771,51,0,19854,1,83,366
23,05/09/2026 18:14,27,RESOURCE,20958,194160,768,51,0,20135,1,83,356
24,05/09/2026 18:14,27,RESOURCE,20699,193836,782,51,0,19863,1,83,353
25,05/09/2026 18:15,27,RESOURCE,20763,287046,770,49,0,19941,1,83,348
26,05/09/2026 18:15,27,RESOURCE,20853,194353,779,48,0,20022,1,83,354
27,05/09/2026 18:15,27,RESOURCE,20716,187474,770,49,0,19893,1,83,343
28,05/09/2026 18:16,27,RESOURCE,20981,186864,809,69,0,20100,1,83,351
29,05/09/2026 18:16,27,RESOURCE,20505,250377,776,49,0,19677,1,82,357
30,05/09/2026 18:16,27,RESOURCE,20688,303289,771,51,0,19863,1,83,351
31,05/09/2026 18:17,27,RESOURCE,20864,187018,831,51,0,19979,1,83,346
32,05/09/2026 18:17,27,RESOURCE,20874,289148,769,48,0,20054,1,83,373
33,05/09/2026 18:17,27,RESOURCE,20909,186762,809,58,0,20038,1,83,346
34,05/09/2026 18:18,27,RESOURCE,20814,282364,768,48,0,19994,1,83,341
35,05/09/2026 18:18,27,RESOURCE,20944,302447,826,64,0,20049,1,83,352
36,05/09/2026 18:18,27,RESOURCE,21030,289007,768,51,0,20207,1,83,348
37,05/09/2026 18:19,27,RESOURCE,20694,180427,769,49,0,19873,1,83,359
38,05/09/2026 18:19,27,RESOURCE,20909,282390,770,50,0,20086,1,83,351
39,05/09/2026 18:19,27,RESOURCE,20678,187698,782,61,0,19831,2,83,354
40,05/09/2026 18:20,27,RESOURCE,21076,210635,772,51,0,20250,1,84,368
41,05/09/2026 18:20,27,RESOURCE,20966,186385,828,62,0,20073,1,83,367
42,05/09/2026 18:20,27,RESOURCE,20953,282302,772,50,0,20127,1,83,350
43,05/09/2026 18:21,27,RESOURCE,20797,288777,783,51,0,19960,1,83,354
44,05/09/2026 18:21,27,RESOURCE,20800,288978,779,49,0,19968,1,83,360
45,05/09/2026 18:22,27,RESOURCE,20604,194079,766,49,0,19785,1,83,362
46,05/09/2026 18:22,27,RESOURCE,20818,294514,819,51,0,19944,1,83,349
47,05/09/2026 18:22,27,RESOURCE,20869,210301,772,50,0,20042,2,84,369
48,05/09/2026 18:23,27,RESOURCE,20584,180720,779,51,0,19751,1,83,353
49,05/09/2026 18:23,27,RESOURCE,20629,186683,773,48,0,19804,2,83,372
50,05/09/2026 18:23,27,RESOURCE,21006,187250,771,48,0,20182,1,83,352
51,05/09/2026 18:24,27,RESOURCE,20775,186749,774,48,0,19949,1,83,363
52,05/09/2026 18:24,27,RESOURCE,20780,294377,775,48,0,19953,1,83,352
53,05/09/2026 18:24,27,RESOURCE,20886,286926,770,49,0,20064,1,83,355
54,05/09/2026 18:25,27,RESOURCE,20979,210455,793,62,0,20119,1,84,360
55,05/09/2026 18:25,27,RESOURCE,20679,281193,775,49,0,19852,1,83,332
56,05/09/2026 18:25,27,RESOURCE,20670,316292,770,51,0,19845,1,83,349
57,05/09/2026 18:26,27,RESOURCE,20899,203519,774,51,0,20070,2,84,354
58,05/09/2026 18:26,27,RESOURCE,21286,211108,767,49,0,20466,1,84,360
59,05/09/2026 18:26,27,RESOURCE,20726,187707,800,48,0,19875,1,83,354
60,05/09/2026 18:27,27,RESOURCE,22331,294836,766,48,0,21514,1,83,354
61,05/09/2026 18:27,27,RESOURCE,20792,288811,771,49,0,19969,1,83,356
62,05/09/2026 18:28,27,RESOURCE,20523,187772,770,48,0,19701,1,83,352
63,05/09/2026 18:28,27,RESOURCE,20845,187402,785,50,0,20007,1,83,359
64,05/09/2026 18:28,27,RESOURCE,20812,193437,800,47,0,19961,1,83,361
65,05/09/2026 18:29,27,RESOURCE,20849,302361,780,51,0,20015,1,83,353
66,05/09/2026 18:29,27,RESOURCE,20910,210313,775,50,0,20081,1,84,349
67,05/09/2026 18:29,27,RESOURCE,21128,227949,772,49,0,20304,1,83,355
68,05/09/2026 18:30,27,RESOURCE,20939,288681,780,54,0,20101,1,83,357
69,05/09/2026 18:30,27,RESOURCE,20855,228863,769,48,0,20034,1,83,350
70,05/09/2026 18:30,27,RESOURCE,20614,301841,774,48,0,19788,1,83,358
71,05/09/2026 18:31,27,RESOURCE,21051,294613,800,61,0,20187,1,83,347
72,05/09/2026 18:31,27,RESOURCE,20792,288280,772,49,0,19968,1,83,351
73,05/09/2026 18:31,27,RESOURCE,20947,229227,809,50,0,20085,1,84,348
74,05/09/2026 18:32,27,RESOURCE,20896,294963,789,60,0,20044,1,83,342
75,05/09/2026 18:32,27,RESOURCE,20981,188078,837,71,0,20070,1,83,352
76,05/09/2026 18:32,27,RESOURCE,20979,288982,842,51,0,20082,1,83,343
77,05/09/2026 18:33,27,RESOURCE,20750,294585,783,49,0,19914,1,83,353
78,05/09/2026 18:33,27,RESOURCE,21068,216831,771,52,0,20241,1,84,355
79,05/09/2026 18:33,27,RESOURCE,20497,24523,774,48,0,19671,1,83,352
80,05/09/2026 18:34,27,RESOURCE,20786,288895,780,51,0,19952,1,83,341
81,05/09/2026 18:34,27,RESOURCE,20729,194084,819,50,0,19856,1,83,354
82,05/09/2026 18:35,27,RESOURCE,20872,180299,788,54,0,20026,1,83,349
83,05/09/2026 18:35,27,RESOURCE,20698,17715,773,51,0,19871,1,83,357
84,05/09/2026 18:35,27,RESOURCE,21053,187771,785,61,0,20204,1,83,362
85,05/09/2026 18:36,27,RESOURCE,20765,193156,781,50,0,19931,1,83,348
86,05/09/2026 18:36,27,RESOURCE,20909,294226,773,50,0,20082,2,83,351
87,05/09/2026 18:36,27,RESOURCE,20785,187108,770,49,0,19963,1,83,353
88,05/09/2026 18:37,27,RESOURCE,20766,295327,772,48,0,19943,1,83,348
89,05/09/2026 18:37,27,RESOURCE,20818,288654,774,51,0,19990,1,83,360
90,05/09/2026 18:37,27,RESOURCE,20881,187700,771,49,0,20058,1,83,355
91,05/09/2026 18:38,27,RESOURCE,20668,180223,776,48,0,19841,1,83,350
92,05/09/2026 18:38,27,RESOURCE,20873,295148,776,49,0,20044,1,83,359
93,05/09/2026 18:38,27,RESOURCE,20717,173598,783,51,0,19879,1,83,338
94,05/09/2026 18:39,27,RESOURCE,21012,288493,786,59,0,20164,1,83,355
95,05/09/2026 18:39,27,RESOURCE,21110,288235,789,51,0,20265,2,83,357
96,05/09/2026 18:39,27,RESOURCE,21039,204119,781,50,0,20205,1,84,353
97,05/09/2026 18:40,27,RESOURCE,20873,294805,776,50,0,20045,1,83,348
98,05/09/2026 18:40,27,RESOURCE,20960,288981,769,48,0,20139,1,83,349
99,05/09/2026 18:41,27,RESOURCE,20707,309892,769,49,0,19886,1,83,348
100,05/09/2026 18:41,27,RESOURCE,20722,288427,772,48,0,19898,1,83,347
101,05/09/2026 18:41,27,RESOURCE,20781,288513,768,49,0,19960,1,83,358
102,05/09/2026 18:42,27,RESOURCE,20872,187714,780,51,0,20038,1,83,373
103,05/09/2026 18:42,27,RESOURCE,20951,302394,818,49,0,20081,1,83,344
104,05/09/2026 18:42,27,RESOURCE,21151,217218,784,51,0,20312,1,84,352
105,05/09/2026 18:43,27,RESOURCE,20584,187484,764,51,0,19766,1,83,357
106,05/09/2026 18:43,27,RESOURCE,20490,152921,769,51,0,19667,1,83,359
107,05/09/2026 18:43,27,RESOURCE,20816,288733,771,49,0,19993,1,83,353
108,05/09/2026 18:44,27,RESOURCE,20863,187699,768,51,0,20041,1,83,353
109,05/09/2026 18:44,27,RESOURCE,20851,209846,784,49,0,20015,1,84,345
110,05/09/2026 18:44,27,RESOURCE,20738,187340,791,49,0,19894,1,83,360
111,05/09/2026 18:45,27,RESOURCE,20776,193776,774,51,0,19948,1,83,339
112,05/09/2026 18:45,27,RESOURCE,20792,193693,776,51,0,19962,1,83,341
113,05/09/2026 18:45,27,RESOURCE,20475,30991,772,49,0,19650,1,83,351
114,05/09/2026 18:46,27,RESOURCE,21139,187502,832,62,0,20242,2,83,353
115,05/09/2026 18:46,27,RESOURCE,21297,295210,777,60,0,20456,2,83,362
116,05/09/2026 18:46,27,RESOURCE,20651,193771,766,51,0,19831,1,83,348
117,05/09/2026 18:47,27,RESOURCE,20642,282266,776,49,0,19814,1,83,347
118,05/09/2026 18:47,27,RESOURCE,20856,295236,770,49,0,20034,1,83,358
119,05/09/2026 18:48,27,RESOURCE,20862,186898,769,49,0,20041,1,83,356
120,05/09/2026 18:48,27,RESOURCE,21065,203913,795,62,0,20204,1,84,362
121,05/09/2026 18:48,27,RESOURCE,21076,187205,836,63,0,20174,1,83,343
122,05/09/2026 18:49,27,RESOURCE,20665,187435,769,51,0,19842,1,83,341
123,05/09/2026 18:49,27,RESOURCE,20814,193706,769,51,0,19990,1,83,354
124,05/09/2026 18:49,27,RESOURCE,21056,216654,823,61,0,20168,1,84,359
125,05/09/2026 18:50,27,RESOURCE,20964,193030,767,51,0,20143,2,83,373
126,05/09/2026 18:50,27,RESOURCE,20579,187389,774,49,0,19753,1,83,346
127,05/09/2026 18:50,27,RESOURCE,21025,210877,781,51,0,20189,1,84,360
128,05/09/2026 18:51,27,RESOURCE,20824,186565,771,51,0,19999,1,83,343
129,05/09/2026 18:51,27,RESOURCE,20181,139636,776,51,0,19350,2,83,351
130,05/09/2026 18:51,27,RESOURCE,20885,302431,772,49,0,20062,1,83,362
131,05/09/2026 18:52,27,RESOURCE,21054,315130,805,61,0,20185,1,83,348
132,05/09/2026 18:52,27,RESOURCE,21066,217050,807,61,0,20195,1,84,347
133,05/09/2026 18:52,27,RESOURCE,20904,295018,771,48,0,20081,2,83,368
134,05/09/2026 18:53,27,RESOURCE,20529,187305,774,49,0,19703,1,83,345
135,05/09/2026 18:53,27,RESOURCE,20645,186395,770,47,0,19825,1,83,352
136,05/09/2026 18:53,27,RESOURCE,20976,281161,771,51,0,20151,1,83,358
137,05/09/2026 18:54,27,RESOURCE,20902,223710,773,48,0,20078,2,84,356
138,05/09/2026 18:54,27,RESOURCE,20801,209829,772,51,0,19974,1,84,362
139,05/09/2026 18:55,27,RESOURCE,20851,289062,807,54,0,19986,1,83,350
140,05/09/2026 18:55,27,RESOURCE,20766,186944,823,59,0,19881,1,83,361
141,05/09/2026 18:55,27,RESOURCE,21012,186833,773,50,0,20185,1,83,354
142,05/09/2026 18:56,27,RESOURCE,20894,221812,773,51,0,20066,1,83,364
143,05/09/2026 18:56,27,RESOURCE,20741,235917,770,49,0,19918,1,83,343
144,05/09/2026 18:56,27,RESOURCE,20641,288514,772,50,0,19815,1,83,368
145,05/09/2026 18:57,27,RESOURCE,20846,216630,780,51,0,20012,1,84,365
146,05/09/2026 18:57,27,RESOURCE,20838,295009,779,52,0,20003,2,83,354
147,05/09/2026 18:57,27,RESOURCE,20801,288952,770,49,0,19979,1,83,346
148,05/09/2026 18:58,27,RESOURCE,20719,282279,772,49,0,19895,1,83,363
149,05/09/2026 18:58,27,RESOURCE,20789,130821,796,51,0,19939,1,82,346
150,05/09/2026 18:58,27,RESOURCE,21012,194018,829,59,0,20121,1,83,349
151,05/09/2026 18:59,27,RESOURCE,21125,210250,778,49,0,20294,2,84,365
152,05/09/2026 18:59,27,RESOURCE,20979,193203,776,50,0,20149,1,83,370
153,05/09/2026 18:59,27,RESOURCE,20809,316211,774,50,0,19981,1,83,334
154,05/09/2026 19:00,27,RESOURCE,20904,282467,766,61,0,20073,2,83,338
155,05/09/2026 19:00,27,RESOURCE,20946,288768,832,60,0,20050,1,83,358
156,05/09/2026 19:00,27,RESOURCE,20727,289401,785,52,0,19887,1,83,356
157,05/09/2026 19:01,27,RESOURCE,20696,139933,822,49,0,19822,2,83,347
158,05/09/2026 19:01,27,RESOURCE,20708,295304,759,48,0,19897,1,83,349
159,05/09/2026 19:02,27,RESOURCE,20876,194580,824,70,0,19978,1,83,350
160,05/09/2026 19:02,27,RESOURCE,20927,187114,836,74,0,20014,1,83,360
161,05/09/2026 19:02,27,RESOURCE,20798,187568,766,49,0,19980,1,83,351
162,05/09/2026 19:03,27,RESOURCE,20687,295112,787,49,0,19847,2,83,356
163,05/09/2026 19:03,27,RESOURCE,20980,288859,830,48,0,20099,1,83,344
164,05/09/2026 19:03,27,RESOURCE,20795,289185,767,48,0,19976,1,83,344
165,05/09/2026 19:04,27,RESOURCE,20723,282335,775,63,0,19881,1,83,350
166,05/09/2026 19:04,27,RESOURCE,20838,315293,780,65,0,19990,1,83,344
167,05/09/2026 19:04,27,RESOURCE,20760,204274,771,48,0,19938,1,84,369
168,05/09/2026 19:05,27,RESOURCE,20756,294648,776,50,0,19927,1,83,353
169,05/09/2026 19:05,27,RESOURCE,20674,287570,770,49,0,19851,1,83,348
170,05/09/2026 19:05,27,RESOURCE,20929,216494,791,51,0,20083,1,84,358
171,05/09/2026 19:06,27,RESOURCE,20722,187772,769,49,0,19900,1,83,351
172,05/09/2026 19:06,27,RESOURCE,20894,216896,774,48,0,20067,1,84,360
173,05/09/2026 19:06,27,RESOURCE,21024,287778,776,50,0,20194,2,83,359
174,05/09/2026 19:07,27,RESOURCE,20788,282127,779,51,0,19954,2,83,353
175,05/09/2026 19:07,27,RESOURCE,20657,193040,768,50,0,19835,1,83,347
176,05/09/2026 19:07,27,RESOURCE,20780,256364,771,50,0,19955,1,82,348
177,05/09/2026 19:08,27,RESOURCE,20931,296416,780,49,0,20098,1,83,350
178,05/09/2026 19:08,27,RESOURCE,20670,328052,774,50,0,19842,1,83,361
179,05/09/2026 19:09,27,RESOURCE,20638,188207,793,48,0,19793,1,83,355
180,05/09/2026 19:09,27,RESOURCE,20832,288970,772,49,0,20007,1,83,361
181,05/09/2026 19:09,27,RESOURCE,20708,194175,799,51,0,19855,1,83,354
182,05/09/2026 19:10,27,RESOURCE,20813,193281,773,50,0,19987,1,83,356
183,05/09/2026 19:10,27,RESOURCE,20762,281896,775,50,0,19934,1,83,353
184,05/09/2026 19:10,27,RESOURCE,20874,282552,773,49,0,20049,1,83,351
185,05/09/2026 19:11,27,RESOURCE,20633,289208,772,48,0,19809,1,83,351
186,05/09/2026 19:11,27,RESOURCE,20941,187411,770,51,0,20117,1,83,352
187,05/09/2026 19:11,27,RESOURCE,20743,256272,826,68,0,19846,1,82,339
188,05/09/2026 19:12,27,RESOURCE,20860,223595,774,48,0,20035,1,84,359
189,05/09/2026 19:12,27,RESOURCE,20977,210280,768,49,0,20158,1,84,353
190,05/09/2026 19:12,27,RESOURCE,20862,187596,774,50,0,20033,2,83,351
191,05/09/2026 19:13,27,RESOURCE,20850,187496,771,49,0,20026,2,83,356
192,05/09/2026 19:13,27,RESOURCE,20742,187204,784,49,0,19907,1,83,344
193,05/09/2026 19:13,27,RESOURCE,20945,187463,797,63,0,20081,1,83,360
194,05/09/2026 19:14,27,RESOURCE,21049,211041,773,62,0,20211,1,84,339
195,05/09/2026 19:14,27,RESOURCE,20813,186849,796,49,0,19965,1,83,348
196,05/09/2026 19:14,27,RESOURCE,20803,282779,777,51,0,19972,1,83,347
197,05/09/2026 19:15,27,RESOURCE,20782,288230,779,51,0,19949,1,83,346
198,05/09/2026 19:15,27,RESOURCE,20790,187502,771,49,0,19966,1,83,350
199,05/09/2026 19:16,27,RESOURCE,20821,217298,776,52,0,19991,1,84,354
200,05/09/2026 19:16,27,RESOURCE,20745,180881,776,48,0,19918,1,83,355
1,05/09/2026 19:16,36,RESOURCE,29733,284882,771,57,0,28902,1,95,736
2,05/09/2026 19:17,36,RESOURCE,29605,414070,768,55,0,28778,1,95,744
3,05/09/2026 19:17,36,RESOURCE,29881,413756,771,58,0,29049,1,95,734
4,05/09/2026 19:18,36,RESOURCE,29458,419997,773,58,0,28623,1,95,760
5,05/09/2026 19:18,36,RESOURCE,29741,381668,771,56,0,28911,1,95,745
6,05/09/2026 19:19,36,RESOURCE,29673,401184,781,56,0,28833,1,95,754
7,05/09/2026 19:19,36,RESOURCE,29502,285133,801,56,0,28642,1,95,748
8,05/09/2026 19:20,36,RESOURCE,29926,400967,802,68,0,29053,1,95,754
9,05/09/2026 19:20,36,RESOURCE,29470,265043,771,56,0,28639,1,95,741
10,05/09/2026 19:21,36,RESOURCE,29668,413771,774,57,0,28834,1,95,758
11,05/09/2026 19:21,36,RESOURCE,29585,413525,787,61,0,28733,1,95,721
12,05/09/2026 19:22,36,RESOURCE,29563,400888,775,55,0,28730,1,95,734
13,05/09/2026 19:22,36,RESOURCE,29558,375611,772,56,0,28725,1,95,745
14,05/09/2026 19:23,36,RESOURCE,29264,285326,770,58,0,28433,1,95,742
15,05/09/2026 19:23,36,RESOURCE,29587,285029,818,58,0,28708,1,96,746
16,05/09/2026 19:24,36,RESOURCE,29609,271624,774,59,0,28773,1,95,744
17,05/09/2026 19:24,36,RESOURCE,29565,285233,776,58,0,28727,1,95,728
18,05/09/2026 19:25,36,RESOURCE,29337,265234,794,75,0,28466,1,95,749
19,05/09/2026 19:25,36,RESOURCE,29529,387884,777,58,0,28690,1,95,754
20,05/09/2026 19:26,36,RESOURCE,29300,285229,779,58,0,28459,1,95,753
21,05/09/2026 19:26,36,RESOURCE,29620,285342,771,56,0,28790,1,95,738
22,05/09/2026 19:27,36,RESOURCE,29739,400944,773,63,0,28899,1,95,752
23,05/09/2026 19:27,36,RESOURCE,29421,278549,774,58,0,28585,1,95,738
24,05/09/2026 19:28,36,RESOURCE,29635,400922,770,58,0,28803,1,95,755
25,05/09/2026 19:28,36,RESOURCE,29912,400994,783,58,0,29067,1,95,755
26,05/09/2026 19:29,36,RESOURCE,29728,413656,772,58,0,28894,1,95,747
27,05/09/2026 19:29,36,RESOURCE,29599,413722,810,58,0,28728,1,95,763
28,05/09/2026 19:30,36,RESOURCE,29779,400768,779,56,0,28939,1,95,750
29,05/09/2026 19:30,36,RESOURCE,29582,413559,808,65,0,28705,1,95,739
30,05/09/2026 19:31,36,RESOURCE,29775,394607,789,74,0,28909,1,95,753
31,05/09/2026 19:31,36,RESOURCE,29491,265194,777,55,0,28655,1,95,747
32,05/09/2026 19:32,36,RESOURCE,29566,407331,767,56,0,28739,1,95,750
33,05/09/2026 19:32,36,RESOURCE,29777,381723,766,56,0,28951,1,95,753
34,05/09/2026 19:33,36,RESOURCE,29592,426407,771,57,0,28759,1,95,726
35,05/09/2026 19:33,36,RESOURCE,29495,413907,781,71,0,28639,1,95,755
36,05/09/2026 19:34,36,RESOURCE,29751,413698,834,77,0,28837,1,95,745
37,05/09/2026 19:34,36,RESOURCE,29609,407274,788,76,0,28742,1,95,752
38,05/09/2026 19:35,36,RESOURCE,29562,381863,782,58,0,28718,1,95,746
39,05/09/2026 19:35,36,RESOURCE,29845,285278,776,54,0,29011,1,95,759
40,05/09/2026 19:36,36,RESOURCE,29720,413607,813,58,0,28845,1,95,760
41,05/09/2026 19:36,36,RESOURCE,29662,284869,765,57,0,28836,1,95,753
42,05/09/2026 19:37,36,RESOURCE,29814,407382,826,75,1,28909,1,95,756
43,05/09/2026 19:37,36,RESOURCE,29626,413672,775,58,0,28789,1,95,730
44,05/09/2026 19:38,36,RESOURCE,30044,264988,781,56,0,29204,1,95,739
45,05/09/2026 19:38,36,RESOURCE,30012,291577,772,56,0,29181,1,95,766
46,05/09/2026 19:39,36,RESOURCE,29810,419762,774,57,0,28976,1,95,741
47,05/09/2026 19:39,36,RESOURCE,29641,413333,773,55,0,28810,1,95,741
48,05/09/2026 19:40,36,RESOURCE,29644,413664,795,59,0,28786,2,95,746
49,05/09/2026 19:40,36,RESOURCE,29670,400872,768,55,0,28844,1,95,739
50,05/09/2026 19:41,36,RESOURCE,29648,413559,781,58,0,28806,2,95,757
51,05/09/2026 19:41,36,RESOURCE,29480,413999,785,54,0,28637,1,95,747
52,05/09/2026 19:42,36,RESOURCE,29592,304448,778,58,0,28752,1,95,745
53,05/09/2026 19:42,36,RESOURCE,29639,413618,846,59,0,28730,1,95,743
54,05/09/2026 19:43,36,RESOURCE,29640,375491,846,71,0,28720,2,95,747
55,05/09/2026 19:43,36,RESOURCE,29797,407581,771,56,0,28967,1,95,744
56,05/09/2026 19:44,36,RESOURCE,29755,413682,772,58,0,28922,1,95,746
57,05/09/2026 19:44,36,RESOURCE,29655,407230,773,55,0,28823,1,95,760
58,05/09/2026 19:45,36,RESOURCE,29851,413495,774,58,0,29015,1,95,746
59,05/09/2026 19:45,36,RESOURCE,29428,565549,833,65,0,28526,1,94,741
60,05/09/2026 19:46,36,RESOURCE,29316,291773,776,58,0,28478,1,95,733
61,05/09/2026 19:46,36,RESOURCE,29461,284750,775,57,0,28625,1,95,749
62,05/09/2026 19:47,36,RESOURCE,29436,285116,796,72,0,28564,1,95,749
63,05/09/2026 19:47,36,RESOURCE,29453,298061,766,57,0,28626,1,95,743
64,05/09/2026 19:48,36,RESOURCE,29622,407355,786,55,0,28777,1,95,742
65,05/09/2026 19:48,36,RESOURCE,29507,265050,774,57,0,28671,1,95,752
66,05/09/2026 19:49,36,RESOURCE,29592,413585,775,55,0,28758,1,95,741
67,05/09/2026 19:49,36,RESOURCE,29641,401356,770,60,0,28807,1,95,737
68,05/09/2026 19:50,36,RESOURCE,29449,413657,843,70,0,28532,1,95,756
69,05/09/2026 19:50,36,RESOURCE,29716,285095,767,55,0,28891,1,95,747
70,05/09/2026 19:51,36,RESOURCE,29763,291147,775,55,0,28929,1,96,749
71,05/09/2026 19:51,36,RESOURCE,29632,291561,771,58,0,28800,1,95,753
72,05/09/2026 19:52,36,RESOURCE,29817,413860,771,56,0,28986,1,95,736
73,05/09/2026 19:52,36,RESOURCE,31010,413637,772,57,0,30177,1,95,743
74,05/09/2026 19:53,36,RESOURCE,29605,388124,780,58,0,28763,1,95,757
75,05/09/2026 19:53,36,RESOURCE,29530,265580,772,54,0,28701,1,96,762
76,05/09/2026 19:54,36,RESOURCE,29829,413830,773,58,0,28995,1,95,739
77,05/09/2026 19:54,36,RESOURCE,29762,265248,791,59,0,28909,1,95,751
78,05/09/2026 19:55,36,RESOURCE,29545,413921,772,56,0,28714,1,95,733
79,05/09/2026 19:55,36,RESOURCE,29715,413773,774,55,0,28882,1,95,732
80,05/09/2026 19:56,36,RESOURCE,29930,413651,852,56,0,29019,1,95,756
81,05/09/2026 19:56,36,RESOURCE,29555,401013,773,58,0,28721,1,95,750
82,05/09/2026 19:57,36,RESOURCE,29945,401171,771,56,0,29115,1,95,748
83,05/09/2026 19:57,36,RESOURCE,29509,476348,781,55,0,28669,1,94,733
84,05/09/2026 19:58,36,RESOURCE,29248,469532,778,56,0,28411,1,94,748
85,05/09/2026 19:58,36,RESOURCE,29372,395017,766,54,0,28548,1,95,746
86,05/09/2026 19:59,36,RESOURCE,29666,414030,810,58,0,28794,1,95,733
87,05/09/2026 19:59,36,RESOURCE,29738,284942,771,58,0,28906,1,95,748
88,05/09/2026 20:00,36,RESOURCE,29624,413596,771,57,0,28792,1,95,757
89,05/09/2026 20:00,36,RESOURCE,29807,388004,775,56,0,28973,2,95,738
90,05/09/2026 20:01,36,RESOURCE,29727,420031,770,55,0,28898,1,95,755
91,05/09/2026 20:01,36,RESOURCE,29736,401005,773,56,0,28904,1,95,740
92,05/09/2026 20:02,36,RESOURCE,29688,258918,785,56,0,28843,1,95,732
93,05/09/2026 20:02,36,RESOURCE,30207,252781,785,69,0,29350,1,96,752
94,05/09/2026 20:03,36,RESOURCE,29955,413485,778,73,0,29101,1,95,761
95,05/09/2026 20:03,36,RESOURCE,29600,401049,770,57,0,28770,1,95,739
96,05/09/2026 20:04,36,RESOURCE,29403,419898,790,56,0,28553,1,95,749
97,05/09/2026 20:04,36,RESOURCE,30044,265442,835,58,0,29148,1,96,751
98,05/09/2026 20:05,36,RESOURCE,29901,400658,805,74,0,29019,1,95,750
99,05/09/2026 20:05,36,RESOURCE,29686,419812,824,55,0,28803,1,95,754
100,05/09/2026 20:06,36,RESOURCE,29605,401161,800,67,0,28735,1,95,763
101,05/09/2026 20:06,36,RESOURCE,29661,407026,804,50,0,28804,1,95,731
102,05/09/2026 20:07,36,RESOURCE,29262,271730,770,57,0,28431,1,95,744
103,05/09/2026 20:07,36,RESOURCE,29683,407477,767,58,0,28855,1,95,752
104,05/09/2026 20:08,36,RESOURCE,29677,407211,773,56,0,28845,1,95,738
105,05/09/2026 20:08,36,RESOURCE,29880,407464,775,58,0,29044,1,95,766
106,05/09/2026 20:09,36,RESOURCE,29529,278562,771,57,0,28698,1,95,759
107,05/09/2026 20:09,36,RESOURCE,29645,381458,770,56,0,28816,1,95,752
108,05/09/2026 20:10,36,RESOURCE,29415,278137,767,56,0,28587,1,95,743
109,05/09/2026 20:10,36,RESOURCE,29622,419919,777,57,0,28785,1,95,757
110,05/09/2026 20:11,36,RESOURCE,29398,381442,769,56,0,28570,1,95,741
111,05/09/2026 20:11,36,RESOURCE,29756,459026,813,72,0,28868,1,95,745
112,05/09/2026 20:12,36,RESOURCE,29788,407282,772,57,0,28955,1,95,761
113,05/09/2026 20:12,36,RESOURCE,29568,419738,775,56,0,28733,1,95,760
114,05/09/2026 20:13,36,RESOURCE,29667,413442,769,54,0,28840,1,95,748
115,05/09/2026 20:13,36,RESOURCE,29744,420118,774,58,0,28908,1,95,727
116,05/09/2026 20:14,36,RESOURCE,30078,252580,774,57,0,29243,1,96,757
117,05/09/2026 20:14,36,RESOURCE,29421,420026,772,58,0,28587,1,95,745
118,05/09/2026 20:15,36,RESOURCE,29824,407158,775,57,0,28988,1,95,746
119,05/09/2026 20:15,36,RESOURCE,29573,394925,771,57,0,28741,1,95,749
120,05/09/2026 20:16,36,RESOURCE,29497,419949,768,58,0,28667,1,95,742
121,05/09/2026 20:16,36,RESOURCE,29584,426627,779,57,0,28744,1,95,738
122,05/09/2026 20:17,36,RESOURCE,29485,401102,774,56,0,28652,1,95,748
123,05/09/2026 20:17,36,RESOURCE,29528,413868,776,57,0,28692,1,95,757
124,05/09/2026 20:18,36,RESOURCE,29165,381515,793,58,0,28310,1,95,745
125,05/09/2026 20:18,36,RESOURCE,29673,407317,772,58,0,28840,1,95,755
126,05/09/2026 20:19,36,RESOURCE,29826,407451,774,58,0,28990,1,95,755
127,05/09/2026 20:19,36,RESOURCE,29904,400737,773,58,0,29069,2,95,730
128,05/09/2026 20:20,36,RESOURCE,29488,413752,775,55,0,28655,1,95,762
129,05/09/2026 20:20,36,RESOURCE,29727,285000,825,66,0,28832,1,96,740
130,05/09/2026 20:21,36,RESOURCE,29946,407310,770,53,0,29119,1,95,740
131,05/09/2026 20:21,36,RESOURCE,29652,420008,794,58,0,28796,1,95,743
132,05/09/2026 20:22,36,RESOURCE,29568,419909,805,77,0,28682,1,95,737
133,05/09/2026 20:22,36,RESOURCE,29384,381576,774,56,0,28551,1,95,734
134,05/09/2026 20:23,36,RESOURCE,29575,278810,838,69,0,28664,1,95,757
135,05/09/2026 20:23,36,RESOURCE,29830,420059,778,58,0,28991,1,95,749
136,05/09/2026 20:24,36,RESOURCE,29519,400674,768,55,0,28692,1,95,753
137,05/09/2026 20:24,36,RESOURCE,29542,381976,815,56,0,28667,1,95,742
138,05/09/2026 20:25,36,RESOURCE,29451,265136,773,55,0,28619,1,95,738
139,05/09/2026 20:25,36,RESOURCE,29882,413689,771,56,0,29052,1,95,744
140,05/09/2026 20:26,36,RESOURCE,29713,413653,778,56,0,28876,1,95,749
141,05/09/2026 20:26,36,RESOURCE,29675,420163,779,56,0,28837,1,95,752
142,05/09/2026 20:27,36,RESOURCE,29698,381424,771,57,0,28867,1,95,750
143,05/09/2026 20:27,36,RESOURCE,29607,407363,778,55,0,28770,1,95,742
144,05/09/2026 20:28,36,RESOURCE,29812,400633,772,55,0,28981,1,95,756
145,05/09/2026 20:28,36,RESOURCE,29679,285266,777,66,0,28832,1,95,738
146,05/09/2026 20:29,36,RESOURCE,29548,265179,772,58,0,28714,1,95,735
147,05/09/2026 20:29,36,RESOURCE,29905,381800,772,55,0,29074,1,95,727
148,05/09/2026 20:30,36,RESOURCE,29554,264994,790,79,0,28681,2,95,759
149,05/09/2026 20:30,36,RESOURCE,29594,420035,777,56,0,28757,1,95,752
150,05/09/2026 20:31,36,RESOURCE,30092,413451,778,59,0,29252,1,95,728
151,05/09/2026 20:31,36,RESOURCE,29460,407476,780,56,0,28621,1,95,745
152,05/09/2026 20:32,36,RESOURCE,29590,419790,823,70,0,28695,1,95,730
153,05/09/2026 20:32,36,RESOURCE,29670,413657,778,65,0,28823,1,95,746
154,05/09/2026 20:33,36,RESOURCE,29508,407611,780,56,0,28668,1,95,757
155,05/09/2026 20:33,36,RESOURCE,29511,278271,779,56,0,28673,1,95,754
156,05/09/2026 20:34,36,RESOURCE,29992,419970,771,61,0,29156,1,95,747
157,05/09/2026 20:34,36,RESOURCE,29627,407505,784,57,0,28782,1,95,724
158,05/09/2026 20:35,36,RESOURCE,29700,381682,778,56,0,28862,1,95,756
159,05/09/2026 20:35,36,RESOURCE,29483,413666,797,56,0,28626,1,95,750
160,05/09/2026 20:36,36,RESOURCE,29565,476247,768,56,0,28738,1,94,748
161,05/09/2026 20:36,36,RESOURCE,29676,407381,774,58,0,28840,1,95,751
162,05/09/2026 20:37,36,RESOURCE,29447,400922,768,56,0,28619,1,95,728
163,05/09/2026 20:37,36,RESOURCE,29269,413807,780,59,0,28427,1,95,737
164,05/09/2026 20:38,36,RESOURCE,29107,386171,773,64,0,28266,1,94,749
165,05/09/2026 20:38,36,RESOURCE,29266,419981,776,55,0,28431,1,95,743
166,05/09/2026 20:39,36,RESOURCE,29577,284874,772,56,0,28746,2,95,737
167,05/09/2026 20:39,36,RESOURCE,29440,271573,809,70,0,28558,1,95,740
168,05/09/2026 20:40,36,RESOURCE,29740,413678,767,57,0,28913,1,95,736
169,05/09/2026 20:40,36,RESOURCE,29688,407497,776,56,0,28852,1,95,751
170,05/09/2026 20:41,36,RESOURCE,29312,265162,776,58,0,28474,1,95,740
171,05/09/2026 20:41,36,RESOURCE,29263,420023,800,55,0,28404,1,95,758
172,05/09/2026 20:42,36,RESOURCE,29578,401059,765,52,0,28757,1,95,732
173,05/09/2026 20:42,36,RESOURCE,29356,413588,780,58,0,28515,1,95,739
174,05/09/2026 20:43,36,RESOURCE,29585,407222,772,57,0,28753,1,95,743
175,05/09/2026 20:43,36,RESOURCE,29807,413869,781,56,0,28968,1,95,761
176,05/09/2026 20:44,36,RESOURCE,29461,387875,769,57,0,28631,1,95,739
177,05/09/2026 20:44,36,RESOURCE,29667,291817,785,74,0,28805,1,95,757
178,05/09/2026 20:45,36,RESOURCE,29612,407399,767,57,0,28784,1,95,760
179,05/09/2026 20:45,36,RESOURCE,29674,413816,769,56,0,28845,1,95,754
180,05/09/2026 20:46,36,RESOURCE,29567,413946,773,55,0,28735,1,95,735
181,05/09/2026 20:46,36,RESOURCE,29512,413640,772,56,0,28681,1,95,738
182,05/09/2026 20:46,36,RESOURCE,29542,381645,773,58,0,28707,1,95,750
183,05/09/2026 20:47,36,RESOURCE,29643,407444,775,55,0,28809,1,95,747
184,05/09/2026 20:47,36,RESOURCE,29609,407413,835,75,0,28696,1,95,750
185,05/09/2026 20:48,36,RESOURCE,29794,413519,771,58,0,28962,1,95,761
186,05/09/2026 20:48,36,RESOURCE,29885,400910,770,56,0,29056,1,95,752
187,05/09/2026 20:49,36,RESOURCE,29724,394634,825,67,0,28828,1,95,735
188,05/09/2026 20:49,36,RESOURCE,29861,271680,808,70,0,28979,1,95,736
189,05/09/2026 20:50,36,RESOURCE,29542,413783,829,58,0,28652,1,95,739
190,05/09/2026 20:50,36,RESOURCE,29647,419874,771,56,0,28816,1,95,742
191,05/09/2026 20:51,36,RESOURCE,29494,298105,772,55,0,28664,1,95,744
192,05/09/2026 20:51,36,RESOURCE,29332,400887,852,73,0,28404,1,95,737
193,05/09/2026 20:52,36,RESOURCE,29651,476066,782,55,0,28811,1,94,746
194,05/09/2026 20:52,36,RESOURCE,29373,469951,796,55,0,28519,1,94,722
195,05/09/2026 20:53,36,RESOURCE,29383,413888,810,70,0,28500,1,95,732
196,05/09/2026 20:53,36,RESOURCE,29511,278831,778,55,0,28674,1,95,754
197,05/09/2026 20:54,36,RESOURCE,29545,387967,770,57,0,28714,1,95,748
198,05/09/2026 20:54,36,RESOURCE,30293,464914,798,70,0,29421,1,95,745
199,05/09/2026 20:55,36,RESOURCE,29499,400947,773,56,0,28667,1,95,753
200,05/09/2026 20:55,36,RESOURCE,29659,411411,774,55,0,28826,1,94,744
1,05/09/2026 20:57,45,RESOURCE,80056,447323,792,62,0,79199,1,213,2229
2,05/09/2026 20:58,45,RESOURCE,79328,359310,768,62,0,78495,1,213,2226
3,05/09/2026 20:59,45,RESOURCE,76725,333143,776,63,0,75883,1,213,2250
4,05/09/2026 21:01,45,RESOURCE,78392,289512,778,58,0,77551,1,213,2223
5,05/09/2026 21:02,45,RESOURCE,77116,322956,772,62,0,76279,1,213,2246
6,05/09/2026 21:03,45,RESOURCE,77076,329116,817,76,0,76179,1,213,2274
7,05/09/2026 21:05,45,RESOURCE,77909,392400,776,64,0,77065,2,213,2200
8,05/09/2026 21:06,45,RESOURCE,78420,283141,769,64,0,77583,1,213,2272
9,05/09/2026 21:07,45,RESOURCE,78518,289800,773,61,0,77681,1,213,2241
10,05/09/2026 21:09,45,RESOURCE,78732,464844,776,62,0,77890,2,213,2260
11,05/09/2026 21:10,45,RESOURCE,78470,301241,778,65,0,77624,1,213,2258
12,05/09/2026 21:11,45,RESOURCE,78616,302287,778,64,0,77770,1,213,2212
13,05/09/2026 21:13,45,RESOURCE,78745,483666,770,63,0,77908,1,213,2235
14,05/09/2026 21:14,45,RESOURCE,78247,302390,783,65,0,77396,1,213,2207
15,05/09/2026 21:15,45,RESOURCE,78583,466136,773,65,0,77742,2,213,2245
16,05/09/2026 21:16,45,RESOURCE,78177,296122,773,62,0,77339,2,213,2226
17,05/09/2026 21:18,45,RESOURCE,79496,506206,778,75,0,78639,1,213,2281
18,05/09/2026 21:19,45,RESOURCE,79905,377864,829,64,0,79008,1,212,2270
19,05/09/2026 21:20,45,RESOURCE,79200,358647,802,101,0,78294,1,215,2205
20,05/09/2026 21:22,45,RESOURCE,78542,339519,784,61,0,77693,1,213,2257
21,05/09/2026 21:23,45,RESOURCE,76950,510330,797,79,0,76071,1,214,2237
22,05/09/2026 21:24,45,RESOURCE,78191,465118,829,64,0,77294,1,213,2247
23,05/09/2026 21:26,45,RESOURCE,76848,503757,781,62,0,76002,1,214,2274
24,05/09/2026 21:27,45,RESOURCE,77292,347955,768,65,0,76456,1,213,2231
25,05/09/2026 21:28,45,RESOURCE,76945,366957,774,62,0,76105,1,213,2223
26,05/09/2026 21:30,45,RESOURCE,77592,341557,778,62,0,76748,1,213,2218
27,05/09/2026 21:31,45,RESOURCE,78442,340032,775,60,0,77604,1,213,2223
28,05/09/2026 21:32,45,RESOURCE,78814,464696,772,64,0,77975,1,213,2263
29,05/09/2026 21:33,45,RESOURCE,79072,290089,770,62,0,78237,1,213,2232
30,05/09/2026 21:35,45,RESOURCE,79675,296157,771,62,0,78839,1,213,2252
31,05/09/2026 21:36,45,RESOURCE,79290,250450,771,65,0,78450,1,215,2261
32,05/09/2026 21:37,45,RESOURCE,77172,470366,782,65,0,76322,1,213,2243
33,05/09/2026 21:39,45,RESOURCE,76699,333113,768,59,0,75869,1,213,2202
34,05/09/2026 21:40,45,RESOURCE,77169,339584,794,81,0,76290,1,213,2236
35,05/09/2026 21:41,45,RESOURCE,77467,295458,781,62,0,76621,1,213,2282
36,05/09/2026 21:43,45,RESOURCE,77939,458502,775,63,0,77098,1,213,2241
37,05/09/2026 21:44,45,RESOURCE,79634,288445,769,62,0,78800,1,213,2276
38,05/09/2026 21:45,45,RESOURCE,78591,289227,775,65,0,77748,1,213,2235
39,05/09/2026 21:47,45,RESOURCE,78268,296064,780,65,0,77420,1,213,2223
40,05/09/2026 21:48,45,RESOURCE,80773,326314,771,62,0,79937,1,215,2277
41,05/09/2026 21:49,45,RESOURCE,78211,301157,804,62,0,77341,2,213,2218
42,05/09/2026 21:51,45,RESOURCE,78418,483516,772,59,0,77584,1,213,2244
43,05/09/2026 21:52,45,RESOURCE,78120,403466,837,74,0,77205,1,213,2243
44,05/09/2026 21:53,45,RESOURCE,76693,509934,774,63,0,75851,1,212,2207
45,05/09/2026 21:54,45,RESOURCE,78866,367632,771,62,0,78029,1,213,2281
46,05/09/2026 21:56,45,RESOURCE,76618,289673,775,62,0,75778,1,212,2225
47,05/09/2026 21:57,45,RESOURCE,78559,490180,770,63,0,77723,1,212,2208
48,05/09/2026 21:58,45,RESOURCE,77237,347941,767,62,0,76405,1,213,2251
49,05/09/2026 22:00,45,RESOURCE,77404,476746,777,65,0,76558,1,213,2227
50,05/09/2026 22:01,45,RESOURCE,78249,335427,784,62,0,77399,1,213,2243
51,05/09/2026 22:02,45,RESOURCE,76960,346361,806,61,0,76089,1,213,2257
52,05/09/2026 22:04,45,RESOURCE,78025,495949,796,73,0,77152,1,212,2246
53,05/09/2026 22:05,45,RESOURCE,78467,458833,771,82,0,77611,1,213,2217
54,05/09/2026 22:06,45,RESOURCE,78330,415703,768,64,0,77494,2,213,2225
55,05/09/2026 22:07,45,RESOURCE,77850,231513,774,64,0,77009,1,213,2217
56,05/09/2026 22:09,45,RESOURCE,77944,348301,773,61,0,77106,1,213,2250
57,05/09/2026 22:10,45,RESOURCE,78011,296004,774,65,0,77169,1,213,2257
58,05/09/2026 22:11,45,RESOURCE,78002,333011,779,62,0,77157,1,213,2222
59,05/09/2026 22:13,45,RESOURCE,79161,333355,799,78,0,78281,1,213,2247
60,05/09/2026 22:14,45,RESOURCE,77699,282522,771,61,0,76862,1,215,2242
61,05/09/2026 22:15,45,RESOURCE,77154,294834,773,63,0,76315,1,213,2231
62,05/09/2026 22:17,45,RESOURCE,77837,478611,768,64,0,77001,2,212,2224
63,05/09/2026 22:18,45,RESOURCE,79192,322791,775,65,0,78348,1,213,2236
64,05/09/2026 22:19,45,RESOURCE,77009,243885,771,65,0,76169,2,215,2276
65,05/09/2026 22:20,45,RESOURCE,78571,434967,771,62,0,77735,1,213,2260
66,05/09/2026 22:22,45,RESOURCE,77641,302748,773,64,0,76800,1,215,2222
67,05/09/2026 22:23,45,RESOURCE,78640,328950,768,62,0,77806,1,213,2291
68,05/09/2026 22:24,45,RESOURCE,78224,212071,773,66,0,77382,1,213,2237
69,05/09/2026 22:26,45,RESOURCE,77331,476909,775,65,0,76487,1,213,2243
70,05/09/2026 22:27,45,RESOURCE,79009,489598,771,61,0,78174,2,213,2266
71,05/09/2026 22:28,45,RESOURCE,79849,521932,796,86,0,78964,1,212,2286
72,05/09/2026 22:30,45,RESOURCE,78310,497491,771,64,0,77471,1,212,2204
73,05/09/2026 22:31,45,RESOURCE,76991,403313,775,65,0,76148,1,213,2261
74,05/09/2026 22:32,45,RESOURCE,77064,341633,835,85,0,76140,1,213,2244
75,05/09/2026 22:34,45,RESOURCE,77639,307145,805,85,0,76745,1,213,2235
76,05/09/2026 22:35,45,RESOURCE,76966,352712,774,62,0,76126,2,213,2253
77,05/09/2026 22:36,45,RESOURCE,77157,320599,781,68,0,76305,1,215,2239
78,05/09/2026 22:37,45,RESOURCE,79947,404400,774,62,0,79108,1,213,2215
79,05/09/2026 22:39,45,RESOURCE,78667,339742,772,62,0,77829,1,213,2226
80,05/09/2026 22:40,45,RESOURCE,77318,250637,772,63,0,76479,1,215,2243
81,05/09/2026 22:41,45,RESOURCE,76974,422038,775,65,0,76130,1,213,2229
82,05/09/2026 22:43,45,RESOURCE,80521,296615,781,64,0,79673,1,213,2247
83,05/09/2026 22:44,45,RESOURCE,79092,390908,773,65,0,78250,2,213,2245
84,05/09/2026 22:45,45,RESOURCE,78128,327285,770,61,0,77294,1,213,2227
85,05/09/2026 22:47,45,RESOURCE,78254,289710,778,63,0,77409,1,213,2261
86,05/09/2026 22:48,45,RESOURCE,78274,333154,770,64,0,77437,1,213,2264
87,05/09/2026 22:49,45,RESOURCE,78154,483081,783,64,0,77304,1,213,2312
88,05/09/2026 22:51,45,RESOURCE,77338,328920,781,63,0,76491,1,213,2199
89,05/09/2026 22:52,45,RESOURCE,78627,345897,821,75,0,77727,1,215,2237
90,05/09/2026 22:53,45,RESOURCE,78349,256891,834,78,0,77433,1,215,2246
91,05/09/2026 22:54,45,RESOURCE,78849,403865,818,76,0,77952,2,213,2241
92,05/09/2026 22:56,45,RESOURCE,78942,327043,783,62,0,78093,1,215,2209
93,05/09/2026 22:57,45,RESOURCE,77342,301215,784,62,0,76493,1,213,2256
94,05/09/2026 22:58,45,RESOURCE,77874,516328,840,64,0,76966,1,214,2257
95,05/09/2026 23:00,45,RESOURCE,78676,416553,770,64,0,77838,1,213,2231
96,05/09/2026 23:01,45,RESOURCE,77817,333118,776,61,0,76976,1,213,2243
97,05/09/2026 23:02,45,RESOURCE,79826,339535,772,62,0,78989,1,213,2255
98,05/09/2026 23:04,45,RESOURCE,77288,483193,815,96,0,76373,1,213,2179
99,05/09/2026 23:05,45,RESOURCE,78371,326847,811,63,0,77493,1,213,2216
100,05/09/2026 23:06,45,RESOURCE,77583,428978,796,91,0,76692,1,213,2261
101,05/09/2026 23:08,45,RESOURCE,78649,489301,772,62,0,77812,2,213,2264
102,05/09/2026 23:09,45,RESOURCE,80356,282066,770,63,0,79520,1,215,2255
103,05/09/2026 23:10,45,RESOURCE,77811,294817,772,65,0,76970,1,213,2222
104,05/09/2026 23:12,45,RESOURCE,78161,289041,768,62,0,77328,1,212,2231
105,05/09/2026 23:13,45,RESOURCE,78934,302544,768,59,0,78103,1,213,2253
106,05/09/2026 23:14,45,RESOURCE,79370,522571,764,62,0,78540,1,212,2218
107,05/09/2026 23:15,45,RESOURCE,76951,358507,769,63,0,76116,1,215,2254
108,05/09/2026 23:17,45,RESOURCE,78595,409819,789,62,0,77741,1,213,2189
109,05/09/2026 23:18,45,RESOURCE,77554,458503,780,65,0,76705,1,213,2209
110,05/09/2026 23:19,45,RESOURCE,78138,429188,752,60,0,77323,1,213,2239
111,05/09/2026 23:21,45,RESOURCE,78428,435095,771,63,0,77591,1,213,2260
112,05/09/2026 23:22,45,RESOURCE,80358,390103,769,62,0,79524,1,212,2245
113,05/09/2026 23:23,45,RESOURCE,79801,339651,772,64,0,78961,1,213,2234
114,05/09/2026 23:25,45,RESOURCE,78774,460685,776,66,0,77929,1,213,2231
115,05/09/2026 23:26,45,RESOURCE,79606,332831,771,65,0,78767,1,215,2225
116,05/09/2026 23:27,45,RESOURCE,78269,326472,769,64,0,77433,2,215,2181
117,05/09/2026 23:29,45,RESOURCE,77577,483546,783,77,0,76713,1,213,2252
118,05/09/2026 23:30,45,RESOURCE,79054,302350,771,65,0,78214,1,213,2244
119,05/09/2026 23:31,45,RESOURCE,80590,454106,856,85,0,79646,2,213,2307
120,05/09/2026 23:33,45,RESOURCE,78075,289423,771,63,0,77238,1,213,2241
121,05/09/2026 23:34,45,RESOURCE,78257,326333,773,64,0,77416,1,215,2238
122,05/09/2026 23:35,45,RESOURCE,78635,429068,774,63,0,77795,2,213,2218
123,05/09/2026 23:37,45,RESOURCE,77308,333016,769,64,0,76472,1,213,2229
124,05/09/2026 23:38,45,RESOURCE,78065,522424,815,77,0,77169,1,212,2212
125,05/09/2026 23:39,45,RESOURCE,76775,328834,777,60,0,75934,1,213,2252
126,05/09/2026 23:40,45,RESOURCE,77457,473756,817,77,0,76559,1,214,2221
127,05/09/2026 23:42,45,RESOURCE,76688,332905,784,62,0,75839,1,215,2257
128,05/09/2026 23:43,45,RESOURCE,76742,329265,772,62,0,75904,1,213,2233
129,05/09/2026 23:44,45,RESOURCE,80816,348292,819,80,0,79914,1,213,2270
130,05/09/2026 23:46,45,RESOURCE,78350,212782,771,62,0,77513,1,215,2254
131,05/09/2026 23:47,45,RESOURCE,80137,322685,769,64,0,79300,1,213,2300
132,05/09/2026 23:48,45,RESOURCE,76795,296134,770,63,0,75959,1,213,2267
133,05/09/2026 23:50,45,RESOURCE,78588,359429,807,61,0,77716,1,213,2253
134,05/09/2026 23:51,45,RESOURCE,78115,295913,773,60,0,77278,2,213,2244
135,05/09/2026 23:52,45,RESOURCE,78571,422123,773,63,0,77732,1,213,2260
136,05/09/2026 23:54,45,RESOURCE,80122,390353,815,79,0,79224,1,212,2255
137,05/09/2026 23:55,45,RESOURCE,77718,354621,855,72,0,76788,1,213,2269
138,05/09/2026 23:56,45,RESOURCE,77909,515458,775,64,0,77067,1,212,2267
139,05/09/2026 23:57,45,RESOURCE,77999,396982,772,62,0,77162,1,212,2270
140,05/09/2026 23:59,45,RESOURCE,78927,516205,774,62,0,78087,2,214,2255
141,06/09/2026 00:00,45,RESOURCE,78479,483211,775,77,0,77624,2,213,2238
142,06/09/2026 00:01,45,RESOURCE,77076,294736,772,65,0,76236,1,213,2250
143,06/09/2026 00:03,45,RESOURCE,78451,352732,766,63,0,77619,1,213,2245
144,06/09/2026 00:04,45,RESOURCE,78151,323008,771,62,0,77314,1,213,2264
145,06/09/2026 00:05,45,RESOURCE,78575,333088,851,76,0,77644,1,213,2265
146,06/09/2026 00:07,45,RESOURCE,79898,409378,772,61,0,79061,1,212,2244
147,06/09/2026 00:08,45,RESOURCE,77297,225292,775,63,0,76455,1,215,2223
148,06/09/2026 00:09,45,RESOURCE,80743,296039,772,66,0,79902,1,213,2204
149,06/09/2026 00:11,45,RESOURCE,78798,429034,778,65,0,77952,2,213,2225
150,06/09/2026 00:12,45,RESOURCE,78027,460326,772,63,0,77189,1,213,2257
151,06/09/2026 00:13,45,RESOURCE,78450,296201,773,65,0,77608,2,213,2227
152,06/09/2026 00:15,45,RESOURCE,78326,391208,770,62,0,77490,1,213,2232
153,06/09/2026 00:16,45,RESOURCE,77184,477999,778,63,0,76340,1,212,2229
154,06/09/2026 00:17,45,RESOURCE,77309,447984,772,65,0,76469,1,213,2235
155,06/09/2026 00:18,45,RESOURCE,78316,422614,773,62,0,77478,2,212,2240
156,06/09/2026 00:20,45,RESOURCE,78573,328861,767,62,0,77739,1,213,2293
157,06/09/2026 00:21,45,RESOURCE,78087,477210,778,60,0,77245,2,213,2233
158,06/09/2026 00:22,45,RESOURCE,79258,288532,773,62,0,78420,1,213,2280
159,06/09/2026 00:24,45,RESOURCE,78318,332691,782,63,0,77470,1,215,2233
160,06/09/2026 00:25,45,RESOURCE,79791,346615,777,67,0,78943,2,213,2235
161,06/09/2026 00:26,45,RESOURCE,76631,339607,767,65,0,75796,1,213,2205
162,06/09/2026 00:28,45,RESOURCE,79712,328783,780,64,0,78864,1,213,2257
163,06/09/2026 00:29,45,RESOURCE,79878,359684,772,55,0,79048,1,213,2236
164,06/09/2026 00:30,45,RESOURCE,78656,378552,771,62,0,77819,1,213,2243
165,06/09/2026 00:32,45,RESOURCE,79505,212700,823,76,0,78602,1,215,2258
166,06/09/2026 00:33,45,RESOURCE,78255,367166,778,64,0,77409,1,213,2240
167,06/09/2026 00:34,45,RESOURCE,78172,333139,800,62,0,77306,1,213,2266
168,06/09/2026 00:35,45,RESOURCE,78104,339525,801,64,0,77235,1,213,2219
169,06/09/2026 00:37,45,RESOURCE,78271,219048,780,64,0,77423,1,215,2290
170,06/09/2026 00:38,45,RESOURCE,78727,347584,767,60,0,77895,1,213,2246
171,06/09/2026 00:39,45,RESOURCE,78564,495839,790,65,0,77704,1,213,2192
172,06/09/2026 00:41,45,RESOURCE,78862,495699,817,74,0,77967,1,213,2257
173,06/09/2026 00:42,45,RESOURCE,76776,333183,789,58,0,75925,1,213,2225
174,06/09/2026 00:43,45,RESOURCE,77955,307558,776,62,0,77112,1,213,2237
175,06/09/2026 00:45,45,RESOURCE,79554,354447,772,63,0,78716,2,213,2269
176,06/09/2026 00:46,45,RESOURCE,79633,364843,795,76,0,78758,1,215,2240
177,06/09/2026 00:47,45,RESOURCE,78158,522297,774,63,0,77317,1,214,2248
178,06/09/2026 00:49,45,RESOURCE,76844,458515,797,81,0,75962,1,213,2223
179,06/09/2026 00:50,45,RESOURCE,78464,295908,782,64,0,77615,1,213,2254
180,06/09/2026 00:51,45,RESOURCE,80023,295861,776,65,0,79179,1,213,2240
181,06/09/2026 00:53,45,RESOURCE,78143,332966,774,68,0,77297,1,213,2258
182,06/09/2026 00:54,45,RESOURCE,76945,397453,771,64,0,76106,1,213,2230
183,06/09/2026 00:55,45,RESOURCE,78383,290044,767,61,0,77552,1,213,2285
184,06/09/2026 00:56,45,RESOURCE,78440,333244,770,64,0,77602,1,213,2282
185,06/09/2026 00:58,45,RESOURCE,77679,295016,770,61,0,76844,1,213,2233
186,06/09/2026 00:59,45,RESOURCE,78001,339529,771,72,0,77155,1,213,2254
187,06/09/2026 01:00,45,RESOURCE,76977,231200,774,65,0,76135,1,215,2234
188,06/09/2026 01:02,45,RESOURCE,80248,302467,794,63,0,79388,1,213,2219
189,06/09/2026 01:03,45,RESOURCE,78824,490393,777,63,0,77980,2,213,2228
190,06/09/2026 01:04,45,RESOURCE,78989,289507,770,62,0,78153,1,213,2202
191,06/09/2026 01:06,45,RESOURCE,76750,288554,781,63,0,75903,1,213,2235
192,06/09/2026 01:07,45,RESOURCE,80282,453986,778,65,0,79437,1,213,2263
193,06/09/2026 01:08,45,RESOURCE,77012,326753,775,62,0,76172,1,213,2230
194,06/09/2026 01:10,45,RESOURCE,78495,295938,774,62,0,77655,1,213,2261
195,06/09/2026 01:11,45,RESOURCE,76589,340031,784,83,0,75719,2,213,2219
196,06/09/2026 01:12,45,RESOURCE,77787,354165,771,62,0,76950,2,213,2258
197,06/09/2026 01:13,45,RESOURCE,79550,269824,790,74,0,78682,1,215,2249
198,06/09/2026 01:15,45,RESOURCE,78670,341920,776,62,0,77829,1,213,2274
199,06/09/2026 01:16,45,RESOURCE,78246,320639,769,65,0,77409,1,215,2225
200,06/09/2026 01:17,45,RESOURCE,78000,458615,809,81,0,77107,1,213,2219
1,06/09/2026 01:19,54,RESOURCE,65335,425472,772,66,0,64493,2,185,1473
2,06/09/2026 01:20,54,RESOURCE,64935,722920,773,71,0,64088,1,184,1458
3,06/09/2026 01:21,54,RESOURCE,65145,431882,775,68,0,64299,2,185,1491
4,06/09/2026 01:22,54,RESOURCE,64528,716636,804,80,0,63639,1,184,1499
5,06/09/2026 01:23,54,RESOURCE,65013,425323,776,70,0,64163,2,186,1465
6,06/09/2026 01:24,54,RESOURCE,65122,418338,771,67,0,64280,2,186,1474
7,06/09/2026 01:25,54,RESOURCE,64729,425442,792,87,0,63847,2,185,1428
8,06/09/2026 01:26,54,RESOURCE,65172,431922,771,67,0,64331,2,185,1459
9,06/09/2026 01:27,54,RESOURCE,64441,729687,770,69,0,63599,1,184,1457
10,06/09/2026 01:28,54,RESOURCE,63587,655084,774,70,0,62739,1,185,1473
11,06/09/2026 01:29,54,RESOURCE,64298,729942,788,79,0,63428,2,184,1459
12,06/09/2026 01:30,54,RESOURCE,64938,663127,774,83,0,64078,1,186,1466
13,06/09/2026 01:32,54,RESOURCE,63675,654334,807,77,0,62787,2,183,1448
14,06/09/2026 01:33,54,RESOURCE,64769,425319,811,69,0,63885,2,185,1446
15,06/09/2026 01:34,54,RESOURCE,64747,412245,773,63,0,63907,2,185,1453
16,06/09/2026 01:35,54,RESOURCE,64875,431666,779,67,0,64025,2,185,1425
17,06/09/2026 01:36,54,RESOURCE,64801,668370,792,67,0,63938,1,185,1486
18,06/09/2026 01:37,54,RESOURCE,64359,654502,772,70,0,63513,1,185,1465
19,06/09/2026 01:38,54,RESOURCE,65508,716474,774,68,0,64663,1,184,1466
20,06/09/2026 01:39,54,RESOURCE,64864,425547,774,67,0,64019,2,185,1543
21,06/09/2026 01:40,54,RESOURCE,64100,701384,770,68,0,63258,1,184,1461
22,06/09/2026 01:41,54,RESOURCE,64700,418572,784,71,0,63842,1,185,1446
23,06/09/2026 01:42,54,RESOURCE,64773,648761,768,70,0,63931,1,185,1462
24,06/09/2026 01:43,54,RESOURCE,64146,425189,770,68,0,63304,1,185,1461
25,06/09/2026 01:45,54,RESOURCE,65127,708860,774,65,0,64285,2,184,1487
26,06/09/2026 01:46,54,RESOURCE,65073,729662,771,67,0,64232,2,184,1426
27,06/09/2026 01:47,54,RESOURCE,65060,451723,770,69,0,64218,2,185,1459
28,06/09/2026 01:48,54,RESOURCE,65309,432210,777,74,0,64454,2,185,1463
29,06/09/2026 01:49,54,RESOURCE,65095,425030,775,67,0,64250,2,185,1436
30,06/09/2026 01:50,54,RESOURCE,64876,418306,773,67,0,64033,1,186,1454
31,06/09/2026 01:51,54,RESOURCE,64950,412352,776,68,0,64103,2,185,1491
32,06/09/2026 01:52,54,RESOURCE,64198,432286,799,85,0,63310,1,185,1445
33,06/09/2026 01:53,54,RESOURCE,64874,696017,774,68,0,64028,1,186,1451
34,06/09/2026 01:54,54,RESOURCE,64727,418536,814,92,0,63818,2,186,1442
35,06/09/2026 01:55,54,RESOURCE,64996,425508,769,68,0,64154,2,185,1463
36,06/09/2026 01:56,54,RESOURCE,65067,655167,776,69,0,64218,2,185,1536
37,06/09/2026 01:58,54,RESOURCE,64924,716125,778,78,0,64063,2,184,1444
38,06/09/2026 01:59,54,RESOURCE,64709,715753,768,71,0,63866,2,184,1415
39,06/09/2026 02:00,54,RESOURCE,65299,723221,824,78,0,64394,1,184,1467
40,06/09/2026 02:01,54,RESOURCE,63874,655237,798,85,0,62987,2,185,1468
41,06/09/2026 02:02,54,RESOURCE,65391,425407,775,69,0,64543,2,185,1544
42,06/09/2026 02:03,54,RESOURCE,64698,431801,767,68,0,63859,2,185,1450
43,06/09/2026 02:04,54,RESOURCE,64850,425204,773,68,0,64005,2,185,1448
44,06/09/2026 02:05,54,RESOURCE,64916,458281,772,70,0,64070,2,185,1487
45,06/09/2026 02:06,54,RESOURCE,63684,425546,770,68,0,62843,1,185,1452
46,06/09/2026 02:07,54,RESOURCE,64586,714737,782,71,0,63729,2,185,1472
47,06/09/2026 02:08,54,RESOURCE,64888,709504,773,69,0,64042,2,184,1424
48,06/09/2026 02:09,54,RESOURCE,65387,722731,829,75,0,64479,2,184,1462
49,06/09/2026 02:11,54,RESOURCE,65214,648582,770,68,0,64373,2,185,1465
50,06/09/2026 02:12,54,RESOURCE,64991,710076,803,79,0,64105,1,184,1479
51,06/09/2026 02:13,54,RESOURCE,64938,418367,767,63,0,64104,2,185,1456
52,06/09/2026 02:14,54,RESOURCE,63650,729937,777,70,0,62799,1,184,1492
53,06/09/2026 02:15,54,RESOURCE,65201,418660,771,66,0,64360,2,185,1464
54,06/09/2026 02:16,54,RESOURCE,65151,425120,791,70,0,64286,2,185,1455
55,06/09/2026 02:17,54,RESOURCE,65480,629285,780,86,0,64610,2,185,1457
56,06/09/2026 02:18,54,RESOURCE,65317,695285,780,68,0,64466,2,184,1463
57,06/09/2026 02:19,54,RESOURCE,64800,634960,770,67,0,63960,1,185,1455
58,06/09/2026 02:20,54,RESOURCE,65292,655102,774,68,0,64447,1,185,1452
59,06/09/2026 02:21,54,RESOURCE,64718,425376,770,69,0,63875,2,185,1478
60,06/09/2026 02:23,54,RESOURCE,64996,418645,771,69,0,64152,2,185,1457
61,06/09/2026 02:24,54,RESOURCE,64908,405401,771,70,0,64064,2,185,1468
62,06/09/2026 02:25,54,RESOURCE,64776,418616,773,69,0,63931,2,185,1521
63,06/09/2026 02:26,54,RESOURCE,64387,654960,773,66,0,63544,2,185,1472
64,06/09/2026 02:27,54,RESOURCE,65585,716004,775,80,0,64726,1,184,1420
65,06/09/2026 02:28,54,RESOURCE,64834,425042,775,70,0,63986,2,185,1481
66,06/09/2026 02:29,54,RESOURCE,65213,425675,773,68,0,64369,2,185,1489
67,06/09/2026 02:30,54,RESOURCE,64501,425731,767,68,0,63663,1,185,1461
68,06/09/2026 02:31,54,RESOURCE,65373,716189,772,67,0,64531,2,184,1487
69,06/09/2026 02:32,54,RESOURCE,64934,716215,779,69,0,64082,2,184,1437
70,06/09/2026 02:33,54,RESOURCE,65214,424968,773,68,0,64369,2,185,1472
71,06/09/2026 02:34,54,RESOURCE,64960,654863,771,62,0,64123,1,185,1454
72,06/09/2026 02:36,54,RESOURCE,64893,425638,776,67,0,64046,1,185,1483
73,06/09/2026 02:37,54,RESOURCE,64682,425176,771,68,0,63839,1,185,1483
74,06/09/2026 02:38,54,RESOURCE,64663,432574,825,97,0,63737,2,185,1452
75,06/09/2026 02:39,54,RESOURCE,65020,418496,807,68,0,64141,2,185,1466
76,06/09/2026 02:40,54,RESOURCE,64961,425224,772,67,0,64118,1,185,1449
77,06/09/2026 02:41,54,RESOURCE,64953,716483,789,86,0,64075,1,184,1450
78,06/09/2026 02:42,54,RESOURCE,65313,663140,819,70,0,64421,1,186,1529
79,06/09/2026 02:43,54,RESOURCE,64074,709540,775,69,0,63226,2,184,1483
80,06/09/2026 02:44,54,RESOURCE,64792,425178,782,101,0,63905,2,185,1441
81,06/09/2026 02:45,54,RESOURCE,64396,438500,777,70,0,63545,2,185,1488
82,06/09/2026 02:46,54,RESOURCE,64672,729022,776,67,0,63825,2,184,1441
83,06/09/2026 02:47,54,RESOURCE,65161,655399,779,68,0,64310,1,185,1505
84,06/09/2026 02:49,54,RESOURCE,64863,452353,773,69,0,64018,2,185,1467
85,06/09/2026 02:50,54,RESOURCE,64873,412300,836,69,0,63965,1,185,1455
86,06/09/2026 02:51,54,RESOURCE,64609,709458,781,69,0,63756,1,184,1434
87,06/09/2026 02:52,54,RESOURCE,64841,451683,771,68,0,63999,2,185,1477
88,06/09/2026 02:53,54,RESOURCE,65275,418688,794,69,0,64408,1,185,1482
89,06/09/2026 02:54,54,RESOURCE,64810,655072,767,67,0,63972,1,185,1481
90,06/09/2026 02:55,54,RESOURCE,64018,722032,771,70,0,63173,2,184,1441
91,06/09/2026 02:56,54,RESOURCE,64382,411735,771,71,0,63537,2,185,1442
92,06/09/2026 02:57,54,RESOURCE,64466,425263,770,67,0,63626,1,186,1464
93,06/09/2026 02:58,54,RESOURCE,64934,411589,772,64,0,64094,2,186,1456
94,06/09/2026 02:59,54,RESOURCE,65255,700391,771,67,0,64413,2,185,1459
95,06/09/2026 03:00,54,RESOURCE,63957,418046,775,70,0,63108,1,186,1465
96,06/09/2026 03:02,54,RESOURCE,64747,722935,779,69,0,63894,1,184,1467
97,06/09/2026 03:03,54,RESOURCE,65214,452010,780,69,0,64361,2,185,1456
98,06/09/2026 03:04,54,RESOURCE,64755,417637,793,67,0,63891,2,186,1451
99,06/09/2026 03:05,54,RESOURCE,64905,411924,774,70,0,64057,2,185,1460
100,06/09/2026 03:06,54,RESOURCE,65026,425714,768,67,0,64188,2,185,1486
101,06/09/2026 03:07,54,RESOURCE,64602,701510,771,69,0,63757,2,185,1478
102,06/09/2026 03:08,54,RESOURCE,64645,715877,782,94,0,63765,2,184,1437
103,06/09/2026 03:09,54,RESOURCE,64924,425668,851,84,0,63986,2,185,1484
104,06/09/2026 03:10,54,RESOURCE,64436,418519,769,67,0,63596,2,185,1474
105,06/09/2026 03:11,54,RESOURCE,64970,418268,782,67,0,64118,2,186,1453
106,06/09/2026 03:12,54,RESOURCE,64930,721541,789,92,0,64046,2,185,1453
107,06/09/2026 03:13,54,RESOURCE,65364,417854,772,70,0,64518,2,186,1450
108,06/09/2026 03:15,54,RESOURCE,64603,716085,774,67,0,63758,2,184,1442
109,06/09/2026 03:16,54,RESOURCE,64868,412130,794,67,0,64003,2,185,1478
110,06/09/2026 03:17,54,RESOURCE,64354,655414,768,67,0,63514,1,185,1442
111,06/09/2026 03:18,54,RESOURCE,64648,425100,784,77,0,63783,2,185,1470
112,06/09/2026 03:19,54,RESOURCE,64528,661213,769,68,0,63687,2,183,1457
113,06/09/2026 03:20,54,RESOURCE,65052,731128,768,68,0,64212,2,184,1488
114,06/09/2026 03:21,54,RESOURCE,64207,425186,773,73,0,63357,2,185,1441
115,06/09/2026 03:22,54,RESOURCE,65179,716579,771,68,0,64336,1,184,1480
116,06/09/2026 03:23,54,RESOURCE,65210,425039,774,67,0,64365,2,185,1457
117,06/09/2026 03:24,54,RESOURCE,65456,425296,841,84,0,64526,2,185,1482
118,06/09/2026 03:25,54,RESOURCE,64370,696272,794,95,0,63477,1,186,1483
119,06/09/2026 03:26,54,RESOURCE,65663,425140,772,70,0,64818,2,185,1463
120,06/09/2026 03:28,54,RESOURCE,65345,694885,774,68,0,64500,2,184,1438
121,06/09/2026 03:29,54,RESOURCE,65309,425107,774,71,0,64460,2,185,1460
122,06/09/2026 03:30,54,RESOURCE,64494,432231,823,70,0,63597,2,185,1481
123,06/09/2026 03:31,54,RESOURCE,65091,432661,773,67,0,64248,1,185,1460
124,06/09/2026 03:32,54,RESOURCE,65289,425686,774,67,0,64444,1,185,1470
125,06/09/2026 03:33,54,RESOURCE,64393,425330,827,80,0,63482,2,185,1464
126,06/09/2026 03:34,54,RESOURCE,64276,710061,778,70,0,63425,2,184,1448
127,06/09/2026 03:35,54,RESOURCE,64948,445005,767,69,0,64108,2,185,1470
128,06/09/2026 03:36,54,RESOURCE,65228,425135,779,91,0,64354,2,185,1449
129,06/09/2026 03:37,54,RESOURCE,64740,425312,779,69,0,63888,2,185,1426
130,06/09/2026 03:38,54,RESOURCE,65631,715959,797,71,0,64759,2,184,1492
131,06/09/2026 03:40,54,RESOURCE,65119,425075,775,69,0,64272,1,186,1477
132,06/09/2026 03:41,54,RESOURCE,64684,425172,772,70,0,63839,2,185,1470
133,06/09/2026 03:42,54,RESOURCE,65268,418518,770,67,0,64427,2,185,1456
134,06/09/2026 03:43,54,RESOURCE,64235,654983,768,70,0,63393,1,185,1467
135,06/09/2026 03:44,54,RESOURCE,65789,655247,790,70,0,64925,2,185,1508
136,06/09/2026 03:45,54,RESOURCE,65325,412290,829,90,0,64403,2,185,1468
137,06/09/2026 03:46,54,RESOURCE,64513,701233,765,72,0,63672,1,184,1476
138,06/09/2026 03:47,54,RESOURCE,64498,709955,781,67,0,63645,2,184,1450
139,06/09/2026 03:48,54,RESOURCE,65210,425110,776,67,0,64363,1,186,1470
140,06/09/2026 03:49,54,RESOURCE,64118,709724,768,70,0,63277,2,184,1460
141,06/09/2026 03:50,54,RESOURCE,64329,702863,793,82,0,63450,1,184,1477
142,06/09/2026 03:51,54,RESOURCE,64780,628868,806,70,0,63901,2,185,1451
143,06/09/2026 03:53,54,RESOURCE,64835,432052,773,67,0,63992,2,185,1442
144,06/09/2026 03:54,54,RESOURCE,64737,729156,775,79,0,63880,2,184,1431
145,06/09/2026 03:55,54,RESOURCE,64690,411840,774,71,0,63842,2,185,1453
146,06/09/2026 03:56,54,RESOURCE,64481,425389,789,88,0,63600,1,185,1472
147,06/09/2026 03:57,54,RESOURCE,65163,451449,772,68,0,64320,2,185,1472
148,06/09/2026 03:58,54,RESOURCE,65240,425675,828,80,0,64328,2,185,1457
149,06/09/2026 03:59,54,RESOURCE,65037,722788,774,68,0,64192,2,184,1454
150,06/09/2026 04:00,54,RESOURCE,64703,431822,768,67,0,63864,2,185,1452
151,06/09/2026 04:01,54,RESOURCE,65176,425454,841,87,0,64244,2,185,1459
152,06/09/2026 04:02,54,RESOURCE,64851,418496,774,68,0,64005,1,185,1442
153,06/09/2026 04:03,54,RESOURCE,65325,709727,773,67,0,64481,1,184,1434
154,06/09/2026 04:04,54,RESOURCE,65141,716984,773,69,0,64296,1,184,1468
155,06/09/2026 04:06,54,RESOURCE,64957,729528,819,103,0,64031,2,184,1431
156,06/09/2026 04:07,54,RESOURCE,64685,445649,806,75,0,63800,2,185,1473
157,06/09/2026 04:08,54,RESOURCE,64183,431850,766,67,0,63346,2,186,1484
158,06/09/2026 04:09,54,RESOURCE,65440,425284,770,67,0,64599,2,185,1503
159,06/09/2026 04:10,54,RESOURCE,64725,418404,773,67,0,63882,1,186,1504
160,06/09/2026 04:11,54,RESOURCE,64386,425313,801,68,0,63514,2,185,1467
161,06/09/2026 04:12,54,RESOURCE,64062,688549,814,96,0,63148,2,186,1447
162,06/09/2026 04:13,54,RESOURCE,65152,716307,770,69,0,64309,1,184,1486
163,06/09/2026 04:14,54,RESOURCE,65141,716934,775,70,0,64292,1,184,1435
164,06/09/2026 04:15,54,RESOURCE,64705,654598,770,67,0,63864,2,183,1444
165,06/09/2026 04:16,54,RESOURCE,65111,425274,768,68,0,64272,2,185,1456
166,06/09/2026 04:18,54,RESOURCE,65334,716716,774,70,0,64487,1,184,1453
167,06/09/2026 04:19,54,RESOURCE,64882,723028,772,70,0,64037,1,184,1449
168,06/09/2026 04:20,54,RESOURCE,64733,667685,810,88,0,63831,2,185,1427
169,06/09/2026 04:21,54,RESOURCE,65080,405625,766,70,0,64241,2,185,1463
170,06/09/2026 04:22,54,RESOURCE,65115,405694,842,89,0,64181,2,185,1486
171,06/09/2026 04:23,54,RESOURCE,64977,425381,775,70,0,64128,2,185,1477
172,06/09/2026 04:24,54,RESOURCE,65111,729193,776,70,0,64262,2,184,1433
173,06/09/2026 04:25,54,RESOURCE,65124,629026,769,66,0,64285,2,185,1475
174,06/09/2026 04:26,54,RESOURCE,65477,648908,843,85,0,64545,1,185,1497
175,06/09/2026 04:27,54,RESOURCE,65040,647909,771,70,0,64195,2,183,1475
176,06/09/2026 04:28,54,RESOURCE,64535,729679,789,70,0,63673,2,184,1463
177,06/09/2026 04:29,54,RESOURCE,65876,722926,770,87,0,65016,2,184,1444
178,06/09/2026 04:31,54,RESOURCE,65771,418818,772,67,0,64928,2,185,1464
179,06/09/2026 04:32,54,RESOURCE,65045,727329,766,67,0,64208,2,185,1479
180,06/09/2026 04:33,54,RESOURCE,64967,412258,774,69,0,64121,2,185,1464
181,06/09/2026 04:34,54,RESOURCE,65594,694414,787,88,0,64715,1,184,1494
182,06/09/2026 04:35,54,RESOURCE,65685,662267,817,96,0,64769,2,185,1441
183,06/09/2026 04:36,54,RESOURCE,65347,451104,769,71,0,64504,2,186,1568
184,06/09/2026 04:37,54,RESOURCE,64848,418541,770,73,0,64001,2,185,1476
185,06/09/2026 04:38,54,RESOURCE,64687,628955,775,70,0,63839,1,185,1462
186,06/09/2026 04:39,54,RESOURCE,65145,722756,772,69,0,64301,1,184,1474
187,06/09/2026 04:40,54,RESOURCE,65131,445310,841,71,0,64216,2,185,1467
188,06/09/2026 04:41,54,RESOURCE,64744,709810,772,67,0,63902,2,184,1498
189,06/09/2026 04:43,54,RESOURCE,64910,412347,817,93,0,63996,2,185,1475
190,06/09/2026 04:44,54,RESOURCE,64779,654733,771,67,0,63937,2,185,1436
191,06/09/2026 04:45,54,RESOURCE,64636,412356,771,68,0,63794,2,185,1510
192,06/09/2026 04:46,54,RESOURCE,65003,716279,772,68,0,64159,2,184,1450
193,06/09/2026 04:47,54,RESOURCE,65264,700996,773,67,0,64420,2,184,1419
194,06/09/2026 04:48,54,RESOURCE,64698,411852,781,69,0,63843,2,185,1448
195,06/09/2026 04:49,54,RESOURCE,65355,716073,779,70,0,64503,1,184,1457
196,06/09/2026 04:50,54,RESOURCE,65183,654742,769,70,0,64339,1,185,1453
197,06/09/2026 04:51,54,RESOURCE,65576,425325,774,67,0,64731,2,185,1445
198,06/09/2026 04:52,54,RESOURCE,65268,425573,779,67,0,64418,2,185,1449
199,06/09/2026 04:53,54,RESOURCE,65586,425597,774,70,0,64739,2,185,1456
200,06/09/2026 04:55,54,RESOURCE,64868,722460,805,70,0,63988,2,184,1447
1,06/09/2026 05:00,63,RESOURCE,301334,855399,769,74,0,300487,2,812,8023
2,06/09/2026 05:05,63,RESOURCE,303514,849924,771,83,0,302656,2,812,7796
3,06/09/2026 05:10,63,RESOURCE,304213,632605,831,91,0,303287,2,812,7836
4,06/09/2026 05:15,63,RESOURCE,306084,695600,772,72,0,305236,2,815,7661
5,06/09/2026 05:20,63,RESOURCE,303874,645091,794,90,0,302986,2,816,7702
6,06/09/2026 05:25,63,RESOURCE,298879,875293,773,73,0,298029,2,816,7896
7,06/09/2026 05:30,63,RESOURCE,302208,828709,773,71,0,301361,2,812,7939
8,06/09/2026 05:35,63,RESOURCE,304539,659330,790,73,0,303673,2,815,7953
9,06/09/2026 05:40,63,RESOURCE,303628,795184,774,74,0,302775,2,812,7534
10,06/09/2026 05:45,63,RESOURCE,304664,796515,773,73,0,303815,2,816,8188
11,06/09/2026 05:50,63,RESOURCE,304594,618634,773,74,0,303743,2,816,7804
12,06/09/2026 05:55,63,RESOURCE,301875,888251,821,89,0,300960,2,812,7791
13,06/09/2026 06:00,63,RESOURCE,293840,625386,772,72,0,292993,2,816,7832
14,06/09/2026 06:05,63,RESOURCE,305564,873070,772,76,0,304713,2,812,7876
15,06/09/2026 06:10,63,RESOURCE,306187,902309,773,75,0,305335,2,821,7690
16,06/09/2026 06:15,63,RESOURCE,303587,840005,777,75,0,302732,2,812,7637
17,06/09/2026 06:20,63,RESOURCE,296212,853628,772,72,0,295364,2,812,7687
18,06/09/2026 06:26,63,RESOURCE,304225,846997,780,73,0,303369,2,812,7892
19,06/09/2026 06:31,63,RESOURCE,304335,755616,773,72,0,303486,2,815,7753
20,06/09/2026 06:36,63,RESOURCE,302534,853743,785,72,0,301673,2,812,7659
21,06/09/2026 06:41,63,RESOURCE,303056,594918,781,71,0,302199,3,813,7804
22,06/09/2026 06:46,63,RESOURCE,301709,787125,782,71,0,300852,2,813,7771
23,06/09/2026 06:51,63,RESOURCE,301029,854488,772,74,0,300179,2,812,7776
24,06/09/2026 06:56,63,RESOURCE,300489,867389,800,73,0,299612,2,812,7721
25,06/09/2026 07:01,63,RESOURCE,300805,872617,810,74,0,299917,2,812,7754
26,06/09/2026 07:06,63,RESOURCE,304411,854909,771,75,0,303560,2,812,7707
27,06/09/2026 07:11,63,RESOURCE,304804,792616,772,71,0,303957,2,814,7612
28,06/09/2026 07:16,63,RESOURCE,300959,878809,768,69,0,300117,2,812,7688
29,06/09/2026 07:21,63,RESOURCE,305422,770039,773,72,0,304572,2,816,8197
30,06/09/2026 07:26,63,RESOURCE,302765,841945,765,74,0,301922,2,812,7683
31,06/09/2026 07:31,63,RESOURCE,305564,766008,769,74,0,304716,2,816,7497
32,06/09/2026 07:36,63,RESOURCE,303640,854204,842,97,0,302697,2,812,8127
33,06/09/2026 07:41,63,RESOURCE,304439,880501,768,76,0,303590,2,812,7855
34,06/09/2026 07:46,63,RESOURCE,304081,796017,774,75,0,303228,2,816,7685
35,06/09/2026 07:51,63,RESOURCE,301624,680751,797,73,0,300750,2,815,7735
36,06/09/2026 07:57,63,RESOURCE,305175,619199,768,74,0,304329,2,816,7771
37,06/09/2026 08:02,63,RESOURCE,304885,853971,809,75,0,303997,2,812,8025
38,06/09/2026 08:07,63,RESOURCE,299184,873721,830,75,0,298275,2,812,7550
39,06/09/2026 08:12,63,RESOURCE,302893,851704,774,76,0,302039,2,812,7887
40,06/09/2026 08:17,63,RESOURCE,304219,624467,772,72,0,303372,2,816,7875
41,06/09/2026 08:22,63,RESOURCE,304743,790855,773,105,0,303862,2,816,7803
42,06/09/2026 08:27,63,RESOURCE,302296,768692,769,72,0,301451,2,816,7919
43,06/09/2026 08:32,63,RESOURCE,302502,865606,773,75,0,301650,2,812,7866
44,06/09/2026 08:37,63,RESOURCE,301178,865846,769,71,0,300334,2,812,7772
45,06/09/2026 08:42,63,RESOURCE,301536,612321,773,75,0,300683,2,816,7859
46,06/09/2026 08:47,63,RESOURCE,304154,866998,810,93,0,303247,2,812,7745
47,06/09/2026 08:52,63,RESOURCE,304852,604842,836,73,0,303939,2,816,7754
48,06/09/2026 08:57,63,RESOURCE,300105,881744,772,72,0,299257,2,810,7808
49,06/09/2026 09:02,63,RESOURCE,301645,859960,774,74,0,300793,1,812,7870
50,06/09/2026 09:07,63,RESOURCE,302059,884783,767,74,0,301214,2,812,7823
51,06/09/2026 09:12,63,RESOURCE,299730,874477,777,74,0,298876,2,814,7865
52,06/09/2026 09:17,63,RESOURCE,298495,890575,769,74,0,297648,2,808,7641
53,06/09/2026 09:22,63,RESOURCE,302832,720837,770,74,0,301984,2,810,7811
54,06/09/2026 09:27,63,RESOURCE,301118,658734,781,72,0,300261,2,813,7694
55,06/09/2026 09:32,63,RESOURCE,302996,860143,770,74,0,302148,2,812,7834
56,06/09/2026 09:37,63,RESOURCE,302982,856445,771,73,0,302134,2,812,7560
57,06/09/2026 09:42,63,RESOURCE,301706,891897,773,73,0,300856,2,812,7904
58,06/09/2026 09:47,63,RESOURCE,301739,855363,768,75,0,300891,2,812,7673
59,06/09/2026 09:52,63,RESOURCE,301463,906716,772,76,0,300611,2,812,7757
60,06/09/2026 09:58,63,RESOURCE,303257,631664,773,75,0,302405,2,816,7759
61,06/09/2026 10:03,63,RESOURCE,303464,887694,784,97,0,302579,2,815,7702
62,06/09/2026 10:08,63,RESOURCE,302323,850126,780,102,0,301437,2,812,7573
63,06/09/2026 10:13,63,RESOURCE,304273,706216,780,74,0,303415,2,815,7605
64,06/09/2026 10:18,63,RESOURCE,305046,624473,771,74,0,304197,2,816,7728
65,06/09/2026 10:23,63,RESOURCE,298649,839944,783,75,0,297787,2,812,7638
66,06/09/2026 10:28,63,RESOURCE,302546,861514,773,74,0,301695,2,812,7775
67,06/09/2026 10:33,63,RESOURCE,300039,855427,768,65,0,299202,2,812,7823
68,06/09/2026 10:38,63,RESOURCE,302531,847645,773,72,0,301682,2,812,7740
69,06/09/2026 10:43,63,RESOURCE,301915,853456,779,85,0,301046,2,812,7685
70,06/09/2026 10:48,63,RESOURCE,303689,861736,772,72,0,302841,2,812,7611
71,06/09/2026 10:53,63,RESOURCE,305673,612236,796,92,0,304781,2,815,7631
72,06/09/2026 10:58,63,RESOURCE,299729,857701,774,72,0,298879,2,812,7629
73,06/09/2026 11:03,63,RESOURCE,299677,759242,814,74,0,298785,2,813,7895
74,06/09/2026 11:08,63,RESOURCE,297112,713080,774,90,0,296243,2,807,7577
75,06/09/2026 11:13,63,RESOURCE,296877,879686,793,74,0,296005,2,814,7812
76,06/09/2026 11:18,63,RESOURCE,302929,842213,774,73,0,302078,2,812,7657
77,06/09/2026 11:23,63,RESOURCE,301141,746010,773,72,0,300293,2,813,7623
78,06/09/2026 11:28,63,RESOURCE,299670,710589,787,72,0,298807,2,807,7631
79,06/09/2026 11:33,63,RESOURCE,300588,812946,776,84,0,299723,2,812,7742
80,06/09/2026 11:38,63,RESOURCE,305225,655050,795,74,0,304352,2,816,7727
81,06/09/2026 11:43,63,RESOURCE,304512,757712,813,85,0,303611,2,816,8148
82,06/09/2026 11:48,63,RESOURCE,305191,619450,810,86,0,304290,2,816,7863
83,06/09/2026 11:53,63,RESOURCE,304091,593680,775,72,0,303240,2,812,7652
84,06/09/2026 11:58,63,RESOURCE,303783,804749,773,75,0,302930,2,816,8134
85,06/09/2026 12:04,63,RESOURCE,304429,875767,771,69,0,303585,2,812,7774
86,06/09/2026 12:09,63,RESOURCE,299238,865137,774,72,0,298388,2,812,8154
87,06/09/2026 12:14,63,RESOURCE,302187,856212,781,77,0,301321,6,812,7918
88,06/09/2026 12:19,63,RESOURCE,305636,886613,772,73,0,304788,2,812,7787
89,06/09/2026 12:24,63,RESOURCE,304519,888544,772,74,0,303668,2,816,7692
90,06/09/2026 12:29,63,RESOURCE,303388,849605,772,72,0,302540,2,812,7809
91,06/09/2026 12:34,63,RESOURCE,303880,845473,849,77,0,302950,2,812,7589
92,06/09/2026 12:39,63,RESOURCE,301567,871299,773,72,0,300717,2,814,7642
93,06/09/2026 12:44,63,RESOURCE,303384,853665,862,90,0,302428,2,812,7633
94,06/09/2026 12:49,63,RESOURCE,305521,612959,773,76,0,304668,2,816,7740
95,06/09/2026 12:54,63,RESOURCE,303310,848103,776,73,0,302457,2,812,7682
96,06/09/2026 12:59,63,RESOURCE,305981,761382,771,73,0,305133,2,814,7774
97,06/09/2026 13:04,63,RESOURCE,304471,854430,788,84,0,303595,2,812,7580
98,06/09/2026 13:09,63,RESOURCE,304831,859334,816,91,0,303920,2,812,7611
99,06/09/2026 13:14,63,RESOURCE,304080,847783,773,75,0,303228,2,812,7656
100,06/09/2026 13:20,63,RESOURCE,302980,625265,784,119,0,302073,2,816,7832
101,06/09/2026 13:24,63,RESOURCE,294612,847217,767,72,0,293768,2,812,7629
102,06/09/2026 13:29,63,RESOURCE,301138,739224,784,86,0,300264,2,813,8043
103,06/09/2026 13:34,63,RESOURCE,301190,629145,780,93,0,300313,2,818,7681
104,06/09/2026 13:40,63,RESOURCE,304381,860202,810,106,0,303461,2,812,7857
105,06/09/2026 13:45,63,RESOURCE,299014,741954,771,75,0,298164,2,812,7631
106,06/09/2026 13:50,63,RESOURCE,300976,841154,795,87,0,300090,2,812,7847
107,06/09/2026 13:55,63,RESOURCE,303594,587634,778,73,0,302740,2,813,7752
108,06/09/2026 14:00,63,RESOURCE,303432,657616,799,87,0,302542,2,812,8170
109,06/09/2026 14:05,63,RESOURCE,302664,752231,772,69,0,301819,2,814,7788
110,06/09/2026 14:10,63,RESOURCE,299863,867035,766,73,0,299019,2,812,7728
111,06/09/2026 14:15,63,RESOURCE,303603,854224,775,97,0,302727,2,812,7609
112,06/09/2026 14:20,63,RESOURCE,303231,854103,773,69,0,302385,2,812,7623
113,06/09/2026 14:25,63,RESOURCE,293378,750479,771,83,0,292520,2,812,7811
114,06/09/2026 14:30,63,RESOURCE,303412,646699,835,91,0,302482,2,816,7697
115,06/09/2026 14:35,63,RESOURCE,303054,619388,836,91,0,302123,2,816,7343
116,06/09/2026 14:40,63,RESOURCE,299269,619591,781,86,0,298398,2,812,7751
117,06/09/2026 14:45,63,RESOURCE,302210,894125,790,75,0,301342,2,812,7672
118,06/09/2026 14:50,63,RESOURCE,302806,759201,771,75,0,301956,2,812,7886
119,06/09/2026 14:55,63,RESOURCE,303689,628017,789,74,0,302822,2,816,7683
120,06/09/2026 15:00,63,RESOURCE,300227,855123,786,75,0,299363,2,812,7731
121,06/09/2026 15:05,63,RESOURCE,306831,636377,778,94,0,305956,2,816,8044
122,06/09/2026 15:10,63,RESOURCE,304712,769787,789,99,0,303820,2,816,7839
123,06/09/2026 15:15,63,RESOURCE,306505,873055,776,75,0,305649,2,814,7820
124,06/09/2026 15:20,63,RESOURCE,303279,855174,773,75,0,302428,2,812,7795
125,06/09/2026 15:25,63,RESOURCE,302874,677842,784,73,0,302013,2,815,7658
126,06/09/2026 15:30,63,RESOURCE,299250,782406,778,83,0,298384,2,812,7676
127,06/09/2026 15:36,63,RESOURCE,302980,875597,773,73,0,302130,2,812,7958
128,06/09/2026 15:41,63,RESOURCE,301132,850407,772,72,0,300284,2,812,7873
129,06/09/2026 15:46,63,RESOURCE,299027,846990,769,75,0,298179,2,812,7791
130,06/09/2026 15:51,63,RESOURCE,303180,842551,831,96,0,302249,2,812,7860
131,06/09/2026 15:56,63,RESOURCE,300882,692350,773,73,0,300032,2,815,7677
132,06/09/2026 16:01,63,RESOURCE,304416,625934,774,73,0,303565,2,816,7627
133,06/09/2026 16:06,63,RESOURCE,304683,858616,767,73,0,303839,2,812,8025
134,06/09/2026 16:11,63,RESOURCE,303762,877304,775,75,0,302908,2,814,7610
135,06/09/2026 16:16,63,RESOURCE,299719,879255,851,98,0,298765,2,814,7806
136,06/09/2026 16:21,63,RESOURCE,301127,765513,796,108,0,300219,2,813,7716
137,06/09/2026 16:26,63,RESOURCE,295417,848032,797,102,0,294515,2,812,7688
138,06/09/2026 16:31,63,RESOURCE,305619,849826,771,75,0,304769,2,812,7848
139,06/09/2026 16:36,63,RESOURCE,301863,848797,772,78,0,301009,2,812,7788
140,06/09/2026 16:41,63,RESOURCE,302013,855066,769,72,0,301168,2,812,7674
141,06/09/2026 16:46,63,RESOURCE,296099,859906,811,100,0,295185,2,812,7737
142,06/09/2026 16:51,63,RESOURCE,301447,853279,788,72,0,300583,2,812,7639
143,06/09/2026 16:56,63,RESOURCE,299081,853590,768,74,0,298234,2,812,7800
144,06/09/2026 17:01,63,RESOURCE,302544,849878,781,72,0,301687,2,812,7759
145,06/09/2026 17:06,63,RESOURCE,302000,840488,772,73,0,301151,2,812,7637
146,06/09/2026 17:11,63,RESOURCE,305773,873842,773,75,0,304920,2,814,7724
147,06/09/2026 17:16,63,RESOURCE,303232,805633,770,69,0,302389,2,815,7839
148,06/09/2026 17:21,63,RESOURCE,295810,809560,773,73,0,294960,2,812,7871
149,06/09/2026 17:26,63,RESOURCE,301252,802704,776,73,0,300399,2,812,7570
150,06/09/2026 17:31,63,RESOURCE,301537,854900,774,73,0,300687,2,812,7646
151,06/09/2026 17:36,63,RESOURCE,299897,853727,766,72,0,299054,2,807,7840
152,06/09/2026 17:41,63,RESOURCE,301426,586134,772,74,0,300576,2,813,7577
153,06/09/2026 17:46,63,RESOURCE,298152,745617,834,73,0,297241,2,813,7738
154,06/09/2026 17:51,63,RESOURCE,295883,853556,773,100,0,295006,2,812,7679
155,06/09/2026 17:56,63,RESOURCE,301799,585472,779,73,0,300943,2,815,8068
156,06/09/2026 18:01,63,RESOURCE,301109,626221,772,73,0,300260,2,812,7718
157,06/09/2026 18:06,63,RESOURCE,297826,757445,771,77,0,296974,2,812,7578
158,06/09/2026 18:11,63,RESOURCE,300622,774186,768,74,0,299777,2,813,7405
159,06/09/2026 18:16,63,RESOURCE,300318,874505,772,74,0,299467,2,812,7722
160,06/09/2026 18:21,63,RESOURCE,298444,871655,769,73,0,297598,2,812,7642
161,06/09/2026 18:26,63,RESOURCE,304516,762865,772,84,0,303655,2,816,7587
162,06/09/2026 18:31,63,RESOURCE,301171,685687,777,74,0,300316,2,815,7803
163,06/09/2026 18:36,63,RESOURCE,301186,861136,769,72,0,300340,2,812,7910
164,06/09/2026 18:41,63,RESOURCE,299600,866032,774,72,0,298749,2,812,7590
165,06/09/2026 18:46,63,RESOURCE,300035,885582,821,72,0,299138,2,812,7725
166,06/09/2026 18:51,63,RESOURCE,299012,770504,777,72,0,298160,2,813,7851
167,06/09/2026 18:56,63,RESOURCE,300813,636543,772,72,0,299965,2,816,7716
168,06/09/2026 19:01,63,RESOURCE,303885,627806,769,75,0,303038,2,813,7729
169,06/09/2026 19:06,63,RESOURCE,304055,594210,782,74,0,303194,2,813,7650
170,06/09/2026 19:11,63,RESOURCE,305319,638249,772,73,0,304470,2,816,7852
171,06/09/2026 19:17,63,RESOURCE,302537,860872,772,73,0,301688,2,812,7773
172,06/09/2026 19:22,63,RESOURCE,304533,778138,779,75,0,303676,2,816,7804
173,06/09/2026 19:27,63,RESOURCE,303571,849057,769,75,0,302723,2,812,7659
174,06/09/2026 19:32,63,RESOURCE,302755,860363,834,75,0,301843,2,812,7664
175,06/09/2026 19:37,63,RESOURCE,305335,751303,770,75,0,304487,2,813,7886
176,06/09/2026 19:42,63,RESOURCE,303373,848557,771,74,0,302525,2,812,7817
177,06/09/2026 19:47,63,RESOURCE,301648,764178,771,74,0,300800,2,816,7725
178,06/09/2026 19:52,63,RESOURCE,297162,847632,768,74,0,296316,2,812,8013
179,06/09/2026 19:57,63,RESOURCE,303782,678272,789,73,0,302917,2,815,7736
180,06/09/2026 20:02,63,RESOURCE,300176,795849,769,74,0,299328,2,816,7783
181,06/09/2026 20:07,63,RESOURCE,299017,854994,770,72,0,298170,2,812,7336
182,06/09/2026 20:12,63,RESOURCE,305989,587484,771,74,0,305140,2,815,8090
183,06/09/2026 20:17,63,RESOURCE,300975,854586,771,75,0,300125,2,812,7617
184,06/09/2026 20:22,63,RESOURCE,298295,887132,771,74,0,297446,2,812,7887
185,06/09/2026 20:27,63,RESOURCE,300791,871287,773,73,0,299941,2,814,7632
186,06/09/2026 20:32,63,RESOURCE,302357,848816,775,75,0,301503,2,812,7656
187,06/09/2026 20:37,63,RESOURCE,300318,855163,772,87,0,299455,2,812,7679
188,06/09/2026 20:42,63,RESOURCE,296026,873750,770,73,0,295179,2,812,7895
189,06/09/2026 20:47,63,RESOURCE,303122,774541,772,76,0,302270,2,814,7863
190,06/09/2026 20:52,63,RESOURCE,306417,644272,774,75,0,305564,2,816,8192
191,06/09/2026 20:57,63,RESOURCE,301686,830098,772,72,0,300838,2,813,7847
192,06/09/2026 21:02,63,RESOURCE,302367,898955,772,70,0,301522,2,814,7698
193,06/09/2026 21:07,63,RESOURCE,299643,759992,776,74,0,298788,2,813,7896
194,06/09/2026 21:12,63,RESOURCE,304568,849309,770,74,0,303719,2,812,7878
195,06/09/2026 21:17,63,RESOURCE,299857,887572,801,73,0,298980,2,812,7643
196,06/09/2026 21:22,63,RESOURCE,305598,625110,771,75,0,304748,2,816,7718
197,06/09/2026 21:27,63,RESOURCE,302747,771685,769,75,0,301898,2,813,7836
198,06/09/2026 21:33,63,RESOURCE,303363,620258,777,76,0,302507,2,816,7712
199,06/09/2026 21:38,63,RESOURCE,304467,620684,768,72,0,303623,2,816,8198
200,06/09/2026 21:43,63,RESOURCE,302237,861409,768,72,0,301394,2,812,7661
1,06/09/2026 21:59,72,RESOURCE,956668,455434,774,79,0,955811,2,2748,26659
2,06/09/2026 22:14,72,RESOURCE,946224,664639,765,81,0,945374,2,2739,26835
3,06/09/2026 22:30,72,RESOURCE,950041,539823,777,98,0,949161,2,2747,26864
4,06/09/2026 22:46,72,RESOURCE,948502,384667,767,80,0,947650,2,2749,26875
5,06/09/2026 23:02,72,RESOURCE,943251,447509,774,89,0,942384,2,2748,26714
6,06/09/2026 23:18,72,RESOURCE,942060,382641,842,72,0,941142,2,2748,26691
7,06/09/2026 23:33,72,RESOURCE,954093,438877,771,73,0,953245,2,2744,26918
8,06/09/2026 23:49,72,RESOURCE,950553,511431,774,78,0,949697,2,2749,26740
9,07/09/2026 00:05,72,RESOURCE,946288,391184,776,79,0,945429,2,2748,27062
10,07/09/2026 00:21,72,RESOURCE,947270,461547,772,81,0,946413,2,2748,26899
11,07/09/2026 00:37,72,RESOURCE,954487,489993,803,78,0,953603,2,2748,27005
12,07/09/2026 00:53,72,RESOURCE,948589,402547,791,81,0,947713,2,2749,26743
13,07/09/2026 01:06,72,RESOURCE,809319,622695,771,81,0,808462,2,2488,23050
14,07/09/2026 01:22,72,RESOURCE,958709,657242,774,78,0,957853,2,2739,26671
15,07/09/2026 01:38,72,RESOURCE,949671,359948,772,81,0,948803,13,2745,26770
16,07/09/2026 01:54,72,RESOURCE,954283,423750,774,80,0,953425,2,2744,26688
17,07/09/2026 02:10,72,RESOURCE,953099,395818,771,78,0,952246,2,2749,26966
18,07/09/2026 02:25,72,RESOURCE,946029,449238,766,79,0,945180,2,2748,26694
19,07/09/2026 02:41,72,RESOURCE,955342,447887,774,79,0,954486,2,2748,27017
20,07/09/2026 02:57,72,RESOURCE,952321,673156,778,86,0,951453,2,2767,26822
21,07/09/2026 03:13,72,RESOURCE,949083,617263,773,78,0,948228,2,2747,26888
22,07/09/2026 03:29,72,RESOURCE,939210,410040,766,73,0,938367,2,2748,26718
23,07/09/2026 03:42,72,RESOURCE,819691,362246,767,78,0,818842,2,2492,23408
24,07/09/2026 03:58,72,RESOURCE,952048,564482,782,80,0,951182,2,2748,26971
25,07/09/2026 04:14,72,RESOURCE,958706,487828,789,80,0,957832,2,2748,27010
26,07/09/2026 04:30,72,RESOURCE,949673,454317,771,79,0,948819,2,2748,26860
27,07/09/2026 04:46,72,RESOURCE,951572,812029,767,81,0,950720,2,2748,26884
28,07/09/2026 05:02,72,RESOURCE,949953,495666,791,81,0,949078,2,2748,26845
29,07/09/2026 05:18,72,RESOURCE,956606,771619,788,103,0,955712,2,2748,26505
30,07/09/2026 05:34,72,RESOURCE,945188,606112,767,79,0,944338,2,2765,26740
31,07/09/2026 05:49,72,RESOURCE,944249,662048,769,81,0,943395,2,2747,26668
32,07/09/2026 06:05,72,RESOURCE,952919,528586,796,101,0,952018,2,2748,26911
33,07/09/2026 06:21,72,RESOURCE,954876,481750,783,81,0,954008,2,2748,26773
34,07/09/2026 06:37,72,RESOURCE,946117,533256,798,94,0,945221,2,2715,26981
35,07/09/2026 06:53,72,RESOURCE,958450,384100,793,81,0,957572,2,2749,26975
36,07/09/2026 07:08,72,RESOURCE,933805,439871,805,103,0,932894,2,2748,26852
37,07/09/2026 07:24,72,RESOURCE,948010,449911,774,80,0,947153,2,2748,26741
38,07/09/2026 07:40,72,RESOURCE,956515,420441,770,77,0,955664,2,2748,26694
39,07/09/2026 07:56,72,RESOURCE,947908,414138,809,82,0,947013,2,2749,26783
40,07/09/2026 08:12,72,RESOURCE,939935,415585,770,78,0,939082,2,2749,26915
41,07/09/2026 08:27,72,RESOURCE,944005,556757,807,80,0,943113,2,2748,26884
42,07/09/2026 08:43,72,RESOURCE,961558,702481,772,81,0,960701,2,2739,26736
43,07/09/2026 08:59,72,RESOURCE,953124,572033,777,72,0,952271,2,2748,26561
44,07/09/2026 09:15,72,RESOURCE,944314,480783,769,80,0,943461,2,2748,26857
45,07/09/2026 09:30,72,RESOURCE,924044,665253,774,80,0,923186,2,2747,26710
46,07/09/2026 09:46,72,RESOURCE,954796,461938,775,78,0,953939,2,2748,26801
47,07/09/2026 10:02,72,RESOURCE,954713,688377,773,81,0,953855,2,2739,26525
48,07/09/2026 10:18,72,RESOURCE,962241,736408,781,79,0,961377,2,2747,26799
49,07/09/2026 10:34,72,RESOURCE,951576,499088,782,71,0,950719,2,2748,26974
50,07/09/2026 10:50,72,RESOURCE,950598,699055,771,77,0,949746,2,2749,26662
51,07/09/2026 11:06,72,RESOURCE,943666,459112,804,94,0,942764,2,2748,26831
52,07/09/2026 11:22,72,RESOURCE,957570,642997,768,80,0,956718,2,2749,26925
53,07/09/2026 11:38,72,RESOURCE,948817,621827,771,81,0,947960,2,2728,26496
54,07/09/2026 11:53,72,RESOURCE,946301,516038,794,107,0,945396,2,2747,27021
55,07/09/2026 12:09,72,RESOURCE,957595,364621,774,84,0,956732,2,2745,26980
56,07/09/2026 12:25,72,RESOURCE,943687,526942,780,78,0,942826,2,2748,26892
57,07/09/2026 12:41,72,RESOURCE,939272,545464,768,72,0,938428,2,2748,26663
58,07/09/2026 12:56,72,RESOURCE,944518,419989,771,79,0,943664,2,2748,26780
59,07/09/2026 13:12,72,RESOURCE,953748,480990,838,81,0,952825,2,2748,26720
60,07/09/2026 13:28,72,RESOURCE,950857,382070,776,81,0,949996,2,2749,26742
61,07/09/2026 13:44,72,RESOURCE,953684,508655,769,80,0,952831,2,2748,26922
62,07/09/2026 14:00,72,RESOURCE,944937,369530,787,78,0,944068,2,2748,27124
63,07/09/2026 14:16,72,RESOURCE,955143,790152,775,74,0,954290,2,2747,26852
64,07/09/2026 14:32,72,RESOURCE,947910,630083,769,72,0,947065,2,2747,26691
65,07/09/2026 14:47,72,RESOURCE,953598,587652,771,81,0,952742,2,2748,26584
66,07/09/2026 15:03,72,RESOURCE,933087,356650,773,93,0,932216,3,2743,26806
67,07/09/2026 15:19,72,RESOURCE,953166,523888,772,74,0,952316,2,2748,26619
68,07/09/2026 15:35,72,RESOURCE,940992,530737,773,79,0,940135,2,2748,27007
69,07/09/2026 15:50,72,RESOURCE,948189,718723,770,77,0,947338,2,2765,26955
70,07/09/2026 16:06,72,RESOURCE,952462,401366,781,80,0,951597,2,2748,27075
71,07/09/2026 16:22,72,RESOURCE,928600,395810,787,108,0,927701,2,2745,27017
72,07/09/2026 16:37,72,RESOURCE,944910,384358,771,86,0,944049,2,2749,27055
73,07/09/2026 16:53,72,RESOURCE,959315,663740,771,84,0,958455,2,2747,27094
74,07/09/2026 17:09,72,RESOURCE,946133,491327,834,92,0,945202,2,2750,26708
75,07/09/2026 17:25,72,RESOURCE,958181,465404,771,80,0,957326,2,2745,26596
76,07/09/2026 17:41,72,RESOURCE,944078,518619,772,71,0,943231,2,2748,26712
77,07/09/2026 17:57,72,RESOURCE,952173,589659,796,81,0,951292,2,2747,26795
78,07/09/2026 18:13,72,RESOURCE,950110,537501,768,78,0,949260,2,2747,26895
79,07/09/2026 18:29,72,RESOURCE,954702,609162,777,78,0,953843,2,2748,26874
80,07/09/2026 18:44,72,RESOURCE,950666,575036,779,105,0,949779,2,2747,26759
81,07/09/2026 19:00,72,RESOURCE,961102,479257,770,80,0,960249,2,2744,26969
82,07/09/2026 19:16,72,RESOURCE,958206,488313,823,90,0,957289,2,2748,26698
83,07/09/2026 19:32,72,RESOURCE,954342,470170,775,81,0,953482,2,2748,26703
84,07/09/2026 19:48,72,RESOURCE,950907,557839,774,79,0,950051,2,2747,26808
85,07/09/2026 20:04,72,RESOURCE,948123,390314,771,81,0,947267,2,2745,26700
86,07/09/2026 20:20,72,RESOURCE,948646,637055,772,82,0,947788,2,2735,26802
87,07/09/2026 20:36,72,RESOURCE,959330,583082,800,73,0,958453,2,2747,27039
88,07/09/2026 20:52,72,RESOURCE,952884,536636,772,79,0,952029,2,2747,26993
89,07/09/2026 21:08,72,RESOURCE,948380,393472,763,80,0,947533,2,2748,26884
90,07/09/2026 21:23,72,RESOURCE,953649,382151,781,77,0,952787,2,2749,26800
91,07/09/2026 21:39,72,RESOURCE,946421,435824,772,79,0,945566,2,2749,26668
92,07/09/2026 21:55,72,RESOURCE,959199,665245,773,81,0,958341,2,2747,26731
93,07/09/2026 22:11,72,RESOURCE,951741,678352,773,81,0,950883,2,2747,26877
94,07/09/2026 22:27,72,RESOURCE,948562,388303,771,79,0,947707,2,2725,26538
95,07/09/2026 22:43,72,RESOURCE,956794,575387,791,78,0,955921,2,2745,26920
96,07/09/2026 22:59,72,RESOURCE,955584,794158,778,96,0,954705,2,2766,27049
97,07/09/2026 23:15,72,RESOURCE,955653,419322,771,72,0,954806,2,2748,26914
98,07/09/2026 23:31,72,RESOURCE,951572,654991,768,78,0,950722,2,2749,26968
99,07/09/2026 23:46,72,RESOURCE,953259,386638,770,77,0,952408,2,2748,26951
100,08/09/2026 00:02,72,RESOURCE,951580,421799,777,78,0,950721,2,2748,26810
101,08/09/2026 00:18,72,RESOURCE,953946,398312,768,78,0,953096,2,2748,26673
102,08/09/2026 00:34,72,RESOURCE,958086,476167,775,81,0,957226,2,2748,26875
103,08/09/2026 00:50,72,RESOURCE,949235,398382,851,104,0,948276,2,2748,26811
104,08/09/2026 01:06,72,RESOURCE,948166,690466,769,80,0,947313,2,2747,26924
105,08/09/2026 01:22,72,RESOURCE,948920,459874,771,72,0,948073,2,2748,26780
106,08/09/2026 01:38,72,RESOURCE,953003,494647,770,81,0,952148,2,2746,26994
107,08/09/2026 01:53,72,RESOURCE,946110,636136,787,71,0,945248,2,2747,26746
108,08/09/2026 02:09,72,RESOURCE,942408,751582,772,78,0,941553,2,2744,26843
109,08/09/2026 02:25,72,RESOURCE,953647,444386,772,80,0,952792,2,2749,26565
110,08/09/2026 02:41,72,RESOURCE,949609,526066,783,104,0,948718,2,2749,26836
111,08/09/2026 02:57,72,RESOURCE,951352,384055,765,72,0,950511,2,2749,26701
112,08/09/2026 03:12,72,RESOURCE,952537,676371,787,79,0,951667,2,2747,26967
113,08/09/2026 03:28,72,RESOURCE,949944,568098,821,101,0,949018,2,2766,27195
114,08/09/2026 03:44,72,RESOURCE,951622,650249,773,78,0,950767,2,2747,26802
115,08/09/2026 04:00,72,RESOURCE,936282,839423,770,70,0,935438,2,2743,26728
116,08/09/2026 04:15,72,RESOURCE,941262,677434,774,71,0,940413,2,2728,26808
117,08/09/2026 04:31,72,RESOURCE,953816,578102,774,78,0,952961,2,2747,26787
118,08/09/2026 04:45,72,RESOURCE,819460,844164,774,73,0,818609,2,2488,22655
119,08/09/2026 05:01,72,RESOURCE,945756,462254,769,81,0,944902,2,2749,26627
120,08/09/2026 05:17,72,RESOURCE,950376,580499,767,80,0,949524,2,2747,26621
121,08/09/2026 05:32,72,RESOURCE,951348,512580,772,78,0,950495,2,2748,26922
122,08/09/2026 05:48,72,RESOURCE,946314,642140,795,78,0,945437,2,2747,26709
123,08/09/2026 06:04,72,RESOURCE,952752,482976,774,79,0,951895,2,2748,26925
124,08/09/2026 06:20,72,RESOURCE,957483,500085,797,78,0,956604,2,2747,26661
125,08/09/2026 06:36,72,RESOURCE,949552,581511,787,95,0,948666,2,2747,26935
126,08/09/2026 06:52,72,RESOURCE,950841,374489,771,72,0,949993,2,2748,26806
127,08/09/2026 07:08,72,RESOURCE,956491,441946,783,99,0,955605,2,2747,26783
128,08/09/2026 07:23,72,RESOURCE,937707,713984,845,100,0,936758,2,2747,26752
129,08/09/2026 07:39,72,RESOURCE,952014,661239,774,81,0,951155,2,2766,26821
130,08/09/2026 07:55,72,RESOURCE,953919,378006,768,78,0,953069,2,2747,27163
131,08/09/2026 08:11,72,RESOURCE,954558,380032,782,79,0,953693,2,2748,26957
132,08/09/2026 08:27,72,RESOURCE,940114,645896,769,78,0,939262,2,2747,26781
133,08/09/2026 08:43,72,RESOURCE,955954,673207,771,73,0,955107,2,2768,26846
134,08/09/2026 08:59,72,RESOURCE,952147,435019,773,81,0,951290,2,2748,26694
135,08/09/2026 09:14,72,RESOURCE,940675,697222,770,72,0,939829,2,2748,26721
136,08/09/2026 09:30,72,RESOURCE,952632,679814,772,80,0,951776,2,2747,26911
137,08/09/2026 09:46,72,RESOURCE,942309,641946,787,84,0,941434,2,2747,27168
138,08/09/2026 10:00,72,RESOURCE,823176,351822,776,78,0,822318,2,2489,23471
139,08/09/2026 10:15,72,RESOURCE,954281,544166,769,80,0,953427,2,2749,26588
140,08/09/2026 10:31,72,RESOURCE,928424,408479,772,78,0,927570,2,2748,27083
141,08/09/2026 10:47,72,RESOURCE,948516,668001,775,81,0,947655,2,2747,26845
142,08/09/2026 11:03,72,RESOURCE,959363,428883,775,80,0,958504,2,2748,26900
143,08/09/2026 11:19,72,RESOURCE,957428,412456,771,81,0,956572,2,2748,27176
144,08/09/2026 11:35,72,RESOURCE,957211,399185,776,88,0,956343,2,2749,26920
145,08/09/2026 11:51,72,RESOURCE,952884,674266,849,96,0,951935,2,2748,26834
146,08/09/2026 12:06,72,RESOURCE,953978,401036,771,80,0,953122,2,2748,26829
147,08/09/2026 12:22,72,RESOURCE,956087,487592,788,91,0,955204,2,2749,26788
148,08/09/2026 12:38,72,RESOURCE,945055,831165,770,81,0,944201,2,2747,26713
149,08/09/2026 12:54,72,RESOURCE,942074,455808,771,73,0,941226,2,2748,26711
150,08/09/2026 13:10,72,RESOURCE,954042,394017,776,78,0,953184,2,2748,26935
151,08/09/2026 13:26,72,RESOURCE,946381,441539,770,81,0,945526,2,2723,26809
152,08/09/2026 13:41,72,RESOURCE,947434,632172,795,80,0,946555,2,2748,26847
153,08/09/2026 13:57,72,RESOURCE,950240,443395,770,82,0,949384,2,2748,26919
154,08/09/2026 14:13,72,RESOURCE,955787,473184,814,96,0,954873,2,2748,26827
155,08/09/2026 14:29,72,RESOURCE,951670,523625,810,89,0,950767,2,2747,26882
156,08/09/2026 14:45,72,RESOURCE,943246,348050,770,78,0,942394,2,2745,26947
157,08/09/2026 15:00,72,RESOURCE,941777,672042,779,81,0,940913,2,2729,26794
158,08/09/2026 15:16,72,RESOURCE,949633,580625,778,75,0,948775,2,2767,27123
159,08/09/2026 15:32,72,RESOURCE,952142,484233,781,80,0,951276,2,2748,26983
160,08/09/2026 15:48,72,RESOURCE,948996,606885,800,103,0,948090,2,2748,26932
161,08/09/2026 16:04,72,RESOURCE,935312,383046,770,82,0,934456,2,2749,26963
162,08/09/2026 16:19,72,RESOURCE,947282,681331,772,80,0,946426,2,2766,26680
163,08/09/2026 16:35,72,RESOURCE,951666,744321,771,81,0,950810,2,2748,26704
164,08/09/2026 16:51,72,RESOURCE,951306,628638,771,81,0,950451,2,2747,26584
165,08/09/2026 17:07,72,RESOURCE,939487,501401,772,81,0,938630,2,2749,26878
166,08/09/2026 17:23,72,RESOURCE,949194,399588,834,95,0,948260,2,2748,26894
167,08/09/2026 17:38,72,RESOURCE,948480,553227,785,78,0,947613,2,2744,26639
168,08/09/2026 17:54,72,RESOURCE,951641,476975,788,81,0,950768,2,2749,26658
169,08/09/2026 18:10,72,RESOURCE,955616,417676,771,77,0,954764,2,2745,26863
170,08/09/2026 18:26,72,RESOURCE,933194,694554,779,94,0,932318,2,2747,26687
171,08/09/2026 18:41,72,RESOURCE,949208,667984,780,78,0,948347,2,2747,26696
172,08/09/2026 18:58,72,RESOURCE,960827,418659,774,80,0,959969,2,2745,26571
173,08/09/2026 19:13,72,RESOURCE,956652,382861,768,82,0,955798,2,2748,26782
174,08/09/2026 19:29,72,RESOURCE,954108,450508,784,108,0,953213,2,2748,26896
175,08/09/2026 19:45,72,RESOURCE,952249,664026,769,74,0,951402,2,2767,26754
176,08/09/2026 20:01,72,RESOURCE,952060,408660,772,81,0,951202,2,2749,26874
177,08/09/2026 20:17,72,RESOURCE,957452,779801,800,86,0,956562,2,2766,27054
178,08/09/2026 20:33,72,RESOURCE,956818,490172,774,81,0,955958,2,2748,26831
179,08/09/2026 20:49,72,RESOURCE,934042,643165,765,78,0,933195,2,2748,26990
180,08/09/2026 21:04,72,RESOURCE,946806,532656,803,93,0,945905,2,2748,26859
181,08/09/2026 21:20,72,RESOURCE,952247,769221,773,70,0,951400,2,2747,26830
182,08/09/2026 21:36,72,RESOURCE,953584,395399,776,72,0,952731,2,2747,26889
183,08/09/2026 21:52,72,RESOURCE,951343,430406,771,71,0,950497,2,2748,26879
184,08/09/2026 22:08,72,RESOURCE,948233,525091,782,99,0,947348,2,2748,26761
185,08/09/2026 22:24,72,RESOURCE,945066,647778,776,81,0,944205,2,2747,26757
186,08/09/2026 22:39,72,RESOURCE,947852,688075,769,78,0,947001,2,2744,26651
187,08/09/2026 22:55,72,RESOURCE,951571,491615,773,80,0,950714,2,2749,26544
188,08/09/2026 23:11,72,RESOURCE,949254,386730,769,78,0,948403,2,2748,26719
189,08/09/2026 23:27,72,RESOURCE,946125,698111,829,100,0,945192,2,2747,26725
190,08/09/2026 23:43,72,RESOURCE,947285,577047,797,80,0,946404,2,2749,26650
191,08/09/2026 23:58,72,RESOURCE,945406,601546,770,81,0,944552,2,2747,26871
192,09/09/2026 00:14,72,RESOURCE,948632,655971,797,92,0,947738,2,2747,26639
193,09/09/2026 00:30,72,RESOURCE,952472,501234,768,77,0,951623,2,2749,26863
194,09/09/2026 00:46,72,RESOURCE,938806,391169,772,80,0,937950,2,2748,26920
195,09/09/2026 01:02,72,RESOURCE,950917,417372,838,79,0,949997,2,2747,27079
196,09/09/2026 01:17,72,RESOURCE,951777,445282,774,78,0,950921,2,2747,26910
197,09/09/2026 01:33,72,RESOURCE,948025,444734,773,93,0,947155,2,2748,26903
198,09/09/2026 01:49,72,RESOURCE,930419,375093,774,85,0,929555,2,2745,26985
199,09/09/2026 02:04,72,RESOURCE,931353,406506,766,81,0,930503,2,2748,26763
200,09/09/2026 02:20,72,RESOURCE,958384,408138,777,81,0,957522,2,2748,27023
